yaw_angle_raw,yaw_torque_raw,yaw_vel_motor,yaw_angle_imu,yaw_vel_imu,target_torque,target_velocity
3.04149,-0.00879097,-0.0329666,0.589223,-0.00366519,0,0
3.04139,-0.0146523,0.0109901,0.589223,-0.00890118,0,0
3.04139,-0.0146523,-0.0109901,0.589223,0.000523599,0,0
3.0413,-0.00879097,-0.0329666,0.589223,0.000523599,0,0
3.04139,-0.00293064,-0.0329666,0.589223,-0.00366519,0,0
3.04139,0.00293064,-0.0109901,0.589223,0.0015708,0,0
3.04149,-0.00293064,-0.0329666,0.589223,-0.000349066,0,0
3.04149,-0.00293064,-0.0329666,0.589223,0.000523599,0,0
3.0412,-0.00293064,0.0109901,0.589223,0.00366519,0,0
3.04139,-0.00879097,-0.0109901,0.589223,-0.0109956,0,0
3.04139,-0.00879097,-0.0109901,0.589223,0.000523599,0,0
3.04139,-0.0146523,-0.0329666,0.589223,0.00366519,0,0
3.04139,-0.00879097,-0.0109901,0.589223,-0.0015708,0,0
3.04139,-0.00879097,-0.0109901,0.589223,-0.002618,0,0
3.04139,-0.00879097,-0.0329666,0.589223,-0.00366519,0,0
3.0413,-0.00879097,-0.0109901,0.589223,-0.00575959,0,0
3.04139,-0.00879097,0.0109901,0.589223,-0.00471239,0,0
3.04139,-0.00293064,-0.0109901,0.589223,0.00680679,0,0
3.04149,-0.00293064,-0.0329666,0.589223,0.00680679,0,0
3.04139,-0.00879097,-0.0109901,0.589223,-0.00366519,0,0
3.04139,-0.0146523,-0.0109901,0.589223,-0.00890118,0,0
3.04149,-0.00879097,0.0109901,0.589223,-0.00680679,0,0
3.04139,-0.0146523,-0.0109901,0.589223,-0.0015708,0,0
3.04139,-0.00879097,-0.0329666,0.589223,0.002618,0,0
3.04139,-0.00879097,-0.0109901,0.589223,0.0015708,0,0
3.04159,-0.0146523,0.0109901,0.589223,0.002618,0,0
3.04139,-0.00293064,-0.0109901,0.589223,-0.002618,0,0
3.0413,-0.00293064,0.0109901,0.589223,0.0015708,0,0
3.04139,0.0146523,-0.0109901,0.589223,-0.00366519,0,0
3.04139,0.0146523,-0.0109901,0.589223,0.002618,0,0
3.04139,0.00293064,-0.0109901,0.589223,0.000523599,0,0
3.04139,0.00293064,-0.0109901,0.589223,-0.000349066,0,0
3.04139,-0.00293064,-0.0109901,0.589223,-0.0015708,0,0
3.04139,-0.00293064,-0.0329666,0.589223,-0.002618,0,0
3.04139,-0.0146523,0.0109901,0.589223,-0.00366519,0,0
3.04139,-0.00879097,-0.0329666,0.589223,-0.002618,0,0
3.04139,-0.00293064,-0.0329666,0.589223,0.002618,0,0
3.04139,-0.00879097,-0.0109901,0.589223,-0.000349066,0,0
3.04139,-0.00293064,0.0109901,0.589223,-0.00994838,0,0
3.0413,-0.00293064,0.0109901,0.589223,0.00785398,0,0
3.04159,-0.00293064,-0.0549469,0.589223,-0.00471239,0,0
3.04159,-0.00879097,-0.0109901,0.589223,-0.00366519,0,0
3.04149,-0.00879097,-0.0329666,0.589223,-0.00366519,0,0
3.04139,-0.0146523,0.0109901,0.589223,-0.002618,0,0
3.04149,-0.0146523,0.0109901,0.589223,0.0015708,0,0
3.04139,-0.0146523,-0.0109901,0.589223,0.000523599,0,0
3.04139,-0.0146523,-0.0109901,0.589223,-0.0015708,0,0
3.04139,-0.00879097,-0.0329666,0.589223,-0.00680679,0,0
3.04139,-0.00293064,-0.0109901,0.589223,-0.00366519,0,0
3.04149,-0.00293064,-0.0329666,0.589223,0.00680679,0,0
3.0413,-0.00293064,0.0329666,0.589223,0.00785398,0,0
3.04149,-0.00293064,0.0109901,0.589223,0.00785398,0,0
3.04149,-0.0146523,-0.0109901,0.589223,-0.00366519,0,0
3.04139,-0.0146523,-0.0109901,0.589223,0.0015708,0,0
3.04139,-0.00879097,-0.0109901,0.589223,0.002618,0,0
3.04149,-0.00879097,-0.0549469,0.589223,-0.00994838,0,0
3.04139,-0.00879097,-0.0109901,0.589223,-0.0015708,0,0
3.04139,-0.00293064,-0.0109901,0.589223,0.00575959,0,0
3.04159,0.00879097,-0.0329666,0.589223,-0.00890118,0,0
3.04139,0.00293064,-0.0109901,0.589223,-0.0122173,0,0
3.04139,-0.00293064,-0.0109901,0.589223,0.0015708,0,0
3.04139,-0.00879097,-0.0109901,0.589223,0.0132645,0,0
3.04139,-0.00293064,-0.0109901,0.589223,-0.00366519,0,0
3.04139,-0.00879097,-0.0329666,0.589223,-0.00890118,0,0
3.04139,-0.0146523,-0.0109901,0.589223,0.0015708,0,0
3.04139,-0.0146523,-0.0109901,0.589223,0.000523599,0,0
3.04139,-0.00879097,-0.0109901,0.589223,0.00680679,0,0
3.0413,-0.00293064,-0.0109901,0.589223,-0.00471239,0,0
3.04139,-0.00293064,-0.0109901,0.589223,-0.0015708,0,0
3.0413,-0.00293064,0.0109901,0.589223,0.00471239,0,0
3.04139,-0.00293064,-0.0109901,0.589223,-0.0015708,0,0
3.04139,-0.00879097,-0.0109901,0.589223,-0.0015708,0,0
3.04139,-0.00879097,-0.0109901,0.589223,-0.00366519,0,0
3.04139,-0.0146523,-0.0329666,0.589223,0.000523599,0,0
3.04139,-0.0146523,-0.0109901,0.589223,0.0015708,0,0
3.04139,-0.00879097,-0.0109901,0.589223,-0.0015708,0,0
3.04139,-0.00879097,0.0109901,0.589223,-0.000349066,0,0
3.04139,-0.00293064,0.0109901,0.589223,-0.000349066,0,0
3.04139,-0.00293064,-0.0109901,0.589223,-0.00366519,0,0
3.0413,-0.00293064,-0.0109901,0.589223,-0.002618,0,0
3.04149,-0.00293064,-0.0329666,0.589223,0.00366519,0,0
3.04139,-0.00293064,-0.0329666,0.589223,0.000523599,0,0
3.04139,-0.00879097,-0.0109901,0.589223,-0.002618,0,0
3.04139,-0.00879097,-0.0109901,0.589223,0.0015708,0,0
3.04149,-0.0146523,-0.0329666,0.589223,-0.0015708,0,0
3.0413,-0.0146523,-0.0109901,0.589223,-0.00366519,0,0
3.04139,-0.0146523,0.0109901,0.589223,0.002618,0,0
3.0413,-0.00293064,-0.0329666,0.589223,-0.002618,0,0
3.04139,-0.00293064,-0.0109901,0.589223,-0.0015708,0,0
3.04149,-0.00293064,-0.0329666,0.589223,0.00907572,0,0
3.0412,-0.00879097,0.0329666,0.589223,-0.000349066,0,0
3.04139,0.00293064,-0.0109901,0.589223,-0.00680679,0,0
3.04149,0.00879097,-0.0329666,0.589223,-0.00366519,0,0
3.04139,0.00293064,-0.0109901,0.589223,0.00471239,0,0
3.04149,-0.00293064,-0.0329666,0.589223,0.00575959,0,0
3.04139,-0.00293064,0.0109901,0.589223,0.00471239,0,0
3.0413,0.00293064,0.0109901,0.589223,0.00366519,0,0
3.04139,-0.00293064,-0.0549469,0.589223,0.0015708,0,0
3.04139,-0.00293064,0.0109901,0.589223,0.002618,0,0
3.0412,-0.0146523,0.0109901,0.589223,-0.00785398,0,0
3.04139,-0.00879097,-0.0109901,0.589223,-0.000349066,0,0
3.04149,-0.00879097,-0.0109901,0.589223,0.00471239,0,0
3.04139,-0.00879097,-0.0109901,0.589223,-0.0015708,0,0
3.04139,-0.00293064,-0.0329666,0.589223,-0.002618,0,0
3.04159,0.00293064,-0.0329666,0.589223,0.000523599,0,0
3.04159,0.00879097,-0.0329666,0.589223,0.002618,0,0
3.0412,-0.00293064,0.0109901,0.589223,-0.0015708,0,0
3.04139,0.00293064,-0.0329666,0.589223,0.002618,0,0
3.04149,-0.00879097,-0.0109901,0.589223,-0.0015708,0,0
3.04139,-0.00879097,-0.0109901,0.589223,0.002618,0,0
3.0412,-0.00879097,0.0109901,0.589223,0.00366519,0,0
3.04139,-0.00879097,-0.0329666,0.589223,-0.000349066,0,0
3.04159,-0.00879097,-0.0549469,0.589223,-0.00575959,0,0
3.04139,-0.00293064,0.0109901,0.589223,-0.00366519,0,0
3.04139,0.00879097,-0.0329666,0.589223,-0.00785398,0,0
3.0413,0.00293064,-0.0109901,0.589223,0.00471239,0,0
3.04139,-0.00293064,-0.0109901,0.589223,0.00471239,0,0
3.04139,0.00293064,-0.0329666,0.589223,0.00907572,0,0
3.04139,0.00293064,0.0109901,0.589223,0.00366519,0,0
3.04139,-0.00293064,-0.0109901,0.589223,-0.000349066,0,0
3.04139,-0.00293064,-0.0109901,0.589223,-0.00366519,0,0
3.04139,-0.00293064,-0.0109901,0.589223,-0.002618,0,0
3.04139,-0.00879097,-0.0109901,0.589223,-0.002618,0,0
3.0413,-0.00879097,-0.0109901,0.589223,-0.0015708,0,0
3.04139,-0.00879097,-0.0109901,0.589223,0.0015708,0,0
3.04139,-0.00879097,-0.0109901,0.589223,0.002618,0,0
3.0413,-0.00879097,-0.0109901,0.589223,0.002618,0,0
3.04139,-0.00293064,-0.0109901,0.589223,-0.00366519,0,0
3.04139,-0.00879097,-0.0329666,0.589223,-0.0015708,0,0
3.04139,-0.00879097,-0.0109901,0.589223,-0.00680679,0,0
3.04139,-0.00879097,-0.0109901,0.589223,0.000523599,0,0
3.04139,-0.00293064,0.0109901,0.589223,0.00471239,0,0
3.0413,-0.00879097,-0.0109901,0.589223,-0.002618,0,0
3.04139,-0.00879097,-0.0109901,0.589223,-0.00785398,0,0
3.04149,-0.00879097,0.0109901,0.589223,0.000523599,0,0
3.04139,-0.00293064,-0.0109901,0.589223,-0.000349066,0,0
3.0413,-0.00293064,-0.0109901,0.589223,0.00575959,0,0
3.0413,0.00293064,-0.0109901,0.589223,0.0101229,0,0
3.0413,0.00879097,-0.0109901,0.589223,-0.00366519,0,0
3.04139,0.00879097,0.0109901,0.589223,0.00366519,0,0
3.0413,0.00293064,-0.0109901,0.589223,0.000523599,0,0
3.04139,0.00293064,-0.0329666,0.589223,-0.000349066,0,0
3.04139,0.00879097,0.0109901,0.589223,0.00366519,0,0
3.04149,0.00879097,-0.0109901,0.589223,0.00471239,0,0
3.04139,0.00879097,-0.0109901,0.589223,-0.00575959,0,0
3.04139,0.00293064,-0.0109901,0.589223,-0.00680679,0,0
3.04149,0.00293064,-0.0329666,0.589223,-0.00785398,0,0
3.04139,-0.00879097,-0.0109901,0.589223,-0.00575959,0,0
3.04139,-0.0146523,-0.0109901,0.589223,0.00680679,0,0
3.04139,-0.0146523,-0.0329666,0.589223,0.00575959,0,0
3.0413,-0.0146523,0.0109901,0.589223,-0.00471239,0,0
3.04149,-0.00879097,-0.0329666,0.589223,-0.00575959,0,0
3.0413,-0.00879097,0.0109901,0.589223,0.002618,0,0
3.04139,-0.00293064,-0.0109901,0.589223,-0.00471239,0,0
3.04139,0.00293064,0.0109901,0.589223,0.0015708,0,0
3.04139,0.00879097,-0.0109901,0.589223,0.00575959,0,0
3.04139,0.00879097,-0.0109901,0.589223,0.000523599,0,0
3.04139,0.00293064,-0.0109901,0.589223,0.00471239,0,0
3.04139,0.00293064,-0.0329666,0.589223,-0.0015708,0,0
3.04139,0.00293064,-0.0109901,0.589223,0.0015708,0,0
3.04139,0.00293064,0.0109901,0.589223,0.00575959,0,0
3.04139,0.00293064,-0.0109901,0.589223,0.0015708,0,0
3.04139,-0.00879097,0.0109901,0.589223,-0.002618,0,0
3.04139,-0.00879097,-0.0329666,0.589223,0.00575959,0,0
3.04139,-0.00879097,-0.0109901,0.589223,-0.000349066,0,0
3.0413,-0.00879097,0.0109901,0.589223,0.00471239,0,0
3.04139,-0.00879097,0.0109901,0.589223,0.00785398,0,0
3.04149,-0.00879097,-0.0109901,0.589223,-0.0015708,0,0
3.0413,-0.00879097,0.0109901,0.589223,-0.0109956,0,0
3.04139,-0.00293064,-0.0549469,0.589223,-0.002618,0,0
3.04149,-0.00293064,-0.0329666,0.589223,0.002618,0,0
3.04139,-0.00293064,-0.0109901,0.589223,0.00680679,0,0
3.04139,-0.00293064,-0.0109901,0.589223,0.00785398,0,0
3.04139,-0.00879097,-0.0109901,0.589223,-0.0015708,0,0
3.04139,-0.00879097,-0.0109901,0.589223,0.00366519,0,0
3.04139,-0.00879097,0.0109901,0.589223,-0.002618,0,0
3.04139,-0.00879097,-0.0329666,0.589223,-0.000349066,0,0
3.04149,-0.00293064,-0.0109901,0.589223,0.00366519,0,0
3.04139,-0.00293064,-0.0109901,0.589223,0.0015708,0,0
3.0412,0.00293064,0.0109901,0.589223,-0.00890118,0,0
3.04139,-0.00293064,-0.0109901,0.589223,0.002618,0,0
3.04139,-0.00293064,0.0109901,0.589223,0.00366519,0,0
3.04139,-0.00879097,0.0109901,0.589223,-0.002618,0,0
3.04149,-0.00879097,-0.0329666,0.589223,0.00471239,0,0
3.04139,-0.00879097,-0.0109901,0.589223,0.00366519,0,0
3.04139,-0.0146523,-0.0109901,0.589223,0.000523599,0,0
3.04139,-0.00293064,-0.0109901,0.589223,-0.002618,0,0
3.04139,-0.00293064,-0.0109901,0.589223,-0.00575959,0,0
3.04149,-0.00293064,0.0109901,0.589223,0.0015708,0,0
3.04139,-0.00293064,-0.0329666,0.589223,-0.00785398,0,0
3.04139,-0.00879097,-0.0109901,0.589223,-0.000349066,0,0
3.04159,-0.00879097,-0.0109901,0.589223,0.00575959,0,0
3.04139,-0.00293064,0.0109901,0.589223,-0.0015708,0,0
3.04139,-0.00293064,-0.0109901,0.589223,-0.002618,0,0
3.04139,-0.00293064,-0.0109901,0.589223,-0.0015708,0,0
3.04139,-0.00879097,-0.0109901,0.589223,0.002618,0,0
3.04139,-0.0146523,-0.0109901,0.589223,-0.000349066,0,0
3.0413,-0.00879097,-0.0109901,0.589223,0.00471239,0,0
3.04139,-0.00879097,-0.0109901,0.589223,0.002618,0,0
3.04139,-0.00879097,-0.0109901,0.589223,-0.00575959,0,0
3.04139,0.00293064,-0.0329666,0.589223,-0.00680679,0,0
3.04149,0.00879097,-0.0109901,0.589223,-0.002618,0,0
3.04149,0.00879097,-0.0109901,0.589223,-0.000349066,0,0
3.04139,0.00293064,-0.0109901,0.589223,-0.00366519,0,0
3.04139,-0.00293064,-0.0109901,0.589223,-0.00471239,0,0
3.0413,-0.00879097,-0.0109901,0.589223,0.00785398,0,0
3.04139,-0.00879097,0.0109901,0.589223,0.0122173,0,0
3.04159,-0.00879097,-0.0109901,0.589223,-0.002618,0,0
3.04149,-0.00293064,-0.0329666,0.589223,-0.00785398,0,0
3.0413,-0.00879097,-0.0109901,0.589223,0.0015708,0,0
3.04139,-0.00293064,-0.0109901,0.589223,0.00680679,0,0
3.04139,-0.00293064,0.0109901,0.589223,-0.00785398,0,0
3.04139,0.00293064,-0.0109901,0.589223,-0.00366519,0,0
3.04139,-0.00293064,-0.0329666,0.589223,0.000523599,0,0
3.04139,-0.00293064,-0.0109901,0.589223,0.0015708,0,0
3.0413,-0.00293064,0.0329666,0.589223,-0.00366519,0,0
3.04139,-0.00879097,-0.0109901,0.589223,0.00471239,0,0
3.04139,-0.00293064,-0.0109901,0.589223,0.00575959,0,0
3.04139,-0.00879097,-0.0109901,0.589223,-0.00366519,0,0
3.04139,-0.0146523,-0.0329666,0.589223,-0.00471239,0,0
3.04149,-0.00879097,-0.0329666,0.589223,0.00907572,0,0
3.04139,-0.00879097,-0.0109901,0.589223,0.00680679,0,0
3.04139,-0.00879097,0.0109901,0.589223,0.000523599,0,0
3.04149,-0.00879097,-0.0329666,0.589223,-0.00680679,0,0
3.04149,-0.00879097,-0.0329666,0.589223,-0.002618,0,0
3.04149,0.00293064,-0.0109901,0.589223,-0.00366519,0,0
3.04159,0.00293064,-0.0109901,0.589223,-0.002618,0,0
3.04139,-0.00293064,-0.0109901,0.589223,0.002618,0,0
3.0413,-0.00293064,0.0109901,0.589223,0.00471239,0,0
3.04149,-0.00293064,-0.0109901,0.589223,0.00366519,0,0
3.04159,-0.0146523,-0.0329666,0.589223,0.002618,0,0
3.04139,-0.00879097,-0.0109901,0.589223,-0.0015708,0,0
3.0413,-0.00879097,-0.0109901,0.589223,-0.00575959,0,0
3.04139,-0.0146523,0.0109901,0.589223,-0.002618,0,0
3.04139,-0.00879097,-0.0109901,0.589223,0.00471239,0,0
3.04139,-0.00293064,0.0109901,0.589223,-0.000349066,0,0
3.04139,-0.00293064,0.0109901,0.589223,-0.00366519,0,0
3.04139,-0.00879097,0.0109901,0.589223,0.0015708,0,0
3.04149,-0.00293064,-0.0329666,0.589223,-0.002618,0,0
3.04139,0.00293064,0.0109901,0.589223,-0.00366519,0,0
3.0413,0.00293064,-0.0109901,0.589223,0.000523599,0,0
3.04149,-0.00879097,-0.0109901,0.589223,0.00575959,0,0
3.0413,-0.00879097,-0.0109901,0.589223,0.00366519,0,0
3.04139,-0.00879097,0.0109901,0.589223,-0.000349066,0,0
3.04149,-0.0146523,-0.0329666,0.589223,0.00680679,0,0
3.0413,-0.00879097,-0.0109901,0.589223,0.0132645,0,0
3.04159,-0.00879097,-0.0109901,0.589223,0.000523599,0,0
3.0413,-0.00879097,-0.0109901,0.589223,-0.00366519,0,0
3.04139,-0.00879097,-0.0109901,0.589223,0.000523599,0,0
3.04139,-0.00879097,-0.0109901,0.589223,-0.00785398,0,0
3.04149,-0.00293064,-0.0329666,0.589223,-0.000349066,0,0
3.04139,-0.00293064,-0.0109901,0.589223,0.0015708,0,0
3.04139,-0.00879097,0.0109901,0.589223,0.000523599,0,0
3.04139,-0.00879097,-0.0329666,0.589223,-0.002618,0,0
3.04139,-0.00293064,0.0109901,0.589223,0.0015708,0,0
3.04139,-0.00879097,0.0109901,0.589223,0.00471239,0,0
3.04139,-0.00293064,-0.0329666,0.589223,-0.002618,0,0
3.04139,-0.00293064,-0.0109901,0.589223,0.00366519,0,0
3.04139,0.00293064,0.0109901,0.589223,0.00366519,0,0
3.04139,0.00293064,-0.0329666,0.589223,0.00785398,0,0
3.04159,-0.00293064,-0.0329666,0.589223,0.00471239,0,0
3.04139,-0.00293064,-0.0109901,0.589223,-0.002618,0,0
3.04139,-0.00879097,-0.0329666,0.589223,-0.00366519,0,0
3.04139,-0.00879097,-0.0329666,0.589223,0.00575959,0,0
3.04139,-0.00879097,-0.0109901,0.589223,0.00471239,0,0
3.04139,-0.0146523,-0.0109901,0.589223,0.00366519,0,0
3.04139,-0.00879097,-0.0109901,0.589223,-0.000349066,0,0
3.04139,-0.0146523,-0.0109901,0.589223,0.002618,0,0
3.04139,-0.0146523,-0.0109901,0.589223,-0.0015708,0,0
3.04159,-0.00879097,-0.0329666,0.589223,-0.00785398,0,0
3.04159,-0.00293064,-0.0329666,0.589223,-0.00366519,0,0
3.04139,-0.00293064,-0.0109901,0.589223,0.00575959,0,0
3.04139,-0.00293064,-0.0109901,0.589223,0.000523599,0,0
3.04149,-0.00293064,0.0329666,0.589223,-0.00785398,0,0
3.04139,-0.00293064,-0.0109901,0.589223,-0.00366519,0,0
3.04139,0.00293064,-0.0109901,0.589223,0.00680679,0,0
3.04139,-0.00293064,-0.0109901,0.589223,0.00366519,0,0
3.0413,-0.00879097,-0.0109901,0.589223,-0.00575959,0,0
3.04139,-0.0146523,0.0109901,0.589223,-0.00785398,0,0
3.04159,-0.0146523,-0.0329666,0.589223,0.00785398,0,0
3.04139,-0.0146523,0.0109901,0.589223,-0.000349066,0,0
3.04149,-0.00879097,-0.0109901,0.589223,-0.002618,0,0
3.04139,-0.00879097,-0.0109901,0.589223,-0.0015708,0,0
3.04149,-0.00293064,-0.0329666,0.589223,0.00575959,0,0
3.0413,-0.00293064,-0.0109901,0.589223,-0.0015708,0,0
3.0413,-0.00293064,0.0329666,0.589223,-0.00575959,0,0
3.04139,-0.00293064,-0.0109901,0.589223,-0.00785398,0,0
3.04149,-0.00293064,-0.0109901,0.589223,-0.002618,0,0
3.0413,-0.00879097,0.0109901,0.589223,0.0122173,0,0
3.04149,-0.00879097,-0.0109901,0.589223,0.00471239,0,0
3.04139,-0.00879097,-0.0109901,0.589223,0.0015708,0,0
3.04149,-0.00879097,-0.0329666,0.589223,0.000523599,0,0
3.04139,-0.00293064,-0.0109901,0.589223,-0.0015708,0,0
3.04149,-0.00293064,-0.0109901,0.589223,0.0122173,0,0
3.04139,-0.00293064,-0.0109901,0.589223,-0.00680679,0,0
3.04159,0.00293064,-0.0549469,0.589223,-0.00785398,0,0
3.04139,0.00293064,-0.0109901,0.589223,0.00785398,0,0
3.04139,-0.00293064,-0.0329666,0.589223,-0.002618,0,0
3.04149,-0.00293064,0.0109901,0.589223,-0.00471239,0,0
3.04149,-0.00879097,0.0109901,0.589223,-0.000349066,0,0
3.04149,-0.00293064,-0.0109901,0.589223,-0.00575959,0,0
3.04139,-0.00293064,-0.0109901,0.589223,-0.00471239,0,0
3.04139,-0.00293064,-0.0109901,0.589223,-0.002618,0,0
3.04139,-0.00293064,-0.0329666,0.589223,-0.00575959,0,0
3.04139,0.00293064,-0.0109901,0.589223,-0.002618,0,0
3.04139,-0.00293064,-0.0329666,0.589223,-0.000349066,0,0
3.04139,-0.00879097,-0.0109901,0.589223,-0.00785398,0,0
3.04149,-0.00879097,-0.0329666,0.589223,-0.0015708,0,0
3.0413,-0.00879097,0.0109901,0.589223,0.0015708,0,0
3.04149,-0.00879097,0.0109901,0.589223,0.000523599,0,0
3.04139,-0.00879097,-0.0329666,0.589223,-0.00366519,0,0
3.04139,-0.00879097,-0.0109901,0.589223,0.00785398,0,0
3.04139,-0.00879097,0.0109901,0.589223,0.00366519,0,0
3.04139,-0.00879097,-0.0329666,0.589223,-0.002618,0,0
3.04139,-0.00879097,0.0329666,0.589223,0.00785398,0,0
3.04139,-0.00879097,-0.0329666,0.589223,0.002618,0,0
3.0413,-0.0146523,0.0109901,0.589223,-0.0015708,0,0
3.04139,-0.00879097,-0.0329666,0.589223,-0.00575959,0,0
3.04139,-0.0146523,-0.0329666,0.589223,-0.00994838,0,0
3.04139,-0.00879097,-0.0109901,0.589223,-0.0015708,0,0
3.04139,-0.00879097,0.0329666,0.589223,-0.0015708,0,0
3.04139,-0.00879097,-0.0329666,0.589223,-0.002618,0,0
3.04139,-0.00879097,-0.0109901,0.589223,-0.0109956,0,0
3.04139,-0.00293064,0.0109901,0.589223,0.000523599,0,0
3.04149,-0.00293064,-0.0329666,0.589223,0.000523599,0,0
3.04139,-0.00293064,-0.0109901,0.589223,0.00366519,0,0
3.04139,-0.00293064,-0.0109901,0.589223,0.00471239,0,0
3.0413,-0.00293064,0.0109901,0.589223,-0.000349066,0,0
3.04159,-0.00293064,-0.0109901,0.589223,-0.00575959,0,0
3.04139,-0.00879097,-0.0109901,0.589223,0.00575959,0,0
3.04139,-0.00879097,-0.0109901,0.589223,0.0101229,0,0
3.04139,-0.00293064,0.0109901,0.589223,0.0015708,0,0
3.04139,-0.00293064,-0.0109901,0.589223,-0.002618,0,0
3.0412,-0.00879097,0.0109901,0.589223,-0.0015708,0,0
3.04139,-0.00293064,-0.0329666,0.589223,0.000523599,0,0
3.04139,-0.00293064,-0.0109901,0.589223,0.0015708,0,0
3.04139,-0.00293064,0.0109901,0.589223,-0.0015708,0,0
3.04149,-0.00293064,-0.0109901,0.589223,0.002618,0,0
3.04139,-0.00879097,-0.0329666,0.589223,0.00785398,0,0
3.04149,-0.00879097,-0.0109901,0.589223,0.002618,0,0
3.0412,-0.00879097,0.0109901,0.589223,0.0015708,0,0
3.0413,-0.0146523,0.0109901,0.589223,-0.00366519,0,0
3.0412,-0.00293064,-0.0109901,0.589223,-0.0015708,0,0
3.04139,-0.00293064,-0.0329666,0.589223,-0.00366519,0,0
3.04149,-0.00293064,-0.0329666,0.589223,-0.002618,0,0
3.04139,0.00293064,-0.0109901,0.589223,-0.000349066,0,0
3.04139,-0.00293064,-0.0109901,0.589223,0.00366519,0,0
3.04149,-0.00293064,0.0109901,0.589223,-0.00471239,0,0
3.0413,-0.00879097,0.0109901,0.589223,0.002618,0,0
3.04139,-0.00879097,-0.0329666,0.589223,0.00471239,0,0
3.04159,-0.0146523,-0.0109901,0.589223,0.0015708,0,0
3.04139,-0.0146523,-0.0109901,0.589223,0.002618,0,0
3.04139,-0.00879097,-0.0109901,0.589223,0.0015708,0,0
3.04149,-0.00879097,-0.0109901,0.589223,0.00471239,0,0
3.04139,-0.00879097,-0.0109901,0.589223,-0.00366519,0,0
3.04149,-0.00879097,-0.0109901,0.589223,-0.002618,0,0
3.04139,-0.00879097,-0.0329666,0.589223,0.00575959,0,0
3.04139,-0.00879097,-0.0329666,0.589223,0.002618,0,0
3.04139,-0.00879097,-0.0109901,0.589223,-0.0015708,0,0
3.04149,-0.00293064,-0.0329666,0.589223,0.0015708,0,0
3.04139,-0.00879097,0.0109901,0.589223,-0.0015708,0,0
3.04139,-0.00879097,-0.0109901,0.589223,-0.00366519,0,0
3.04139,-0.00879097,-0.0109901,0.589223,-0.000349066,0,0
3.0412,0.00293064,-0.0109901,0.589223,0.00471239,0,0
3.04149,-0.00293064,-0.0329666,0.589223,0.0015708,0,0
3.04139,-0.00293064,-0.0109901,0.589223,-0.00366519,0,0
3.04139,-0.00293064,-0.0109901,0.589223,-0.00575959,0,0
3.0413,-0.00293064,-0.0109901,0.589223,-0.000349066,0,0
3.04139,-0.00879097,-0.0109901,0.589223,0.002618,0,0
3.04139,-0.00293064,-0.0109901,0.589223,0.000523599,0,0
3.04139,-0.00879097,-0.0109901,0.589223,-0.00471239,0,0
3.04139,-0.00879097,-0.0329666,0.589223,0.0015708,0,0
3.0413,-0.00293064,0.0109901,0.589223,0.002618,0,0
3.04159,-0.00293064,-0.0109901,0.589223,-0.000349066,0,0
3.04139,-0.00293064,0.0109901,0.589223,-0.00366519,0,0
3.04149,-0.00293064,-0.0109901,0.589223,0.000523599,0,0
3.04159,-0.00879097,-0.0329666,0.589223,0.002618,0,0
3.04139,-0.00293064,0.0109901,0.589223,0.002618,0,0
3.04139,-0.00293064,-0.0109901,0.589223,-0.00575959,0,0
3.04139,-0.00879097,0.0109901,0.589223,-0.00366519,0,0
3.04139,-0.00879097,0.0109901,0.589223,0.0015708,0,0
3.04149,-0.00879097,-0.0109901,0.589223,-0.0015708,0,0
3.04139,-0.0146523,-0.0109901,0.589223,-0.002618,0,0
3.04139,-0.0146523,0.0109901,0.589223,0.0015708,0,0
3.04139,-0.00879097,-0.0109901,0.589223,0.00366519,0,0
3.04139,-0.00293064,0.0109901,0.589223,0.00680679,0,0
3.04149,-0.00293064,-0.0329666,0.589223,-0.00575959,0,0
3.04139,0.00293064,-0.0329666,0.589223,-0.00575959,0,0
3.04139,0.00293064,-0.0109901,0.589223,0.000523599,0,0
3.04149,0.00293064,-0.0329666,0.589223,0.00680679,0,0
3.04139,-0.00293064,0.0109901,0.589223,0.00785398,0,0
3.0413,-0.00879097,0.0109901,0.589223,-0.000349066,0,0
3.04139,-0.00879097,-0.0109901,0.589223,0.000523599,0,0
3.04139,-0.00879097,-0.0329666,0.589223,-0.002618,0,0
3.04149,-0.00879097,-0.0109901,0.589223,0.00471239,0,0
3.04139,-0.00879097,-0.0109901,0.589223,0.00471239,0,0
3.04139,-0.0146523,-0.0109901,0.589223,-0.00471239,0,0
3.04139,-0.00879097,-0.0109901,0.589223,-0.00994838,0,0
3.04139,-0.0146523,0.0109901,0.589223,-0.00366519,0,0
3.04149,-0.00879097,-0.0109901,0.589223,0.00366519,0,0
3.04139,0.00293064,-0.0109901,0.589223,0.0015708,0,0
3.04149,0.00293064,0.0329666,0.589223,-0.002618,0,0
3.04139,-0.00293064,0.0329666,0.589223,-0.00366519,0,0
3.04139,-0.00293064,-0.0109901,0.589223,0.002618,0,0
3.04149,-0.00293064,-0.0109901,0.589223,0.002618,0,0
3.04139,-0.00293064,-0.0329666,0.589223,0.00785398,0,0
3.04149,0.00293064,0.0109901,0.589223,0.000523599,0,0
3.0413,0.00293064,0.0109901,0.589223,-0.00890118,0,0
3.04139,-0.00293064,-0.0109901,0.589223,0.000523599,0,0
3.04139,-0.00293064,-0.0109901,0.589223,0.00907572,0,0
3.04139,-0.00879097,-0.0109901,0.589223,0.000523599,0,0
3.04139,-0.00293064,-0.0329666,0.589223,-0.002618,0,0
3.04149,-0.00879097,-0.0329666,0.589223,0.002618,0,0
3.04139,-0.00879097,0.0109901,0.589223,0.0015708,0,0
3.04149,-0.00879097,0.0109901,0.589223,-0.00366519,0,0
3.0413,-0.00879097,0.0109901,0.589223,0.0015708,0,0
3.04149,-0.0146523,0.0109901,0.589223,0.0122173,0,0
3.04139,-0.00879097,-0.0109901,0.589223,-0.000349066,0,0
3.0413,-0.0146523,-0.0109901,0.589223,-0.000349066,0,0
3.04139,-0.00879097,-0.0329666,0.589223,0.00366519,0,0
3.04139,-0.00879097,0.0329666,0.589223,-0.002618,0,0
3.04139,-0.00293064,-0.0109901,0.589223,0.0015708,0,0
3.04149,0.00879097,-0.0329666,0.589223,0.00680679,0,0
3.04139,0.00293064,-0.0329666,0.589223,-0.00575959,0,0
3.04139,0.00293064,-0.0109901,0.589223,-0.00890118,0,0
3.04139,-0.00293064,-0.0329666,0.589223,-0.002618,0,0
3.04139,-0.00293064,0.0109901,0.589223,0.00680679,0,0
3.04139,-0.00879097,-0.0109901,0.589223,0.0015708,0,0
3.04139,-0.00879097,-0.0329666,0.589223,0.000523599,0,0
3.04139,-0.00879097,-0.0109901,0.589223,0.002618,0,0
3.04139,-0.00879097,-0.0109901,0.589223,-0.00575959,0,0
3.04139,-0.00879097,-0.0109901,0.589223,-0.000349066,0,0
3.04149,-0.00879097,-0.0329666,0.589223,0.00575959,0,0
3.04139,-0.00879097,-0.0109901,0.589223,0.00366519,0,0
3.04149,-0.00293064,-0.0109901,0.589223,0.000523599,0,0
3.04139,0.00293064,-0.0109901,0.589223,-0.00366519,0,0
3.04139,-0.00293064,0.0109901,0.589223,0.00575959,0,0
3.04149,-0.00293064,-0.0329666,0.589223,0.00366519,0,0
3.04139,-0.00293064,0.0109901,0.589223,-0.00471239,0,0
3.04149,-0.00879097,-0.0109901,0.589223,0.000523599,0,0
3.04149,-0.0146523,0.0109901,0.589223,0.00471239,0,0
3.04139,-0.0146523,-0.0109901,0.589223,0.00366519,0,0
3.04139,-0.0146523,-0.0109901,0.589223,0.00471239,0,0
3.04139,-0.00879097,-0.0329666,0.589223,-0.000349066,0,0
3.04139,-0.00879097,-0.0109901,0.589223,-0.00785398,0,0
3.04139,-0.00879097,-0.0109901,0.589223,-0.002618,0,0
3.04159,0.00293064,-0.0109901,0.589223,-0.00994838,0,0
3.0412,-0.00293064,-0.0109901,0.589223,-0.0015708,0,0
3.0413,-0.00293064,-0.0109901,0.589223,0.00575959,0,0
3.04139,-0.00293064,-0.0109901,0.589223,0.000523599,0,0
3.04149,-0.00293064,-0.0549469,0.589223,0.00366519,0,0
3.04139,-0.00879097,0.0109901,0.589223,0.0015708,0,0
3.04139,-0.00293064,-0.0109901,0.589223,-0.000349066,0,0
3.04159,-0.00879097,-0.0109901,0.589223,-0.00575959,0,0
3.04139,-0.00879097,-0.0109901,0.589223,-0.00575959,0,0
3.04139,-0.00879097,-0.0109901,0.589223,0.000523599,0,0
3.04139,-0.00879097,0.0109901,0.589223,0.00366519,0,0
3.04149,-0.00879097,-0.0109901,0.589223,0.00785398,0,0
3.04139,-0.0146523,0.0109901,0.589223,0.0015708,0,0
3.04139,-0.00879097,-0.0109901,0.589223,-0.002618,0,0
3.0413,-0.00879097,0.0109901,0.589223,0.000523599,0,0
3.0413,-0.00879097,-0.0109901,0.589223,-0.000349066,0,0
3.04159,-0.00293064,-0.0109901,0.589223,-0.000349066,0,0
3.04139,-0.00879097,-0.0109901,0.589223,0.002618,0,0
3.04139,-0.00293064,-0.0109901,0.589223,0.000523599,0,0
3.0413,-0.00879097,0.0109901,0.589223,-0.002618,0,0
3.0413,-0.00293064,-0.0109901,0.589223,0.000523599,0,0
3.04139,-0.00293064,-0.0329666,0.589223,-0.00366519,0,0
3.04139,-0.0146523,-0.0329666,0.589223,-0.00366519,0,0
3.04139,-0.0146523,-0.0329666,0.589223,-0.0015708,0,0
3.04149,-0.00879097,-0.0329666,0.589223,0.00366519,0,0
3.04139,-0.00293064,-0.0109901,0.589223,-0.00575959,0,0
3.04139,-0.00879097,0.0109901,0.589223,0.002618,0,0
3.04139,-0.00293064,-0.0109901,0.589223,0.000523599,0,0
3.0413,-0.00293064,-0.0109901,0.589223,0.000523599,0,0
3.04139,-0.00879097,-0.0109901,0.589223,0.00366519,0,0
3.04139,-0.00293064,-0.0109901,0.589223,-0.000349066,0,0
3.04139,-0.00879097,-0.0109901,0.589223,0.002618,0,0
3.04139,-0.00293064,-0.0109901,0.589223,-0.000349066,0,0
3.04139,-0.00293064,0.0109901,0.589223,-0.0109956,0,0
3.04139,-0.00293064,-0.0329666,0.589223,0.002618,0,0
3.04139,-0.00293064,-0.0109901,0.589223,0.00471239,0,0
3.04139,-0.00293064,-0.0109901,0.589223,0.002618,0,0
3.04139,-0.00879097,-0.0109901,0.589223,0.00366519,0,0
3.04139,-0.0146523,0.0109901,0.589223,-0.00366519,0,0
3.0412,-0.0146523,0.0329666,0.589223,-0.002618,0,0
3.04149,-0.0146523,-0.0329666,0.589223,-0.002618,0,0
3.0412,-0.0146523,-0.0109901,0.589223,0.002618,0,0
3.04139,-0.00293064,-0.0109901,0.589223,0.00575959,0,0
3.04139,-0.00293064,-0.0109901,0.589223,-0.00471239,0,0
3.04139,-0.00293064,0.0109901,0.589223,0.0015708,0,0
3.04139,-0.00293064,0.0109901,0.589223,0.002618,0,0
3.04159,-0.00879097,-0.0549469,0.589223,0.0015708,0,0
3.04139,-0.00879097,0.0109901,0.589223,-0.00575959,0,0
3.04139,-0.00293064,-0.0109901,0.589223,-0.00366519,0,0
3.0413,-0.00293064,0.0109901,0.589223,-0.0015708,0,0
3.04139,-0.00879097,0.0109901,0.589223,0.000523599,0,0
3.04139,0.00293064,-0.0109901,0.589223,-0.00366519,0,0
3.04139,0.00293064,-0.0329666,0.589223,0.00366519,0,0
3.04139,-0.00879097,-0.0109901,0.589223,0.00366519,0,0
3.04139,-0.00879097,-0.0109901,0.589223,0.0015708,0,0
3.04139,-0.0146523,-0.0329666,0.589223,0.00575959,0,0
3.04139,-0.00879097,-0.0329666,0.589223,-0.00471239,0,0
3.04139,-0.00879097,0.0109901,0.589223,0.000523599,0,0
3.04139,-0.0146523,-0.0109901,0.589223,0.0015708,0,0
3.04149,-0.00879097,-0.0329666,0.589223,0.00366519,0,0
3.0413,-0.00879097,-0.0109901,0.589223,0.002618,0,0
3.04139,-0.00293064,0.0109901,0.589223,-0.00366519,0,0
3.0413,-0.00879097,0.0109901,0.589223,0.000523599,0,0
3.04149,-0.00879097,-0.0109901,0.589223,-0.000349066,0,0
3.04139,-0.00879097,-0.0329666,0.589223,0.000523599,0,0
3.04139,-0.00879097,0.0109901,0.589223,-0.0015708,0,0
3.04149,-0.00293064,-0.0109901,0.589223,-0.00366519,0,0
3.04139,0.00293064,-0.0109901,0.589223,0.00575959,0,0
3.04139,0.00293064,-0.0329666,0.589223,0.00907572,0,0
3.04149,0.00293064,-0.0109901,0.589223,-0.00575959,0,0
3.04149,-0.00293064,-0.0109901,0.589223,-0.00680679,0,0
3.0413,-0.00293064,0.0109901,0.589223,0.00575959,0,0
3.04139,-0.00879097,-0.0109901,0.589223,-0.002618,0,0
3.04139,-0.0146523,-0.0109901,0.589223,-0.00680679,0,0
3.0413,-0.00879097,-0.0109901,0.589223,0.002618,0,0
3.04139,-0.00879097,-0.0109901,0.589223,-0.002618,0,0
3.04139,-0.00293064,-0.0109901,0.589223,-0.002618,0,0
3.04139,0.00293064,0.0109901,0.589223,0.0101229,0,0
3.0413,-0.00293064,0.0109901,0.589223,0.00366519,0,0
3.0413,-0.00293064,0.0109901,0.589223,0.00907572,0,0
3.04139,-0.00879097,-0.0109901,0.589223,0.00575959,0,0
3.04149,-0.00879097,-0.0109901,0.589223,0.002618,0,0
3.04139,-0.00879097,0.0109901,0.589223,-0.00471239,0,0
3.0413,-0.00879097,0.0109901,0.589223,-0.00471239,0,0
3.04149,-0.00293064,-0.0109901,0.589223,0.00575959,0,0
3.0412,-0.00293064,-0.0109901,0.589223,0.0122173,0,0
3.04139,-0.00879097,-0.0109901,0.589223,0.00907572,0,0
3.0413,-0.00879097,-0.0109901,0.589223,-0.00471239,0,0
3.04149,-0.00293064,-0.0109901,0.589223,-0.00471239,0,0
3.0413,-0.00293064,0.0329666,0.589223,-0.0015708,0,0
3.04139,-0.00879097,-0.0109901,0.589223,-0.00680679,0,0
3.04139,-0.0146523,0.0109901,0.589223,-0.0015708,0,0
3.04139,-0.0146523,-0.0329666,0.589223,0.002618,0,0
3.04149,-0.0146523,-0.0109901,0.589223,0.0015708,0,0
3.04139,-0.00879097,0.0109901,0.589223,-0.00680679,0,0
3.04149,-0.00293064,-0.0329666,0.589223,0.00366519,0,0
3.04139,-0.00293064,-0.0109901,0.589223,0.00907572,0,0
3.0413,-0.00293064,-0.0109901,0.589223,-0.0109956,0,0
3.04139,0.00293064,-0.0329666,0.589223,-0.00471239,0,0
3.04139,-0.00293064,-0.0109901,0.589223,0.002618,0,0
3.04139,-0.00293064,-0.0109901,0.589223,0.00366519,0,0
3.04139,-0.00879097,0.0109901,0.589223,-0.000349066,0,0
3.04139,-0.0146523,-0.0109901,0.589223,0.000523599,0,0
3.04149,-0.00293064,-0.0329666,0.589223,0.002618,0,0
3.04139,-0.00293064,-0.0109901,0.589223,-0.000349066,0,0
3.04139,-0.00879097,0.0109901,0.589223,-0.00366519,0,0
3.04149,-0.00293064,0.0109901,0.589223,-0.000349066,0,0
3.04139,-0.00293064,-0.0109901,0.589223,-0.00890118,0,0
3.04139,-0.00293064,-0.0109901,0.589223,-0.0122173,0,0
3.04139,-0.00293064,-0.0109901,0.589223,0.0015708,0,0
3.0413,-0.00293064,-0.0109901,0.589223,0.00471239,0,0
3.0413,-0.00293064,0.0329666,0.589223,0.00785398,0,0
3.04139,-0.00879097,-0.0109901,0.589223,-0.002618,0,0
3.04139,-0.00293064,-0.0329666,0.589223,0.000523599,0,0
3.04139,-0.00879097,-0.0329666,0.589223,0.00680679,0,0
3.04139,-0.0146523,-0.0109901,0.589223,0.00785398,0,0
3.04139,-0.00879097,-0.0109901,0.589223,-0.000349066,0,0
3.04139,-0.00879097,-0.0329666,0.589223,-0.00680679,0,0
3.04139,-0.00879097,0.0109901,0.589223,-0.000349066,0,0
3.04139,-0.00293064,0.0109901,0.589223,0.002618,0,0
3.04168,-0.00293064,-0.0549469,0.589223,-0.0015708,0,0
3.04139,-0.00293064,-0.0109901,0.589223,0.002618,0,0
3.04139,-0.00293064,-0.0109901,0.589223,0.00785398,0,0
3.04139,-0.00293064,0.0109901,0.589223,-0.0015708,0,0
3.04139,-0.00879097,-0.0109901,0.589223,0.000523599,0,0
3.04139,-0.00879097,-0.0329666,0.589223,0.00907572,0,0
3.0413,-0.00879097,-0.0109901,0.589223,-0.0015708,0,0
3.04139,-0.00879097,0.0109901,0.589223,0.000523599,0,0
3.04149,-0.00879097,-0.0329666,0.589223,-0.0015708,0,0
3.04149,-0.00879097,-0.0109901,0.589223,0.00471239,0,0
3.04139,-0.00293064,-0.0109901,0.589223,-0.000349066,0,0
3.04139,0.00293064,0.0109901,0.589223,0.00575959,0,0
3.04149,-0.00293064,-0.0109901,0.589223,0.00907572,0,0
3.04139,-0.00879097,-0.0109901,0.589223,-0.0015708,0,0
3.0413,-0.0146523,0.0109901,0.589223,-0.00785398,0,0
3.04139,-0.00879097,-0.0109901,0.589223,-0.00471239,0,0
3.04139,-0.0146523,-0.0109901,0.589223,-0.0015708,0,0
3.0412,-0.0146523,-0.0109901,0.589223,-0.0015708,0,0
3.04149,-0.00293064,0.0109901,0.589223,0.002618,0,0
3.04139,-0.00879097,-0.0109901,0.589223,0.000523599,0,0
3.04149,-0.00879097,-0.0329666,0.589223,0.0015708,0,0
3.04139,-0.00293064,0.0109901,0.589223,-0.000349066,0,0
3.04149,-0.00879097,-0.0109901,0.589223,-0.00680679,0,0
3.04139,-0.00293064,0.0109901,0.589223,-0.002618,0,0
3.04139,-0.00879097,-0.0109901,0.589223,0.00575959,0,0
3.04159,-0.0146523,-0.0109901,0.589223,0.00680679,0,0
3.04139,-0.00879097,-0.0109901,0.589223,0.00366519,0,0
3.0413,-0.0146523,-0.0109901,0.589223,0.002618,0,0
3.04139,-0.0146523,0.0109901,0.589223,0.000523599,0,0
3.04139,-0.00879097,-0.0109901,0.589223,-0.00471239,0,0
3.04159,-0.00879097,-0.0329666,0.589223,0.00680679,0,0
3.04139,-0.00879097,-0.0109901,0.589223,0.00366519,0,0
3.04139,-0.00293064,-0.0329666,0.589223,-0.002618,0,0
3.04139,-0.00293064,0.0109901,0.589223,-0.0015708,0,0
3.0413,-0.00293064,-0.0109901,0.589223,-0.0015708,0,0
3.04139,-0.00293064,-0.0329666,0.589223,-0.000349066,0,0
3.04139,-0.00879097,-0.0109901,0.589223,0.00575959,0,0
3.04149,-0.00879097,-0.0329666,0.589223,-0.00890118,0,0
3.04139,-0.00879097,0.0109901,0.589223,-0.0015708,0,0
3.04149,-0.00879097,-0.0329666,0.589223,-0.00471239,0,0
3.04139,-0.00293064,-0.0329666,0.589223,0.0015708,0,0
3.04139,-0.00879097,-0.0109901,0.589223,0.002618,0,0
3.04139,-0.00293064,-0.0329666,0.589223,0.00680679,0,0
3.04139,-0.00293064,-0.0109901,0.589223,0.002618,0,0
3.04139,0.00293064,-0.0109901,0.589223,-0.002618,0,0
3.04139,-0.00293064,-0.0109901,0.589223,0.00366519,0,0
3.04139,-0.00293064,-0.0109901,0.589223,0.00680679,0,0
3.04159,-0.00879097,-0.0329666,0.589223,0.00907572,0,0
3.04149,-0.00879097,-0.0329666,0.589223,-0.0015708,0,0
3.04149,-0.00879097,-0.0109901,0.589223,0.002618,0,0
3.0413,-0.0146523,0.0109901,0.589223,0.0015708,0,0
3.04149,-0.0146523,-0.0109901,0.589223,-0.0015708,0,0
3.04139,-0.00879097,-0.0109901,0.589223,-0.00575959,0,0
3.04139,-0.00879097,-0.0329666,0.589223,0.00471239,0,0
3.04139,0.00293064,-0.0109901,0.589223,0.00680679,0,0
3.0413,0.00293064,0.0329666,0.589223,0.00471239,0,0
3.04149,0.00293064,-0.0329666,0.589223,0.00471239,0,0
3.04139,0.00293064,0.0109901,0.589223,0.00366519,0,0
3.0413,-0.00293064,-0.0329666,0.589223,-0.002618,0,0
3.04139,-0.00879097,-0.0109901,0.589223,-0.000349066,0,0
3.0413,-0.00879097,-0.0109901,0.589223,0.00366519,0,0
3.04139,-0.0146523,-0.0109901,0.589223,0.000523599,0,0
3.0413,-0.00879097,-0.0109901,0.589223,-0.0143117,1,0
3.04139,-0.00879097,-0.0109901,0.589223,-0.00890118,1,0
3.0412,0.0908422,0.0109901,0.589223,-0.000349066,1,0
3.04044,0.243223,0.0988998,0.589223,0.0015708,1,0
3.03871,0.378022,0.296703,0.589223,0.0015708,1,0
3.03555,0.483517,0.714287,0.589223,0.00471239,1,0
3.03229,0.600733,1.04396,0.589223,0.00366519,1,0
3.02951,0.764835,1.17582,0.589223,-0.00994838,1,0
3.02721,0.987546,1.06593,0.589223,-0.00575959,1,0
3.02645,1.04029,0.978024,0.589223,-0.0324631,1,0
3.02616,1.13407,0.736263,0.589223,-0.0589922,1,0
3.02635,1.19267,0.472527,0.589223,-0.0834268,1,0
3.02692,1.21026,0.186813,0.589223,-0.109083,1,0
3.02721,1.18681,0.0549469,0.589223,-0.114319,1,0
3.02721,1.13993,0.0109901,0.589223,-0.121824,1,0
3.02683,1.0989,0.0329666,0.589223,-0.150622,1,0
3.02616,1.06374,0.12088,0.589223,-0.167726,1,0
3.02577,1.05788,0.186813,0.589223,-0.177326,1,0
3.0251,1.05788,0.20879,0.589223,-0.203855,1,0
3.02443,1.06374,0.252747,0.589223,-0.215548,1,0
3.02376,1.0696,0.252747,0.589223,-0.2337,1,0
3.02319,1.07546,0.274727,0.589223,-0.253946,1,0
3.0228,1.08132,0.252747,0.589223,-0.263545,1,0
3.02223,1.08718,0.252747,0.589223,-0.27105,1,0
3.02137,1.08718,0.274727,0.589223,-0.282743,1,0
3.02079,1.08132,0.274727,0.589223,-0.298626,1,0
3.02012,1.07546,0.296703,0.589223,-0.312589,1,0
3.01916,1.07546,0.34066,0.589223,-0.327424,1,0
3.01868,1.07546,0.34066,0.589223,-0.341387,1,0
3.01782,1.07546,0.362637,0.589223,-0.34767,1,0
3.01715,1.08132,0.362637,0.589223,-0.36268,1,0
3.01648,1.08132,0.34066,0.589223,-0.37542,1,0
3.01552,1.08132,0.362637,0.589223,-0.387114,1,0
3.01485,1.07546,0.34066,0.589223,-0.414865,1,0
3.01408,1.0696,0.384617,0.589223,-0.430747,1,0
3.01322,1.06374,0.384617,0.589223,-0.448899,1,0
3.01217,1.05788,0.45055,0.589223,-0.456404,1,0
3.01092,1.05788,0.494507,0.589223,-0.470192,1,0
3.00996,1.06374,0.494507,0.589223,-0.482933,1,0
3.00881,1.0696,0.494507,0.589223,-0.486249,1,0
3.00757,1.08132,0.494507,0.589223,-0.495848,1,0
3.00671,1.08718,0.516483,0.589223,-0.511731,1,0
3.00584,1.08132,0.494507,0.589223,-0.526741,1,0
3.0045,1.08132,0.53846,0.589223,-0.542623,1,0
3.00364,1.07546,0.53846,0.589223,-0.545765,1,0
3.00239,1.07546,0.53846,0.589223,-0.55868,1,0
3.00124,1.08132,0.53846,0.589223,-0.57561,1,0
3,1.07546,0.56044,0.589223,-0.586256,1,0
2.99827,1.0696,0.604397,0.589223,-0.594809,1,0
2.99731,1.0696,0.626373,0.589223,-0.606502,1,0
2.99597,1.07546,0.626373,0.589223,-0.627795,1,0
2.99463,1.07546,0.64835,0.589223,-0.645947,1,0
2.9931,1.07546,0.692307,0.589223,-0.65764,1,0
2.99176,1.07546,0.64835,0.589223,-0.669334,1,0
2.99022,1.0696,0.692307,0.589223,-0.67265,1,0
2.98888,1.08132,0.692307,0.589223,-0.682249,1,0
2.98716,1.08132,0.67033,0.589223,-0.68958,1,0
2.9862,1.08132,0.67033,0.589223,-0.701448,1,0
2.98486,1.07546,0.692307,0.589223,-0.717331,1,0
2.98304,1.0696,0.714287,0.589223,-0.733388,1,0
2.98131,1.06374,0.736263,0.589223,-0.757822,1,0
2.97978,1.05788,0.802197,0.589223,-0.757822,1,0
2.97786,1.05201,0.846153,0.589223,-0.762011,1,0
2.97614,1.05788,0.846153,0.589223,-0.788715,1,0
2.97393,1.07546,0.846153,0.589223,-0.800408,1,0
2.97288,1.08132,0.824177,0.589223,-0.820654,1,0
2.97125,1.08132,0.846153,0.589223,-0.825018,1,0
2.96962,1.08132,0.846153,0.589223,-0.831301,1,0
2.9679,1.0696,0.824177,0.589223,-0.842994,1,0
2.96588,1.06374,0.824177,0.589223,-0.858004,1,0
2.96397,1.06374,0.912086,0.589223,-0.871792,1,0
2.96234,1.0696,0.89011,0.589223,-0.887849,1,0
2.95975,1.07546,0.934067,0.589223,-0.899543,1,0
2.95831,1.08132,0.912086,0.589223,-0.912284,1,0
2.9563,1.08132,0.956043,0.589223,-0.933577,1,0
2.95419,1.07546,0.956043,0.589223,-0.938987,1,0
2.95218,1.07546,0.978024,0.589223,-0.952776,1,0
2.95017,1.08132,0.956043,0.589223,-0.96988,1,0
2.94816,1.08132,0.978024,0.589223,-0.981574,1,0
2.94614,1.08132,1.02198,0.589223,-1.00182,1,0
2.94317,1.08132,1.02198,0.589223,-1.01037,1,0
2.94193,1.08132,1.02198,0.589223,-1.02625,1,0
2.93982,1.08132,1.02198,0.589223,-1.03062,1,0
2.93771,1.08718,1.04396,0.589223,-1.04964,1,0
2.93551,1.08718,1.04396,0.589223,-1.07216,1,0
2.9334,1.08132,1.04396,0.589223,-1.08594,1,0
2.931,1.07546,1.06593,0.589223,-1.08699,1,0
2.9288,1.07546,1.10989,0.589223,-1.09659,1,0
2.92583,1.07546,1.10989,0.589223,-1.11893,1,0
2.9242,1.07546,1.08791,0.589223,-1.12748,1,0
2.9219,1.07546,1.13187,0.589223,-1.14127,1,0
2.91941,1.0696,1.13187,0.589223,-1.15296,1,0
2.91701,1.06374,1.1978,0.589223,-1.15942,1,0
2.91442,1.06374,1.24176,0.589223,-1.16588,1,0
2.91203,1.0696,1.1978,0.589223,-1.18822,1,0
2.90973,1.07546,1.17582,0.589223,-1.19991,1,0
2.90628,1.0696,1.21978,0.589223,-1.21597,1,0
2.90455,1.0696,1.1978,0.589223,-1.2233,1,0
2.90216,1.06374,1.24176,0.589223,-1.23395,1,0
2.89938,1.0696,1.26374,0.589223,-1.24791,1,0
2.89698,1.07546,1.26374,0.589223,-1.26484,1,0
2.8944,1.0696,1.21978,0.589223,-1.27549,1,0
2.89181,1.06374,1.28571,0.589223,-1.2884,1,0
2.88893,1.06374,1.30769,0.589223,-1.29364,1,0
2.88539,1.07546,1.35165,0.589223,-1.30533,1,0
2.88338,1.08132,1.35165,0.589223,-1.31703,1,0
2.8806,1.08718,1.35165,0.589223,-1.32663,1,0
2.87811,1.08132,1.35165,0.589223,-1.33204,1,0
2.87494,1.08132,1.37363,0.589223,-1.33832,1,0
2.87236,1.08718,1.37363,0.589223,-1.35438,1,0
2.86939,1.08718,1.3956,0.589223,-1.37776,1,0
2.86651,1.08132,1.3956,0.589223,-1.38946,1,0
2.86277,1.08132,1.41758,0.589223,-1.39696,1,0
2.86076,1.08718,1.41758,0.589223,-1.39801,1,0
2.85779,1.08718,1.3956,0.589223,-1.4097,1,0
2.8552,1.08132,1.41758,0.589223,-1.42576,1,0
2.85223,1.08718,1.41758,0.589223,-1.44286,1,0
2.84917,1.08718,1.46154,0.589223,-1.45246,1,0
2.84629,1.08132,1.43956,0.589223,-1.4577,1,0
2.84332,1.0696,1.46154,0.589223,-1.47254,1,0
2.83901,1.06374,1.50549,0.589223,-1.48859,1,0
2.83709,1.06374,1.50549,0.589223,-1.49173,1,0
2.83383,1.0696,1.50549,0.589223,-1.49819,1,0
2.83058,1.06374,1.54945,0.589223,-1.5153,1,0
2.82741,1.05788,1.59341,0.589223,-1.52158,1,0
2.82416,1.05788,1.59341,0.589223,-1.53868,1,0
2.82118,1.06374,1.57143,0.589223,-1.55038,1,0
2.81773,1.05788,1.61538,0.589223,-1.55247,1,0
2.81333,1.06374,1.63736,0.589223,-1.56853,1,0
2.81103,1.0696,1.63736,0.589223,-1.57708,1,0
2.80777,1.08132,1.63736,0.589223,-1.58668,1,0
2.80451,1.08718,1.65934,0.589223,-1.58877,1,0
2.80144,1.08132,1.61538,0.589223,-1.60466,1,0
2.79799,1.08718,1.59341,0.589223,-1.6153,1,0
2.79483,1.08718,1.61538,0.589223,-1.6345,1,0
2.79148,1.07546,1.63736,0.589223,-1.64951,1,0
2.78678,1.07546,1.68132,0.589223,-1.65475,1,0
2.78448,1.08132,1.68132,0.589223,-1.66871,1,0
2.78123,1.08718,1.65934,0.589223,-1.67813,1,0
2.77778,1.08132,1.68132,0.589223,-1.68564,1,0
2.77442,1.08718,1.68132,0.589223,-1.70484,1,0
2.77107,1.09304,1.68132,0.589223,-1.70903,1,0
2.76752,1.08718,1.68132,0.589223,-1.71863,1,0
2.76388,1.08132,1.74725,0.589223,-1.72718,1,0
2.75928,1.08132,1.74725,0.589223,-1.72718,1,0
2.75679,1.07546,1.74725,0.589223,-1.74324,1,0
2.75315,1.07546,1.76923,0.589223,-1.75493,1,0
2.74951,1.07546,1.81319,0.589223,-1.75598,1,0
2.74587,1.08132,1.76923,0.589223,-1.77308,1,0
2.74242,1.0696,1.79121,0.589223,-1.78896,1,0
2.73849,1.07546,1.81319,0.589223,-1.79542,1,0
2.73484,1.07546,1.81319,0.589223,-1.81026,1,0
2.73015,1.0696,1.81319,0.589223,-1.82945,1,0
2.72756,1.0696,1.81319,0.589223,-1.83696,1,0
2.72363,1.0696,1.85714,0.589223,-1.85075,1,0
2.7197,1.07546,1.87912,0.589223,-1.8497,1,0
2.71597,1.07546,1.87912,0.589223,-1.86035,1,0
2.71213,1.08132,1.9011,0.589223,-1.88059,1,0
2.70821,1.08718,1.92308,0.589223,-1.88373,1,0
2.70428,1.08132,1.9011,0.589223,-1.90939,1,0
2.69901,1.08132,1.92308,0.589223,-1.92318,1,0
2.69651,1.08718,1.92308,0.589223,-1.92318,1,0
2.69259,1.07546,1.94505,0.589223,-1.93173,1,0
2.68846,1.07546,1.98901,0.589223,-1.94674,1,0
2.68444,1.07546,1.96703,0.589223,-1.96158,1,0
2.68042,1.0696,2.01099,0.589223,-1.95843,1,0
2.67629,1.0696,2.03297,0.589223,-1.98601,1,0
2.67237,1.07546,2.03297,0.589223,-1.99247,1,0
2.667,1.07546,1.98901,0.589223,-1.99788,1,0
2.66412,1.08132,2.03297,0.589223,-2.01062,1,0
2.6602,1.08718,2.01099,0.589223,-2.01917,1,0
2.65627,1.08132,2.01099,0.589223,-2.03296,1,0
2.65205,1.07546,2.01099,0.589223,-2.0553,1,0
2.64783,1.08132,2.05495,0.589223,-2.06176,1,0
2.64381,1.07546,2.03297,0.589223,-2.06595,1,0
2.63969,1.07546,2.03297,0.589223,-2.07659,1,0
2.63404,1.07546,2.07692,0.589223,-2.08619,1,0
2.63116,1.0696,2.07692,0.589223,-2.10225,1,0
2.62685,1.07546,2.07692,0.589223,-2.11499,1,0
2.62273,1.08132,2.0989,0.589223,-2.12023,1,0
2.61842,1.08132,2.07692,0.589223,-2.13419,1,0
2.6142,1.08132,2.12088,0.589223,-2.15234,1,0
2.60998,1.07546,2.12088,0.589223,-2.16072,1,0
2.60538,1.05788,2.16484,0.589223,-2.16508,1,0
2.59935,1.05788,2.25275,0.589223,-2.17678,1,0
2.59609,1.05788,2.23077,0.589223,-2.17887,1,0
2.59168,1.05788,2.23077,0.589223,-2.19493,1,0
2.58708,1.06374,2.25275,0.589223,-2.20872,1,0
2.58267,1.07546,2.23077,0.589223,-2.21622,1,0
2.57788,1.07546,2.27473,0.589223,-2.23751,1,0
2.57338,1.08132,2.27473,0.589223,-2.23647,1,0
2.56887,1.08132,2.27473,0.589223,-2.24711,1,0
2.56284,1.08132,2.2967,0.589223,-2.27155,1,0
2.55958,1.08132,2.2967,0.589223,-2.2705,1,0
2.55498,1.08132,2.2967,0.589223,-2.2801,1,0
2.55047,1.08132,2.27473,0.589223,-2.29179,1,0
2.54578,1.09304,2.2967,0.589223,-2.30994,1,0
2.54128,1.09304,2.27473,0.589223,-2.32164,1,0
2.53677,1.09304,2.2967,0.589223,-2.32914,1,0
2.53208,1.08718,2.27473,0.589223,-2.33543,1,0
2.52566,1.0696,2.2967,0.589223,-2.35044,1,0
2.52268,1.0696,2.27473,0.589223,-2.37173,1,0
2.5178,1.06374,2.34066,0.589223,-2.37697,1,0
2.5131,1.06374,2.36264,0.589223,-2.38552,1,0
2.50831,1.07546,2.36264,0.589223,-2.38866,1,0
2.50342,1.07546,2.38462,0.589223,-2.4089,1,0
2.49854,1.07546,2.42857,0.589223,-2.41431,1,0
2.49365,1.07546,2.38462,0.589223,-2.4281,1,0
2.48713,1.08718,2.42857,0.589223,-2.43666,1,0
2.48397,1.08718,2.42857,0.589223,-2.4377,1,0
2.47908,1.08718,2.42857,0.589223,-2.45044,1,0
2.47439,1.08718,2.42857,0.589223,-2.47069,1,0
2.46931,1.08718,2.40659,0.589223,-2.4932,1,0
2.46423,1.07546,2.45055,0.589223,-2.5028,1,0
2.45934,1.0696,2.40659,0.589223,-2.50158,1,0
2.45417,1.06374,2.53846,0.589223,-2.5124,1,0
2.44708,1.05788,2.56044,0.589223,-2.5241,1,0
2.44353,1.05788,2.56044,0.589223,-2.53579,1,0
2.43836,1.05788,2.58242,0.589223,-2.54853,1,0
2.43309,1.06374,2.62637,0.589223,-2.55394,1,0
2.42782,1.07546,2.58242,0.589223,-2.56878,1,0
2.42264,1.08132,2.6044,0.589223,-2.58152,1,0
2.41747,1.08718,2.62637,0.589223,-2.58798,1,0
2.4122,1.09304,2.58242,0.589223,-2.60176,1,0
2.40539,1.0989,2.6044,0.589223,-2.6145,1,0
2.40213,1.10476,2.56044,0.589223,-2.62201,1,0
2.39706,1.10476,2.51648,0.589223,-2.63911,1,0
2.39188,1.0989,2.56044,0.589223,-2.64662,1,0
2.38671,1.08718,2.56044,0.589223,-2.65726,1,0
2.38124,1.0696,2.58242,0.589223,-2.66564,1,0
2.37597,1.06374,2.6044,0.589223,-2.66355,1,0
2.37061,1.05788,2.64835,0.589223,-2.67751,1,0
2.36323,1.06374,2.71429,0.589223,-2.69444,1,0
2.35949,1.06374,2.69231,0.589223,-2.7084,1,0
2.35384,1.0696,2.73626,0.589223,-2.71678,1,0
2.34828,1.07546,2.71429,0.589223,-2.72324,1,0
2.34272,1.07546,2.75824,0.589223,-2.73598,1,0
2.33707,1.08132,2.75824,0.589223,-2.74994,1,0
2.33151,1.07546,2.78022,0.589223,-2.75518,1,0
2.32624,1.08718,2.75824,0.589223,-2.76792,1,0
2.31838,1.09304,2.73626,0.589223,-2.78921,1,0
2.31493,1.08718,2.78022,0.589223,-2.79567,1,0
2.30947,1.07546,2.73626,0.589223,-2.79358,1,0
2.30372,1.0696,2.8022,0.589223,-2.81487,1,0
2.29797,1.05788,2.82418,0.589223,-2.82551,1,0
2.29213,1.06374,2.84615,0.589223,-2.83302,1,0
2.28638,1.0696,2.89011,0.589223,-2.83721,1,0
2.28053,1.08132,2.86813,0.589223,-2.84785,1,0
2.27267,1.08718,2.91209,0.589223,-2.8606,1,0
2.26874,1.09304,2.89011,0.589223,-2.87665,1,0
2.2629,1.09304,2.91209,0.589223,-2.88835,1,0
2.25696,1.0989,2.91209,0.589223,-2.8969,1,0
2.2513,1.10476,2.89011,0.589223,-2.90964,1,0
2.24546,1.0989,2.91209,0.589223,-2.92238,1,0
2.23952,1.0989,2.89011,0.589223,-2.92884,1,0
2.23358,1.08132,2.91209,0.589223,-2.94053,1,0
2.22562,1.06374,2.95604,0.589223,-2.95764,1,0
2.22141,1.05788,3,0.589223,-2.95973,1,0
2.21518,1.05788,3.04396,0.589223,-2.96497,1,0
2.20876,1.05788,3.06593,0.589223,-2.97683,1,0
2.20282,1.06374,3.08791,0.589223,-2.98102,1,0
2.19659,1.0696,3.06593,0.589223,-3.00336,1,0
2.19045,1.08132,3.06593,0.589223,-3.02047,1,0
2.18423,1.08718,3.08791,0.589223,-3.02693,1,0
2.17627,1.09304,3.04396,0.589223,-3.03216,1,0
2.17215,1.0989,3.04396,0.589223,-3.03967,1,0
2.16621,1.10476,3.02198,0.589223,-3.05136,1,0
2.16008,1.0989,3.02198,0.589223,-3.0737,1,0
2.15394,1.08718,3.02198,0.589223,-3.08644,1,0
2.148,1.07546,3,0.589223,-3.0908,1,0
2.14187,1.0696,3.02198,0.589223,-3.10459,1,0
2.13555,1.06374,3.06593,0.589223,-3.11105,1,0
2.1273,1.05788,3.08791,0.589223,-3.12589,1,0
2.1229,1.06374,3.15385,0.589223,-3.13234,1,0
2.11648,1.0696,3.13187,0.589223,-3.13653,1,0
2.11015,1.08132,3.13187,0.589223,-3.14718,1,0
2.10392,1.08718,3.13187,0.589223,-3.15887,1,0
2.0975,1.08718,3.13187,0.589223,-3.17284,1,0
2.09137,1.08718,3.15385,0.589223,-3.18872,1,0
2.08485,1.07546,3.15385,0.589223,-3.19081,1,0
2.07585,1.06374,3.21978,0.589223,-3.20373,1,0
2.07172,1.05788,3.1978,0.589223,-3.21106,1,0
2.06511,1.05788,3.24176,0.589223,-3.21647,1,0
2.0584,1.06374,3.26374,0.589223,-3.23026,1,0
2.0517,1.0696,3.28571,0.589223,-3.24736,1,0
2.04537,1.07546,3.26374,0.589223,-3.25487,1,0
2.03866,1.08132,3.28571,0.589223,-3.25905,1,0
2.03224,1.08718,3.26374,0.589223,-3.2718,1,0
2.02372,1.11062,3.21978,0.589223,-3.2964,1,0
2.0195,1.10476,3.21978,0.589223,-3.30496,1,0
2.01308,1.0989,3.1978,0.589223,-3.30496,1,0
2.00666,1.08718,3.21978,0.589223,-3.31874,1,0
2.00005,1.07546,3.24176,0.589223,-3.33585,1,0
1.99324,1.06374,3.26374,0.589223,-3.34108,1,0
1.98634,1.06374,3.28571,0.589223,-3.35068,1,0
1.97944,1.06374,3.35165,0.589223,-3.36028,1,0
1.97034,1.06374,3.3956,0.589223,-3.36779,1,0
1.96584,1.07546,3.3956,0.589223,-3.38262,1,0
1.95894,1.07546,3.3956,0.589223,-3.40287,1,0
1.95213,1.09304,3.3956,0.589223,-3.41561,1,0
1.94542,1.0989,3.37363,0.589223,-3.42416,1,0
1.93872,1.09304,3.37363,0.589223,-3.42626,1,0
1.93182,1.08718,3.37363,0.589223,-3.44127,1,0
1.92501,1.07546,3.3956,0.589223,-3.45191,1,0
1.91601,1.06374,3.41758,0.589223,-3.4582,1,0
1.91112,1.06374,3.43956,0.589223,-3.4678,1,0
1.90412,1.06374,3.48352,0.589223,-3.48595,1,0
1.89703,1.06374,3.48352,0.589223,-3.48804,1,0
1.89004,1.07546,3.50549,0.589223,-3.49974,1,0
1.88314,1.08132,3.46154,0.589223,-3.51893,1,0
1.87614,1.08718,3.46154,0.589223,-3.54023,1,0
1.86915,1.08718,3.46154,0.589223,-3.53394,1,0
1.85976,1.0696,3.50549,0.589223,-3.54127,1,0
1.85496,1.0696,3.52747,0.589223,-3.5521,1,0
1.84778,1.06374,3.54945,0.589223,-3.57234,1,0
1.84069,1.06374,3.54945,0.589223,-3.58299,1,0
1.8334,1.06374,3.54945,0.589223,-3.58508,1,0
1.82583,1.06374,3.61538,0.589223,-3.59573,1,0
1.81845,1.06374,3.63736,0.589223,-3.61597,1,0
1.81117,1.07546,3.65934,0.589223,-3.62121,1,0
1.80111,1.09304,3.63736,0.589223,-3.63081,1,0
1.79651,1.09304,3.65934,0.589223,-3.65001,1,0
1.78952,1.10476,3.61538,0.589223,-3.64477,1,0
1.78204,1.09304,3.61538,0.589223,-3.66607,1,0
1.77495,1.08718,3.61538,0.589223,-3.67444,1,0
1.76757,1.08132,3.65934,0.589223,-3.6809,1,0
1.7601,1.0696,3.63736,0.589223,-3.69469,1,0
1.75262,1.07546,3.68132,0.589223,-3.7076,1,0
1.74285,1.08132,3.68132,0.589223,-3.7193,1,0
1.73777,1.08132,3.68132,0.589223,-3.73099,1,0
1.73029,1.08718,3.72527,0.589223,-3.73309,1,0
1.72282,1.09304,3.74725,0.589223,-3.74059,1,0
1.71535,1.08718,3.7033,0.589223,-3.76188,1,0
1.70787,1.07546,3.72527,0.589223,-3.77044,1,0
1.7003,1.06374,3.72527,0.589223,-3.78632,1,0
1.69244,1.05788,3.79121,0.589223,-3.79923,1,0
1.6819,1.04615,3.85714,0.589223,-3.80133,1,0
1.67673,1.04615,3.87912,0.589223,-3.80761,1,0
1.66858,1.05788,3.92308,0.589223,-3.81407,1,0
1.66072,1.08132,3.9011,0.589223,-3.82367,1,0
1.65277,1.09304,3.9011,0.589223,-3.84077,1,0
1.64539,1.10476,3.87912,0.589223,-3.86207,1,0
1.63763,1.11062,3.85714,0.589223,-3.86416,1,0
1.63025,1.0989,3.83516,0.589223,-3.8694,1,0
1.6199,1.07546,3.81319,0.589223,-3.88231,1,0
1.61463,1.07546,3.85714,0.589223,-3.8865,1,0
1.60668,1.06374,3.87912,0.589223,-3.90256,1,0
1.59863,1.0696,3.92308,0.589223,-3.90989,1,0
1.59058,1.0696,3.96703,0.589223,-3.92053,1,0
1.58301,1.07546,3.92308,0.589223,-3.92699,1,0
1.57496,1.09304,3.92308,0.589223,-3.9441,1,0
1.5672,1.09304,3.9011,0.589223,-3.95143,1,0
1.55685,1.07546,3.9011,0.589223,-3.95474,1,0
1.55129,1.0696,3.96703,0.589223,-3.96103,1,0
1.54314,1.05201,3.96703,0.589223,-3.97394,1,0
1.535,1.05788,4.01099,0.589223,-3.98668,1,0
1.52695,1.06374,4.05495,0.589223,-4.00047,1,0
1.51861,1.0696,4.03297,0.589223,-4.00152,1,0
1.51047,1.08718,4.01099,0.589223,-4.00693,1,0
1.50251,1.08718,4.03297,0.589223,-4.01967,1,0
1.49169,1.09304,3.98901,0.589223,-4.03677,1,0
1.48661,1.0989,3.98901,0.589223,-4.0441,1,0
1.47865,1.08718,4.01099,0.589223,-4.04096,1,0
1.47041,1.0696,3.98901,0.589223,-4.06121,1,0
1.46217,1.0696,4.03297,0.589223,-4.08041,1,0
1.45412,1.06374,4.05495,0.589223,-4.07727,1,0
1.4454,1.05788,4.07692,0.589223,-4.0921,1,0
1.43735,1.0696,4.14286,0.589223,-4.09629,1,0
1.42604,1.08718,4.14286,0.589223,-4.1017,1,0
1.42077,1.08718,4.12088,0.589223,-4.11235,1,0
1.41244,1.09304,4.07692,0.589223,-4.12404,1,0
1.40468,1.09304,4.07692,0.589223,-4.12945,1,0
1.39653,1.08132,4.05495,0.589223,-4.13573,1,0
1.38838,1.07546,4.05495,0.589223,-4.14638,1,0
1.38005,1.0696,4.0989,0.589223,-4.16453,0,0
1.37181,1.06374,4.0989,0.589223,-4.16994,0,0
1.36079,0.858608,4.12088,0.589223,-4.17518,0,0
1.356,0.776557,4.03297,0.589223,-4.18792,0,0
1.349,0.635898,3.83516,0.589223,-4.19438,0,0
1.34268,0.495238,3.63736,0.589223,-4.20293,0,0
1.33606,0.372161,3.48352,0.589223,-4.21148,0,0
1.32945,0.260806,3.46154,0.589223,-4.19438,0,0
1.32274,0.172894,3.41758,0.589223,-4.17623,0,0
1.31584,0.108425,3.3956,0.589223,-4.17623,0,0
1.30636,0.0439558,3.48352,0.589223,-4.17204,0,0
1.30137,0.0263739,3.50549,0.589223,-4.16663,0,0
1.294,0.00293064,3.59341,0.589223,-4.16244,0,0
1.28642,-0.00293064,3.61538,0.589223,-4.15179,0,0
1.27885,-0.00293064,3.68132,0.589223,-4.14533,0,0
1.27138,-0.0146523,3.7033,0.589223,-4.13259,0,0
1.26362,-0.0146523,3.72527,0.589223,-4.13259,0,0
1.25586,-0.0263739,3.79121,0.589223,-4.12509,0,0
1.24532,-0.0439558,3.83516,0.589223,-4.1188,0,0
1.23995,-0.0439558,3.87912,0.589223,-4.10379,0,0
1.23142,-0.0498171,3.98901,0.589223,-4.10379,0,0
1.22308,-0.0498171,4.05495,0.589223,-4.08896,0,0
1.21427,-0.0439558,4.14286,0.589223,-4.07604,0,0
1.20555,-0.0380955,4.23077,0.589223,-4.07395,0,0
1.19692,-0.0263739,4.27473,0.589223,-4.06662,0,0
1.18839,-0.0205126,4.25275,0.589223,-4.0633,0,0
1.1767,-0.0146523,4.25275,0.589223,-4.04951,0,0
1.17153,-0.0205126,4.25275,0.589223,-4.04306,0,0
1.1631,-0.00879097,4.20879,0.589223,-4.04951,0,0
1.15514,-0.00879097,4.14286,0.589223,-4.04201,0,0
1.14719,0.00293064,4.0989,0.589223,-4.0345,0,0
1.13914,0.00879097,4.03297,0.589223,-4.01862,0,0
1.13128,0.0146523,3.98901,0.589223,-4.01758,0,0
1.1239,0.0205126,3.94505,0.589223,-4.01548,0,0
1.11375,0.0205126,3.87912,0.589223,-3.99523,0,0
1.10847,0.0146523,3.87912,0.589223,-3.98982,0,0
1.10062,0.00879097,3.85714,0.589223,-3.99733,0,0
1.09295,-0.00879097,3.83516,0.589223,-3.99401,0,0
1.08519,-0.00879097,3.87912,0.589223,-4.00257,0,0
1.07704,-0.0263739,3.92308,0.589223,-4.00047,0,0
1.0688,-0.0263739,3.98901,0.589223,-3.98982,0,0
1.06047,-0.0205126,3.98901,0.589223,-3.97604,0,0
1.04992,-0.00879097,4.03297,0.589223,-3.96103,0,0
1.04456,-0.00879097,4.03297,0.589223,-3.94933,0,0
1.0367,0.00293064,3.98901,0.589223,-3.95247,0,0
1.02875,-0.00293064,4.01099,0.589223,-3.94305,0,0
1.02079,-0.00293064,3.92308,0.589223,-3.94724,0,0
1.01332,0.00293064,3.9011,0.589223,-3.95474,0,0
1.00594,0.00879097,3.85714,0.589223,-3.93345,0,0
0.998274,0.0146523,3.81319,0.589223,-3.92385,0,0
0.988404,0.0205126,3.76923,0.589223,-3.9228,0,0
0.983229,0.0146523,3.79121,0.589223,-3.91844,0,0
0.975851,0.0146523,3.74725,0.589223,-3.9057,0,0
0.968568,0.00879097,3.72527,0.589223,-3.91094,0,0
0.960806,-0.00293064,3.76923,0.589223,-3.90256,0,0
0.952948,-0.0146523,3.79121,0.589223,-3.90361,0,0
0.944803,-0.0322342,3.85714,0.589223,-3.89191,0,0
0.936945,-0.0380955,3.9011,0.589223,-3.88004,0,0
0.9265,-0.0322342,3.94505,0.589223,-3.879,0,0
0.921134,-0.0263739,3.92308,0.589223,-3.88231,0,0
0.913372,-0.00879097,3.92308,0.589223,-3.8769,0,0
0.905802,0.00293064,3.9011,0.589223,-3.8673,0,0
0.898231,0.0146523,3.83516,0.589223,-3.84706,0,0
0.890948,0.0263739,3.79121,0.589223,-3.83222,0,0
0.883761,0.0205126,3.72527,0.589223,-3.83955,0,0
0.876574,0.0205126,3.68132,0.589223,-3.84496,0,0
0.866609,0.0146523,3.61538,0.589223,-3.8385,0,0
0.862009,0.00879097,3.59341,0.589223,-3.83432,0,0
0.854534,-0.00293064,3.68132,0.589223,-3.81198,0,0
0.846581,-0.0205126,3.74725,0.589223,-3.80238,0,0
0.838723,-0.0205126,3.79121,0.589223,-3.80133,0,0
0.830865,-0.0146523,3.85714,0.589223,-3.80133,0,0
0.823199,-0.00879097,3.85714,0.589223,-3.79382,0,0
0.815533,0.00293064,3.85714,0.589223,-3.78632,0,0
0.805758,0.00293064,3.79121,0.589223,-3.78004,0,0
0.80068,0.00293064,3.74725,0.589223,-3.77044,0,0
0.793301,0.00293064,3.72527,0.589223,-3.76188,0,0
0.786114,-0.00293064,3.7033,0.589223,-3.75229,0,0
0.778831,0.00293064,3.68132,0.589223,-3.75019,0,0
0.771548,0.00293064,3.63736,0.589223,-3.74687,0,0
0.76417,0.00293064,3.68132,0.589223,-3.74687,0,0
0.756408,0.00293064,3.68132,0.589223,-3.7289,0,0
0.746729,0.00293064,3.7033,0.589223,-3.71389,0,0
0.741938,0.00293064,3.68132,0.589223,-3.71389,0,0
0.734559,-0.00293064,3.68132,0.589223,-3.7193,0,0
0.726989,-0.00879097,3.7033,0.589223,-3.7193,0,0
0.719419,-0.0205126,3.68132,0.589223,-3.7097,0,0
0.711944,-0.0263739,3.72527,0.589223,-3.69469,0,0
0.704374,-0.0205126,3.72527,0.589223,-3.67671,0,0
0.697091,-0.0146523,3.72527,0.589223,-3.67671,0,0
0.686934,-0.00293064,3.76923,0.589223,-3.67671,0,0
0.681759,-0.00293064,3.76923,0.589223,-3.67776,0,0
0.674668,0.00293064,3.74725,0.589223,-3.66275,0,0
0.667289,0.00879097,3.68132,0.589223,-3.64687,0,0
0.660294,0.00879097,3.63736,0.589223,-3.63831,0,0
0.653298,0.0146523,3.59341,0.589223,-3.64477,0,0
0.646207,0.00879097,3.54945,0.589223,-3.6329,0,0
0.639116,-0.00293064,3.54945,0.589223,-3.62872,0,0
0.629533,-0.00293064,3.59341,0.589223,-3.63186,0,0
0.62455,-0.00879097,3.59341,0.589223,-3.63831,0,0
0.617363,-0.00293064,3.59341,0.589223,-3.62453,0,0
0.609793,0.00293064,3.59341,0.589223,-3.59782,0,0
0.602989,0.0146523,3.59341,0.589223,-3.59468,0,0
0.595611,0.00879097,3.57143,0.589223,-3.58072,0,0
0.588424,0.00293064,3.61538,0.589223,-3.57339,0,0
0.580949,-0.00879097,3.61538,0.589223,-3.57548,0,0
0.570696,-0.00879097,3.65934,0.589223,-3.57758,0,0
0.566288,-0.00879097,3.61538,0.589223,-3.58718,0,0
0.559196,-0.0146523,3.63736,0.589223,-3.57548,0,0
0.55153,-0.00879097,3.63736,0.589223,-3.54354,0,0
0.544343,-0.00293064,3.61538,0.589223,-3.52749,0,0
0.537156,0.00293064,3.65934,0.589223,-3.5233,0,0
0.530448,0.0146523,3.57143,0.589223,-3.5233,0,0
0.523549,0.0205126,3.50549,0.589223,-3.5425,0,0
0.514733,0.0263739,3.43956,0.589223,-3.53813,0,0
0.509942,0.0146523,3.41758,0.589223,-3.52434,0,0
0.502946,0.00879097,3.3956,0.589223,-3.51265,0,0
0.496334,-0.00879097,3.41758,0.589223,-3.49345,0,0
0.489339,-0.0146523,3.41758,0.589223,-3.48699,0,0
0.482248,-0.0205126,3.50549,0.589223,-3.4849,0,0
0.474965,-0.0205126,3.52747,0.589223,-3.4774,0,0
0.467778,-0.0146523,3.54945,0.589223,-3.4753,0,0
0.458578,-0.00879097,3.52747,0.589223,-3.4753,0,0
0.453883,-0.00293064,3.50549,0.589223,-3.47216,0,0
0.446888,-0.00293064,3.50549,0.589223,-3.44755,0,0
0.439701,-0.00293064,3.48352,0.589223,-3.43376,0,0
0.432897,-0.00293064,3.48352,0.589223,-3.4273,0,0
0.425901,-0.0146523,3.50549,0.589223,-3.41456,0,0
0.419098,-0.0205126,3.46154,0.589223,-3.41771,0,0
0.412198,-0.0146523,3.46154,0.589223,-3.42312,0,0
0.403286,-0.00293064,3.41758,0.589223,-3.42102,0,0
0.398687,-0.00293064,3.37363,0.589223,-3.41352,0,0
0.392267,0.00879097,3.32967,0.589223,-3.41037,0,0
0.385654,0.00879097,3.32967,0.589223,-3.39641,0,0
0.378947,0.0146523,3.35165,0.589223,-3.37844,0,0
0.37243,0.00879097,3.28571,0.589223,-3.37302,0,0
0.365435,0.00879097,3.30769,0.589223,-3.36779,0,0
0.358919,-0.00879097,3.35165,0.589223,-3.36028,0,0
0.349719,-0.0205126,3.37363,0.589223,-3.36779,0,0
0.345216,-0.0205126,3.37363,0.589223,-3.36028,0,0
0.338316,-0.0263739,3.37363,0.589223,-3.35383,0,0
0.331512,-0.0205126,3.35165,0.589223,-3.35819,0,0
0.3249,-0.0205126,3.41758,0.589223,-3.33253,0,0
0.317905,-0.00879097,3.41758,0.589223,-3.32293,0,0
0.311101,-0.00293064,3.41758,0.589223,-3.32293,0,0
0.304681,0.00879097,3.37363,0.589223,-3.32625,0,0
0.295481,0.0146523,3.30769,0.589223,-3.33044,0,0
0.291553,0.0146523,3.30769,0.589223,-3.31979,0,0
0.285324,0.00879097,3.24176,0.589223,-3.29414,0,0
0.278712,0.00879097,3.21978,0.589223,-3.2889,0,0
0.272387,-0.00879097,3.21978,0.589223,-3.27616,0,0
0.265584,-0.0146523,3.24176,0.589223,-3.28035,0,0
0.259355,-0.0146523,3.24176,0.589223,-3.28244,0,0
0.252743,-0.00879097,3.24176,0.589223,-3.27284,0,0
0.244118,-0.00879097,3.26374,0.589223,-3.26865,0,0
0.23971,-0.00293064,3.24176,0.589223,-3.25591,0,0
0.232715,-0.00293064,3.28571,0.589223,-3.24946,0,0
0.226486,0.00293064,3.24176,0.589223,-3.23357,0,0
0.219874,0.00293064,3.28571,0.589223,-3.23776,0,0
0.213454,-0.00293064,3.26374,0.589223,-3.24736,0,0
0.20665,-0.00879097,3.28571,0.589223,-3.24195,0,0
0.199942,-0.0146523,3.30769,0.589223,-3.23462,0,0
0.191509,-0.0205126,3.24176,0.589223,-3.21647,0,0
0.186814,-0.0263739,3.28571,0.589223,-3.20146,0,0
0.180011,-0.0146523,3.32967,0.589223,-3.21333,0,0
0.173398,-0.0146523,3.30769,0.589223,-3.21437,0,0
0.166499,0.00293064,3.32967,0.589223,-3.20896,0,0
0.160078,0.00293064,3.30769,0.589223,-3.19727,0,0
0.153658,0.0146523,3.30769,0.589223,-3.18017,0,0
0.147429,0.0205126,3.1978,0.589223,-3.17179,0,0
0.138997,0.0205126,3.1978,0.589223,-3.16219,0,0
0.134589,0.00879097,3.17582,0.589223,-3.17388,0,0
0.128647,0.00879097,3.15385,0.589223,-3.17179,0,0
0.122035,-0.00879097,3.17582,0.589223,-3.16219,0,0
0.11571,-0.0146523,3.17582,0.589223,-3.15573,0,0
0.109482,-0.0263739,3.17582,0.589223,-3.13025,0,0
0.102966,-0.0205126,3.17582,0.589223,-3.12484,0,0
0.0963538,-0.0205126,3.1978,0.589223,-3.12693,0,0
0.0880167,-0.00879097,3.17582,0.589223,-3.12274,0,0
0.0838003,-0.00879097,3.15385,0.589223,-3.12274,0,0
0.0774758,0.00293064,3.15385,0.589223,-3.12065,0,0
0.0713429,0.00293064,3.13187,0.589223,-3.10878,0,0
0.0652101,0.00293064,3.13187,0.589223,-3.09499,0,0
0.0588856,-0.00879097,3.13187,0.589223,-3.07789,0,0
0.0526567,-0.0146523,3.10989,0.589223,-3.0737,0,0
0.0463321,-0.0205126,3.10989,0.589223,-3.07265,0,0
0.0377076,-0.0205126,3.10989,0.589223,-3.08016,0,0
0.0340664,-0.0205126,3.10989,0.589223,-3.08644,0,0
0.0279336,-0.00879097,3.08791,0.589223,-3.07475,0,0
0.0219922,-0.00293064,3.04396,0.589223,-3.047,0,0
0.0159552,0.00879097,3.04396,0.589223,-3.02047,0,0
0.0100141,0.00879097,3,0.589223,-3.02256,0,0
0.00455165,0.0205126,2.93407,0.589223,-3.01733,0,0
-0.0013895,0.0146523,2.93407,0.589223,-3.02361,0,0
-0.00896001,0.00879097,2.89011,0.589223,-3.02361,0,0
-0.0129845,0.00293064,2.89011,0.589223,-3.02256,0,0
-0.0190215,-0.00879097,2.91209,0.589223,-3.0161,0,0
-0.0249629,-0.0263739,2.93407,0.589223,-2.99586,0,0
-0.0311916,-0.0322342,2.95604,0.589223,-2.97788,0,0
-0.0371327,-0.0322342,3,0.589223,-2.96933,0,0
-0.0434575,-0.0322342,3.04396,0.589223,-2.96497,0,0
-0.0494945,-0.0205126,3.02198,0.589223,-2.96724,0,0
-0.0573523,-0.00293064,3,0.589223,-2.95554,0,0
-0.0615687,-0.00293064,3,0.589223,-2.96182,0,0
-0.0673182,0.00879097,2.97802,0.589223,-2.95223,0,0
-0.0730679,0.0146523,2.91209,0.589223,-2.93844,0,0
-0.0786257,0.0205126,2.89011,0.589223,-2.92343,0,0
-0.0841837,0.0205126,2.86813,0.589223,-2.90859,0,0
-0.0897417,0.00879097,2.82418,0.589223,-2.90964,0,0
-0.0953953,0.00293064,2.82418,0.589223,-2.90964,0,0
-0.102774,-0.00879097,2.82418,0.589223,-2.91173,0,0
-0.106703,-0.0146523,2.8022,0.589223,-2.90213,0,0
-0.112453,-0.0205126,2.82418,0.589223,-2.88084,0,0
-0.118202,-0.0205126,2.82418,0.589223,-2.86915,0,0
-0.124143,-0.0205126,2.84615,0.589223,-2.86286,0,0
-0.129893,-0.00879097,2.89011,0.589223,-2.8489,0,0
-0.135547,0.00293064,2.84615,0.589223,-2.85745,0,0
-0.141105,0.00879097,2.84615,0.589223,-2.86915,0,0
-0.148292,0.00879097,2.8022,0.589223,-2.86601,0,0
-0.152317,0.0146523,2.82418,0.589223,-2.85327,0,0
-0.157779,0.00879097,2.78022,0.589223,-2.84576,0,0
-0.163528,-0.00293064,2.78022,0.589223,-2.81801,0,0
-0.169086,-0.00879097,2.8022,0.589223,-2.79986,0,0
-0.174644,-0.0146523,2.8022,0.589223,-2.8105,0,0
-0.18049,-0.0205126,2.8022,0.589223,-2.81592,0,0
-0.186048,-0.0263739,2.82418,0.589223,-2.82133,0,0
-0.194288,-0.0146523,2.86813,0.589223,-2.83302,0,0
-0.197738,-0.0146523,2.86813,0.589223,-2.8201,0,0
-0.203488,-0.00879097,2.84615,0.589223,-2.79462,0,0
-0.20895,0.00293064,2.82418,0.589223,-2.77857,0,0
-0.214604,0.0146523,2.8022,0.589223,-2.75727,0,0
-0.21997,0.0263739,2.78022,0.589223,-2.75832,0,0
-0.225336,0.0205126,2.71429,0.589223,-2.77752,0,0
-0.230703,0.0263739,2.71429,0.589223,-2.77123,0,0
-0.237698,0.00293064,2.69231,0.589223,-2.77123,0,0
-0.241435,-0.00293064,2.69231,0.589223,-2.76164,0,0
-0.247185,-0.0146523,2.71429,0.589223,-2.73703,0,0
-0.252743,-0.0146523,2.73626,0.589223,-2.73074,0,0
-0.258205,-0.0146523,2.75824,0.589223,-2.74034,0,0
-0.263763,-0.0146523,2.75824,0.589223,-2.74034,0,0
-0.269225,-0.00879097,2.75824,0.589223,-2.73179,0,0
-0.274687,-0.00293064,2.73626,0.589223,-2.72638,0,0
-0.281682,0.0146523,2.71429,0.589223,-2.71783,0,0
-0.285324,0.00879097,2.69231,0.589223,-2.71783,0,0
-0.290594,0.0263739,2.64835,0.589223,-2.7084,0,0
-0.295769,0.0263739,2.64835,0.589223,-2.68484,0,0
-0.301135,0.0205126,2.62637,0.589223,-2.67961,0,0
-0.306502,0.0146523,2.64835,0.589223,-2.68589,0,0
-0.311868,-0.00293064,2.67033,0.589223,-2.68275,0,0
-0.31733,-0.00879097,2.67033,0.589223,-2.66564,0,0
-0.324229,-0.0146523,2.64835,0.589223,-2.65395,0,0
-0.327967,-0.0146523,2.67033,0.589223,-2.64767,0,0
-0.333237,-0.0146523,2.67033,0.589223,-2.64226,0,0
-0.338412,-0.00879097,2.64835,0.589223,-2.64121,0,0
-0.343586,-0.00293064,2.62637,0.589223,-2.64121,0,0
-0.348761,0.00293064,2.58242,0.589223,-2.62742,0,0
-0.353936,0.00879097,2.58242,0.589223,-2.61346,0,0
-0.35911,0.0146523,2.56044,0.589223,-2.60822,0,0
-0.365722,0.0205126,2.53846,0.589223,-2.59321,0,0
-0.369172,0.0205126,2.56044,0.589223,-2.59321,0,0
-0.374538,0.0146523,2.56044,0.589223,-2.59321,0,0
-0.379617,0.00879097,2.58242,0.589223,-2.58361,0,0
-0.384888,-0.00293064,2.56044,0.589223,-2.58588,0,0
-0.389967,-0.00879097,2.6044,0.589223,-2.57942,0,0
-0.395141,-0.0146523,2.58242,0.589223,-2.56337,0,0
-0.40022,-0.0205126,2.53846,0.589223,-2.54329,0,0
-0.40712,-0.0205126,2.51648,0.589223,-2.52829,0,0
-0.410378,-0.0205126,2.53846,0.589223,-2.53038,0,0
-0.415361,-0.0146523,2.51648,0.589223,-2.53038,0,0
-0.420344,-0.00879097,2.53846,0.589223,-2.54103,0,0
-0.425422,0.00293064,2.51648,0.589223,-2.53579,0,0
-0.430406,0.00879097,2.51648,0.589223,-2.51869,0,0
-0.435293,0.00879097,2.45055,0.589223,-2.51118,0,0
-0.44018,0.0146523,2.47253,0.589223,-2.5028,0,0
-0.446792,0.0146523,2.47253,0.589223,-2.4953,0,0
-0.450146,0.0146523,2.47253,0.589223,-2.48675,0,0
-0.455033,0.00293064,2.47253,0.589223,-2.4857,0,0
-0.460016,-0.00293064,2.47253,0.589223,-2.47069,0,0
-0.464999,-0.00879097,2.45055,0.589223,-2.47296,0,0
-0.469982,-0.0146523,2.49451,0.589223,-2.47296,0,0
-0.474869,-0.0146523,2.45055,0.589223,-2.46126,0,0
-0.479852,-0.0205126,2.45055,0.589223,-2.45376,0,0
-0.486464,-0.0205126,2.47253,0.589223,-2.4473,0,0
-0.490105,-0.0205126,2.49451,0.589223,-2.42915,0,0
-0.494993,-0.0146523,2.51648,0.589223,-2.42182,0,0
-0.500072,-0.00879097,2.49451,0.589223,-2.42496,0,0
-0.505054,0.00293064,2.49451,0.589223,-2.41431,0,0
-0.509846,0.00879097,2.49451,0.589223,-2.41641,0,0
-0.51435,0.0205126,2.40659,0.589223,-2.41746,0,0
-0.518949,0.0322342,2.36264,0.589223,-2.40262,0,0
-0.525082,0.0263739,2.34066,0.589223,-2.38238,0,0
-0.52834,0.0205126,2.36264,0.589223,-2.38342,0,0
-0.533227,0.00293064,2.34066,0.589223,-2.39512,0,0
-0.53821,-0.00879097,2.42857,0.589223,-2.39616,0,0
-0.543098,-0.0146523,2.40659,0.589223,-2.38552,0,0
-0.547985,-0.0263739,2.40659,0.589223,-2.37278,0,0
-0.552776,-0.0146523,2.42857,0.589223,-2.36213,0,0
-0.557568,-0.0146523,2.40659,0.589223,-2.35044,0,0
-0.563796,-0.00879097,2.36264,0.589223,-2.35358,0,0
-0.56715,-0.00293064,2.42857,0.589223,-2.36108,0,0
-0.571846,-0.00293064,2.40659,0.589223,-2.35253,0,0
-0.576637,0.00879097,2.36264,0.589223,-2.33124,0,0
-0.581332,0.0146523,2.34066,0.589223,-2.32059,0,0
-0.585836,0.0146523,2.34066,0.589223,-2.31413,0,0
-0.590628,0.0263739,2.31868,0.589223,-2.31099,0,0
-0.594844,0.0263739,2.27473,0.589223,-2.33228,0,0
-0.601168,0.0146523,2.2967,0.589223,-2.33438,0,0
-0.604235,0.0146523,2.2967,0.589223,-2.33228,0,0
-0.608931,-0.00293064,2.31868,0.589223,-2.31518,0,0
-0.613626,-0.00879097,2.34066,0.589223,-2.2972,0,0
-0.618418,-0.0146523,2.34066,0.589223,-2.28656,0,0
-0.623305,-0.0205126,2.34066,0.589223,-2.278,0,0
-0.627904,-0.0146523,2.34066,0.589223,-2.278,0,0
-0.632504,-0.0146523,2.34066,0.589223,-2.27469,0,0
-0.638349,-0.00879097,2.31868,0.589223,-2.28534,0,0
-0.641607,0.00293064,2.27473,0.589223,-2.29179,0,0
-0.646111,0.00293064,2.27473,0.589223,-2.28429,0,0
-0.650519,0.00879097,2.25275,0.589223,-2.26509,0,0
-0.654927,0.0146523,2.23077,0.589223,-2.24711,0,0
-0.659719,0.0146523,2.25275,0.589223,-2.2438,0,0
-0.664031,0.0205126,2.25275,0.589223,-2.2513,0,0
-0.668726,0.0205126,2.25275,0.589223,-2.25444,0,0
-0.674572,0.0146523,2.25275,0.589223,-2.24607,0,0
-0.677734,0.00879097,2.25275,0.589223,-2.25671,0,0
-0.682142,0.00879097,2.23077,0.589223,-2.2417,0,0
-0.686646,-0.00293064,2.23077,0.589223,-2.2321,0,0
-0.69115,-0.00293064,2.25275,0.589223,-2.21727,0,0
-0.695462,-0.00879097,2.20879,0.589223,-2.20557,0,0
-0.699966,-0.0146523,2.23077,0.589223,-2.21081,0,0
-0.70447,-0.00879097,2.23077,0.589223,-2.20662,0,0
-0.710219,-0.00879097,2.23077,0.589223,-2.20872,0,0
-0.713286,-0.00879097,2.20879,0.589223,-2.2033,0,0
-0.717885,-0.00293064,2.25275,0.589223,-2.19388,0,0
-0.722389,-0.00293064,2.25275,0.589223,-2.17992,0,0
-0.726797,0.00879097,2.20879,0.589223,-2.17573,0,0
-0.73111,0.0146523,2.18681,0.589223,-2.16927,0,0
-0.73523,0.0146523,2.16484,0.589223,-2.17137,0,0
-0.739638,0.0263739,2.14286,0.589223,-2.16927,0,0
-0.745196,0.0205126,2.12088,0.589223,-2.17468,0,0
-0.748071,0.0205126,2.12088,0.589223,-2.16822,0,0
-0.752479,0.0146523,2.12088,0.589223,-2.14484,0,0
-0.756695,0.00879097,2.14286,0.589223,-2.13628,0,0
-0.760912,-0.00879097,2.12088,0.589223,-2.1225,0,0
-0.765224,-0.00879097,2.12088,0.589223,-2.12354,0,0
-0.769536,-0.0146523,2.12088,0.589223,-2.12878,0,0
-0.773752,-0.0146523,2.14286,0.589223,-2.13419,0,0
-0.779598,-0.00879097,2.12088,0.589223,-2.12564,0,0
-0.782281,-0.00879097,2.14286,0.589223,-2.12023,0,0
-0.786497,-0.00879097,2.14286,0.589223,-2.10853,0,0
-0.790905,-0.00293064,2.12088,0.589223,-2.08829,0,0
-0.795218,-0.00293064,2.14286,0.589223,-2.0724,0,0
-0.79953,-0.00293064,2.14286,0.589223,-2.07555,0,0
-0.80365,0.00879097,2.14286,0.589223,-2.07555,0,0
-0.807771,0.0146523,2.07692,0.589223,-2.06699,0,0
-0.813041,0.0263739,2.07692,0.589223,-2.06909,0,0
-0.815724,0.0322342,2.01099,0.589223,-2.05216,0,0
-0.819557,0.0322342,1.98901,0.589223,-2.02982,0,0
-0.823582,0.0263739,1.98901,0.589223,-2.02336,0,0
-0.827607,0.0146523,1.98901,0.589223,-2.02982,0,0
-0.831536,0.00293064,1.96703,0.589223,-2.03296,0,0
-0.835848,-0.0146523,1.98901,0.589223,-2.03942,0,0
-0.840065,-0.0146523,2.05495,0.589223,-2.02755,0,0
-0.845335,-0.0205126,2.03297,0.589223,-2.01481,0,0
-0.84821,-0.0146523,2.03297,0.589223,-1.98182,0,0
-0.85233,-0.0146523,2.05495,0.589223,-1.97536,0,0
-0.856259,-0.00879097,2.01099,0.589223,-1.98182,0,0
-0.860284,-0.00879097,2.01099,0.589223,-1.97222,0,0
-0.8645,-0.00293064,2.01099,0.589223,-1.97973,0,0
-0.868716,0.00293064,2.05495,0.589223,-1.98182,0,0
-0.872549,0.00879097,2.01099,0.589223,-1.96367,0,0
-0.877629,0.0146523,1.98901,0.589223,-1.93383,0,0
-0.880408,0.0205126,2.01099,0.589223,-1.94028,0,0
-0.884432,0.0205126,1.98901,0.589223,-1.94988,0,0
-0.888265,0.0205126,1.96703,0.589223,-1.94028,0,0
-0.89229,0.0205126,1.96703,0.589223,-1.94779,0,0
-0.896314,0.0205126,1.98901,0.589223,-1.93819,0,0
-0.900148,0.0205126,1.96703,0.589223,-1.91463,0,0
-0.904076,0.0146523,1.96703,0.589223,-1.90084,0,0
-0.90906,0.00293064,1.92308,0.589223,-1.89229,0,0
-0.911743,-0.00293064,1.96703,0.589223,-1.90293,0,0
-0.915863,-0.00879097,1.96703,0.589223,-1.91899,0,0
-0.919792,-0.0146523,1.98901,0.589223,-1.91585,0,0
-0.923913,-0.0263739,1.96703,0.589223,-1.89665,0,0
-0.928033,-0.0205126,2.03297,0.589223,-1.87955,0,0
-0.931962,-0.0146523,1.98901,0.589223,-1.86785,0,0
-0.935795,-0.00879097,1.98901,0.589223,-1.86471,0,0
-0.941066,-0.00879097,1.94505,0.589223,-1.87414,0,0
-0.943462,-0.00293064,1.94505,0.589223,-1.87204,0,0
-0.947199,0.00293064,1.92308,0.589223,-1.88915,0,0
-0.95084,0.00879097,1.85714,0.589223,-1.87955,0,0
-0.954577,0.0146523,1.87912,0.589223,-1.85406,0,0
-0.958219,0.0205126,1.85714,0.589223,-1.8401,0,0
-0.961668,0.0205126,1.81319,0.589223,-1.8401,0,0
-0.965118,0.0263739,1.76923,0.589223,-1.85406,0,0
-0.969718,0.0205126,1.76923,0.589223,-1.8518,0,0
-0.972401,0.0146523,1.76923,0.589223,-1.84656,0,0
-0.975755,0.00879097,1.74725,0.589223,-1.83591,0,0
-0.979492,0.00293064,1.79121,0.589223,-1.8305,0,0
-0.983325,-0.00293064,1.79121,0.589223,-1.81235,0,0
-0.986871,-0.0146523,1.79121,0.589223,-1.79752,0,0
-0.990704,-0.0146523,1.81319,0.589223,-1.80293,0,0
-0.994345,-0.0146523,1.83516,0.589223,-1.81671,0,0
-0.999137,-0.0146523,1.83516,0.589223,-1.8113,0,0
-1.00153,-0.0146523,1.79121,0.589223,-1.79752,0,0
-1.00537,-0.00879097,1.79121,0.589223,-1.78477,0,0
-1.00872,-0.00293064,1.81319,0.589223,-1.77622,0,0
-1.01226,-0.00879097,1.76923,0.589223,-1.76453,0,0
-1.016,-0.00879097,1.79121,0.589223,-1.76976,0,0
-1.01955,-0.00293064,1.79121,0.589223,-1.77308,0,0
-1.02319,-0.00293064,1.79121,0.589223,-1.77622,0,0
-1.02779,0.00879097,1.76923,0.589223,-1.77622,0,0
-1.03028,0.00879097,1.79121,0.589223,-1.76453,0,0
-1.03373,0.0146523,1.74725,0.589223,-1.74533,0,0
-1.03699,0.0205126,1.72527,0.589223,-1.74114,0,0
-1.04025,0.0263739,1.65934,0.589223,-1.73992,0,0
-1.0435,0.0205126,1.65934,0.589223,-1.73992,0,0
-1.04705,0.00879097,1.68132,0.589223,-1.74428,0,0
-1.0504,0.00293064,1.68132,0.589223,-1.74114,0,0
-1.05491,-0.00879097,1.65934,0.589223,-1.73259,0,0
-1.0573,-0.00879097,1.7033,0.589223,-1.71548,0,0
-1.06085,-0.0146523,1.72527,0.589223,-1.69419,0,0
-1.0642,-0.0146523,1.7033,0.589223,-1.67604,0,0
-1.06765,-0.0205126,1.68132,0.589223,-1.69105,0,0
-1.07129,-0.0205126,1.72527,0.589223,-1.70798,0,0
-1.07465,-0.0146523,1.74725,0.589223,-1.69419,0,0
-1.0781,-0.00879097,1.72527,0.589223,-1.6825,0,0
-1.08251,0.00293064,1.68132,0.589223,-1.67395,0,0
-1.08452,-0.00293064,1.63736,0.589223,-1.66225,0,0
-1.08778,-0.00293064,1.61538,0.589223,-1.66016,0,0
-1.09113,0.00293064,1.61538,0.589223,-1.6537,0,0
-1.09439,0.00293064,1.61538,0.589223,-1.65684,0,0
-1.09774,0.00293064,1.61538,0.589223,-1.66016,0,0
-1.1009,0.00293064,1.63736,0.589223,-1.6537,0,0
-1.10407,0.00879097,1.61538,0.589223,-1.63241,0,0
-1.10828,0.0205126,1.59341,0.589223,-1.61426,0,0
-1.1103,0.0205126,1.57143,0.589223,-1.60361,0,0
-1.11355,0.0205126,1.54945,0.589223,-1.59733,0,0
-1.11652,0.0205126,1.54945,0.589223,-1.60466,0,0
-1.11949,0.0146523,1.52747,0.589223,-1.61111,0,0
-1.12237,0.0146523,1.54945,0.589223,-1.61007,0,0
-1.12563,0.00293064,1.52747,0.589223,-1.59733,0,0
-1.12879,-0.00293064,1.50549,0.589223,-1.59192,0,0
-1.13301,-0.0146523,1.57143,0.589223,-1.57376,0,0
-1.13502,-0.0205126,1.57143,0.589223,-1.56207,0,0
-1.13828,-0.0146523,1.57143,0.589223,-1.56416,0,0
-1.14154,-0.0205126,1.59341,0.589223,-1.55893,0,0
-1.1447,-0.0146523,1.54945,0.589223,-1.55142,0,0
-1.14757,-0.00879097,1.54945,0.589223,-1.53327,0,0
-1.15045,-0.00293064,1.50549,0.589223,-1.53432,0,0
-1.15351,-0.00293064,1.50549,0.589223,-1.54724,0,0
-1.15773,-0.0146523,1.48352,0.589223,-1.53327,0,0
-1.15965,-0.0146523,1.50549,0.589223,-1.52158,0,0
-1.1629,-0.0146523,1.50549,0.589223,-1.52367,0,0
-1.16588,-0.00879097,1.52747,0.589223,-1.52053,0,0
-1.16885,-0.00293064,1.48352,0.589223,-1.52263,0,0
-1.17182,-0.00293064,1.50549,0.589223,-1.5153,0,0
-1.17479,0.00293064,1.52747,0.589223,-1.51634,0,0
-1.17785,0.00879097,1.48352,0.589223,-1.51093,0,0
-1.18169,0.0146523,1.46154,0.589223,-1.51634,0,0
-1.1836,0.0146523,1.48352,0.589223,-1.4865,0,0
-1.18657,0.00879097,1.48352,0.589223,-1.48754,0,0
-1.18974,0.0146523,1.46154,0.589223,-1.48754,0,0
-1.19232,0.0146523,1.46154,0.589223,-1.4769,0,0
-1.1952,0.00879097,1.41758,0.589223,-1.47376,0,0
-1.19826,-0.00293064,1.43956,0.589223,-1.4748,0,0
-1.20124,-0.00879097,1.46154,0.589223,-1.47254,0,0
-1.20507,-0.00879097,1.43956,0.589223,-1.4748,0,0
-1.20698,-0.00879097,1.43956,0.589223,-1.47044,0,0
-1.20986,-0.00879097,1.43956,0.589223,-1.45875,0,0
-1.21273,-0.0146523,1.43956,0.589223,-1.45246,0,0
-1.2157,-0.0146523,1.43956,0.589223,-1.45456,0,0
-1.21877,-0.0146523,1.43956,0.589223,-1.44705,0,0
-1.22155,-0.0146523,1.46154,0.589223,-1.43536,0,0
-1.22462,-0.0146523,1.43956,0.589223,-1.431,0,0
-1.22826,-0.0146523,1.41758,0.589223,-1.43222,0,0
-1.23037,-0.00879097,1.43956,0.589223,-1.43641,0,0
-1.23324,-0.0146523,1.46154,0.589223,-1.42785,0,0
-1.23602,-0.00879097,1.41758,0.589223,-1.41826,0,0
-1.23889,-0.00879097,1.41758,0.589223,-1.42471,0,0
-1.24167,-0.00293064,1.43956,0.589223,-1.42367,0,0
-1.24464,-0.00293064,1.3956,0.589223,-1.41511,0,0
-1.24733,-0.00293064,1.37363,0.589223,-1.40447,0,0
-1.25087,0.00879097,1.3956,0.589223,-1.39382,0,0
-1.25289,0.00879097,1.37363,0.589223,-1.39696,0,0
-1.25547,0.00879097,1.35165,0.589223,-1.40656,0,0
-1.25816,0.00293064,1.35165,0.589223,-1.39906,0,0
-1.26103,0.00879097,1.32967,0.589223,-1.39277,0,0
-1.26323,0.00879097,1.30769,0.589223,-1.39068,0,0
-1.26601,0.00879097,1.30769,0.589223,-1.38632,0,0
-1.2687,0.00879097,1.32967,0.589223,-1.37986,0,0
-1.27234,-0.00293064,1.32967,0.589223,-1.38108,0,0
-1.27416,-0.00293064,1.37363,0.589223,-1.37672,0,0
-1.27694,-0.00293064,1.32967,0.589223,-1.35123,0,0
-1.27962,-0.00293064,1.35165,0.589223,-1.35123,0,0
-1.2823,-0.00293064,1.35165,0.589223,-1.35123,0,0
-1.2848,-0.00879097,1.30769,0.589223,-1.33954,0,0
-1.28758,-0.00879097,1.32967,0.589223,-1.33622,0,0
-1.29035,-0.0146523,1.32967,0.589223,-1.33099,0,0
-1.29371,-0.00879097,1.32967,0.589223,-1.33727,0,0
-1.29534,-0.00879097,1.30769,0.589223,-1.32767,0,0
-1.29792,-0.0146523,1.28571,0.589223,-1.31179,0,0
-1.30051,-0.0146523,1.28571,0.589223,-1.3097,0,0
-1.3031,-0.0205126,1.30769,0.589223,-1.2905,0,0
-1.30559,-0.0205126,1.28571,0.589223,-1.2905,0,0
-1.30818,-0.0146523,1.30769,0.589223,-1.28613,0,0
-1.31096,-0.0146523,1.26374,0.589223,-1.2788,0,0
-1.31441,-0.00879097,1.28571,0.589223,-1.27776,0,0
-1.31604,-0.00293064,1.30769,0.589223,-1.26379,0,0
-1.31843,0.00293064,1.28571,0.589223,-1.2596,0,0
-1.32092,0.00293064,1.24176,0.589223,-1.2617,0,0
-1.32341,0.00879097,1.26374,0.589223,-1.26275,0,0
-1.32552,0.0146523,1.1978,0.589223,-1.25315,0,0
-1.32811,0.0146523,1.1978,0.589223,-1.23604,0,0
-1.3306,0.0146523,1.17582,0.589223,-1.23081,0,0
-1.33367,0.0146523,1.15385,0.589223,-1.2329,0,0
-1.3353,0.0146523,1.17582,0.589223,-1.22976,0,0
-1.3375,0.0146523,1.17582,0.589223,-1.21597,0,0
-1.3398,0.00879097,1.15385,0.589223,-1.20742,0,0
-1.34191,-0.00293064,1.13187,0.589223,-1.20847,0,0
-1.34459,-0.00879097,1.17582,0.589223,-1.19782,0,0
-1.34708,-0.00879097,1.17582,0.589223,-1.19346,0,0
-1.34929,-0.00879097,1.1978,0.589223,-1.19241,0,0
-1.35255,-0.00293064,1.17582,0.589223,-1.18176,0,0
-1.35408,-0.00293064,1.1978,0.589223,-1.17757,0,0
-1.35667,-0.00879097,1.1978,0.589223,-1.17757,0,0
-1.35897,-0.0146523,1.17582,0.589223,-1.17112,0,0
-1.36127,-0.00879097,1.15385,0.589223,-1.16483,0,0
-1.36347,-0.00879097,1.13187,0.589223,-1.16693,0,0
-1.36586,-0.00879097,1.17582,0.589223,-1.15296,0,0
-1.36807,-0.0146523,1.13187,0.589223,-1.13918,0,0
-1.37123,-0.0205126,1.13187,0.589223,-1.14668,0,0
-1.37267,-0.0205126,1.13187,0.589223,-1.14022,0,0
-1.37516,-0.0146523,1.15385,0.589223,-1.13708,0,0
-1.37736,-0.0146523,1.15385,0.589223,-1.14022,0,0
-1.37947,-0.00879097,1.13187,0.589223,-1.12644,0,0
-1.38187,-0.00879097,1.10989,0.589223,-1.12644,0,0
-1.38398,-0.00879097,1.10989,0.589223,-1.13604,0,0
-1.38618,-0.00293064,1.10989,0.589223,-1.13062,0,0
-1.38925,-0.00293064,1.13187,0.589223,-1.12644,0,0
-1.39078,-0.00293064,1.13187,0.589223,-1.11038,0,0
-1.39308,0.00293064,1.10989,0.589223,-1.11893,0,0
-1.39519,0.00293064,1.08791,0.589223,-1.11038,0,0
-1.3973,0.00293064,1.06593,0.589223,-1.10724,0,0
-1.39969,0.00293064,1.10989,0.589223,-1.11038,0,0
-1.4019,0.00293064,1.08791,0.589223,-1.10933,0,0
-1.404,0.00879097,1.10989,0.589223,-1.11038,0,0
-1.40688,0.0146523,1.08791,0.589223,-1.10828,0,0
-1.40813,0.0146523,1.04396,0.589223,-1.09659,0,0
-1.41023,0.00879097,1.06593,0.589223,-1.0924,0,0
-1.41234,0.00879097,1.06593,0.589223,-1.0924,0,0
-1.41445,0.00293064,1.04396,0.589223,-1.08699,0,0
-1.41637,-0.00293064,1,0.589223,-1.08909,0,0
-1.41876,-0.00293064,1.06593,0.589223,-1.0828,0,0
-1.42087,-0.00879097,1.06593,0.589223,-1.06989,0,0
-1.42355,0.00293064,1.04396,0.589223,-1.06884,0,0
-1.42499,0.00293064,1.02198,0.589223,-1.06989,0,0
-1.427,0.00293064,1.04396,0.589223,-1.0657,0,0
-1.42921,-0.00293064,1.02198,0.589223,-1.05715,0,0
-1.43112,-0.0146523,1.04396,0.589223,-1.04964,0,0
-1.43333,-0.0146523,1.04396,0.589223,-1.05069,0,0
-1.43544,-0.0146523,1.06593,0.589223,-1.04964,0,0
-1.43754,-0.0146523,1.02198,0.589223,-1.04755,0,0
-1.44013,-0.00879097,1,0.589223,-1.04004,0,0
-1.44176,-0.00879097,1.02198,0.589223,-1.02207,0,0
-1.44368,-0.0146523,1.02198,0.589223,-1.02416,0,0
-1.44569,-0.00879097,1.04396,0.589223,-1.02311,0,0
-1.4478,-0.00293064,1,0.589223,-1.01351,0,0
-1.44981,-0.00293064,1,0.589223,-1.01247,0,0
-1.45163,-0.00293064,1,0.589223,-1.00601,0,0
-1.45364,-0.00879097,1.02198,0.589223,-1.0081,0,0
-1.45642,-0.00879097,0.978024,0.589223,-1.00287,0,0
-1.45786,-0.00879097,0.978024,0.589223,-0.990126,0,0
-1.45978,-0.0146523,1.02198,0.589223,-0.988904,0,0
-1.46198,-0.00879097,1,0.589223,-0.981574,0,0
-1.4638,-0.00879097,0.956043,0.589223,-0.976163,0,0
-1.46572,0.00293064,0.978024,0.589223,-0.976163,0,0
-1.46763,0.00293064,0.978024,0.589223,-0.975116,0,0
-1.46936,0.00879097,0.912086,0.589223,-0.966564,0,0
-1.47166,0.00879097,0.912086,0.589223,-0.960281,0,0
-1.4731,0.00879097,0.912086,0.589223,-0.944224,0,0
-1.47501,0.00293064,0.934067,0.589223,-0.946318,0,0
-1.47712,0.00879097,0.956043,0.589223,-0.946318,0,0
-1.47875,0.0146523,0.934067,0.589223,-0.938987,0,0
-1.48038,0.0146523,0.89011,0.589223,-0.93253,0,0
-1.48239,0.00879097,0.89011,0.589223,-0.936719,0,0
-1.48402,0.00293064,0.868134,0.589223,-0.927119,0,0
-1.4868,-0.00293064,0.912086,0.589223,-0.917695,0,0
-1.48785,-0.00293064,0.912086,0.589223,-0.923978,0,0
-1.48987,-0.00293064,0.934067,0.589223,-0.908095,0,0
-1.49149,0.00293064,0.912086,0.589223,-0.896227,0,0
-1.49341,0.00293064,0.89011,0.589223,-0.897449,0,0
-1.49514,0.00879097,0.89011,0.589223,-0.892038,0,0
-1.49686,0.00293064,0.89011,0.589223,-0.889944,0,0
-1.49868,0.00293064,0.89011,0.589223,-0.873887,0,0
-1.50089,-0.00293064,0.868134,0.589223,-0.87825,0,0
-1.50213,-0.00293064,0.846153,0.589223,-0.876156,0,0
-1.50405,-0.00879097,0.868134,0.589223,-0.861146,0,0
-1.50568,-0.00879097,0.868134,0.589223,-0.862193,0,0
-1.50731,-0.00293064,0.868134,0.589223,-0.86324,0,0
-1.50913,-0.00293064,0.868134,0.589223,-0.865335,0,0
-1.51066,-0.00879097,0.824177,0.589223,-0.847358,0,0
-1.51219,-0.00879097,0.802197,0.589223,-0.842994,0,0
-1.51459,-0.0146523,0.824177,0.589223,-0.848405,0,0
-1.51564,-0.0146523,0.846153,0.589223,-0.841947,0,0
-1.51756,-0.0205126,0.846153,0.589223,-0.832348,0,0
-1.51919,-0.0146523,0.846153,0.589223,-0.827112,0,0
-1.52072,-0.00879097,0.802197,0.589223,-0.829206,0,0
-1.52235,-0.00293064,0.802197,0.589223,-0.831301,0,0
-1.52398,-0.00293064,0.824177,0.589223,-0.822749,0,0
-1.52551,-0.00293064,0.78022,0.589223,-0.823796,0,0
-1.52772,-0.0146523,0.824177,0.589223,-0.814196,0,0
-1.52896,-0.0205126,0.824177,0.589223,-0.804772,0,0
-1.53069,-0.0146523,0.824177,0.589223,-0.806866,0,0
-1.53222,-0.0146523,0.846153,0.589223,-0.80896,0,0
-1.53395,-0.00879097,0.802197,0.589223,-0.801455,0,0
-1.53557,-0.00293064,0.824177,0.589223,-0.810008,0,0
-1.53711,0.00293064,0.78022,0.589223,-0.806866,0,0
-1.53864,0.00879097,0.802197,0.589223,-0.795172,0,0
-1.54065,0.00879097,0.78022,0.589223,-0.78662,0,0
-1.54171,0.00293064,0.758244,0.589223,-0.79622,0,0
-1.54314,0.00293064,0.758244,0.589223,-0.788715,0,0
-1.54458,-0.00293064,0.758244,0.589223,-0.792903,0,0
-1.5465,-0.00293064,0.78022,0.589223,-0.79622,0,0
-1.54822,-0.00293064,0.802197,0.589223,-0.777021,0,0
-1.54966,0.00293064,0.802197,0.589223,-0.768469,0,0
-1.55139,0.00293064,0.758244,0.589223,-0.763233,0,0
-1.55311,0.0146523,0.736263,0.589223,-0.770563,0,0
-1.55388,0.0146523,0.736263,0.589223,-0.77161,0,0
-1.55522,0.0146523,0.692307,0.589223,-0.751365,0,0
-1.55666,0.00293064,0.692307,0.589223,-0.741765,0,0
-1.55838,-0.00293064,0.692307,0.589223,-0.74927,0,0
-1.55972,-0.00879097,0.736263,0.589223,-0.752412,0,0
-1.56126,-0.0146523,0.736263,0.589223,-0.742987,0,0
-1.56288,-0.00879097,0.736263,0.589223,-0.725883,0,0
-1.5648,-0.00879097,0.758244,0.589223,-0.729024,0,0
-1.56566,-0.00293064,0.714287,0.589223,-0.724836,0,0
-1.5671,0.00293064,0.714287,0.589223,-0.706684,0,0
-1.56844,-0.00879097,0.714287,0.589223,-0.706684,0,0
-1.56998,-0.00879097,0.67033,0.589223,-0.715236,0,0
-1.57161,-0.00293064,0.736263,0.589223,-0.706684,0,0
-1.57304,-0.00293064,0.714287,0.589223,-0.700226,0,0
-1.57458,-0.00293064,0.736263,0.589223,-0.701448,0,0
-1.5764,-0.00293064,0.714287,0.589223,-0.698132,0,0
-1.57726,-0.00293064,0.692307,0.589223,-0.693943,0,0
-1.5786,-0.00293064,0.67033,0.589223,-0.68958,0,0
-1.57994,-0.00293064,0.67033,0.589223,-0.665145,0,0
-1.58119,-0.00293064,0.67033,0.589223,-0.666192,0,0
-1.58263,-0.00879097,0.67033,0.589223,-0.673697,0,0
-1.58387,-0.00879097,0.64835,0.589223,-0.669334,0,0
-1.58531,-0.0146523,0.692307,0.589223,-0.663051,0,0
-1.58722,-0.0146523,0.67033,0.589223,-0.658688,0,0
-1.58799,-0.0146523,0.692307,0.589223,-0.65764,0,0
-1.58933,-0.00879097,0.67033,0.589223,-0.656593,0,0
-1.59067,-0.0146523,0.64835,0.589223,-0.641758,0,0
-1.59202,-0.0146523,0.64835,0.589223,-0.632159,0,0
-1.59307,-0.00879097,0.626373,0.589223,-0.631111,0,0
-1.59432,-0.00879097,0.582417,0.589223,-0.637395,0,0
-1.59537,0.00293064,0.604397,0.589223,-0.623606,0,0
-1.5969,0.00879097,0.582417,0.589223,-0.615054,0,0
-1.59767,0.00293064,0.582417,0.589223,-0.621512,0,0
-1.59882,-0.00293064,0.582417,0.589223,-0.611913,0,0
-1.60016,-0.00293064,0.604397,0.589223,-0.607549,0,0
-1.60141,-0.00879097,0.604397,0.589223,-0.604408,0,0
-1.60275,-0.00879097,0.626373,0.589223,-0.596903,0,0
-1.60399,-0.00879097,0.626373,0.589223,-0.583115,0,0
-1.60514,-0.00879097,0.604397,0.589223,-0.576657,0,0
-1.60668,0.00293064,0.604397,0.589223,-0.58102,0,0
-1.60744,0.00293064,0.582417,0.589223,-0.577879,0,0
-1.60831,0.00293064,0.516483,0.589223,-0.570374,0,0
-1.60936,0.00879097,0.53846,0.589223,-0.559727,0,0
-1.61032,0.00293064,0.494507,0.589223,-0.561822,0,0
-1.61128,0.00293064,0.472527,0.589223,-0.564963,0,0
-1.61252,-0.00879097,0.516483,0.589223,-0.555364,0,0
-1.61367,-0.0146523,0.53846,0.589223,-0.542623,0,0
-1.6154,-0.0146523,0.582417,0.589223,-0.541576,0,0
-1.61616,-0.0146523,0.582417,0.589223,-0.539482,0,0
-1.61731,-0.00879097,0.56044,0.589223,-0.533024,0,0
-1.61808,0.00293064,0.56044,0.589223,-0.528835,0,0
-1.61923,0.00293064,0.516483,0.589223,-0.534071,0,0
-1.62019,0.00879097,0.516483,0.589223,-0.526741,0,0
-1.62115,0.00879097,0.494507,0.589223,-0.514872,0,0
-1.62211,0.00879097,0.494507,0.589223,-0.518188,0,0
-1.62326,0.00293064,0.45055,0.589223,-0.513825,0,0
-1.62383,0.00293064,0.472527,0.589223,-0.510684,0,0
-1.62498,0.00293064,0.42857,0.589223,-0.505273,0,0
-1.62594,-0.00293064,0.494507,0.589223,-0.496895,0,0
-1.6269,-0.00293064,0.494507,0.589223,-0.504226,0,0
-1.62814,0.00293064,0.494507,0.589223,-0.49899,0,0
-1.62881,0.00879097,0.472527,0.589223,-0.487296,0,0
-1.62977,0.00879097,0.472527,0.589223,-0.47665,0,0
-1.63102,0.00879097,0.45055,0.589223,-0.480838,0,0
-1.63169,0.00293064,0.472527,0.589223,-0.473334,0,0
-1.63255,0.00293064,0.472527,0.589223,-0.469145,0,0
-1.63361,0.00879097,0.45055,0.589223,-0.458498,0,0
-1.63447,0.00293064,0.45055,0.589223,-0.459545,0,0
-1.63504,0.00293064,0.42857,0.589223,-0.462687,0,0
-1.63591,0.00293064,0.406593,0.589223,-0.454309,0,0
-1.63667,0.00293064,0.406593,0.589223,-0.447852,0,0
-1.63811,0.00293064,0.42857,0.589223,-0.436158,0,0
-1.63859,0.00293064,0.45055,0.589223,-0.427606,0,0
-1.63935,0.00879097,0.384617,0.589223,-0.423417,0,0
-1.64012,0.00879097,0.362637,0.589223,-0.425511,0,0
-1.64089,-0.00293064,0.406593,0.589223,-0.422195,0,0
-1.64165,-0.00879097,0.384617,0.589223,-0.416959,0,0
-1.64242,-0.00879097,0.362637,0.589223,-0.408407,0,0
-1.64348,-0.0146523,0.42857,0.589223,-0.405266,0,0
-1.64472,-0.0146523,0.406593,0.589223,-0.394619,0,0
-1.6452,-0.0146523,0.45055,0.589223,-0.389209,0,0
-1.64606,-0.00879097,0.406593,0.589223,-0.38502,0,0
-1.64664,0.00293064,0.406593,0.589223,-0.37542,0,0
-1.64731,0.00293064,0.362637,0.589223,-0.372279,0,0
-1.64798,0.00879097,0.34066,0.589223,-0.371057,0,0
-1.64855,0.00879097,0.34066,0.589223,-0.368963,0,0
-1.64932,0.00879097,0.34066,0.589223,-0.371057,0,0
-1.65028,-0.00293064,0.34066,0.589223,-0.359363,0,0
-1.65066,-0.00293064,0.31868,0.589223,-0.35308,0,0
-1.65143,-0.00879097,0.34066,0.589223,-0.342434,0,0
-1.652,-0.00879097,0.34066,0.589223,-0.337023,0,0
-1.65287,-0.00879097,0.31868,0.589223,-0.341387,0,0
-1.65344,-0.00879097,0.34066,0.589223,-0.326377,0,0
-1.65402,-0.00293064,0.34066,0.589223,-0.32533,0,0
-1.65459,-0.00879097,0.296703,0.589223,-0.323235,0,0
-1.65545,-0.00879097,0.34066,0.589223,-0.309272,0,0
-1.65612,-0.0146523,0.296703,0.589223,-0.311541,0,0
-1.65689,-0.0146523,0.34066,0.589223,-0.297579,0,0
-1.65747,-0.0146523,0.34066,0.589223,-0.298626,0,0
-1.65823,-0.00879097,0.362637,0.589223,-0.295484,0,0
-1.65881,-0.00293064,0.34066,0.589223,-0.291296,0,0
-1.65938,0.00293064,0.296703,0.589223,-0.285885,0,0
-1.65977,0.00293064,0.252747,0.589223,-0.27838,0,0
-1.66034,0.00293064,0.20879,0.589223,-0.270003,0,0
-1.66072,0.00293064,0.23077,0.589223,-0.270003,0,0
-1.6612,-0.00293064,0.23077,0.589223,-0.27105,0,0
-1.66178,-0.00293064,0.252747,0.589223,-0.26145,0,0
-1.66235,-0.00293064,0.274727,0.589223,-0.259356,0,0
-1.66274,-0.00293064,0.274727,0.589223,-0.259356,0,0
-1.66341,-0.00879097,0.252747,0.589223,-0.242252,0,0
-1.66369,-0.00293064,0.23077,0.589223,-0.240157,0,0
-1.66427,0.00293064,0.20879,0.589223,-0.235794,0,0
-1.66456,0.00293064,0.23077,0.589223,-0.231605,0,0
-1.66504,0.00293064,0.20879,0.589223,-0.23911,0,0
-1.66542,0.00293064,0.23077,0.589223,-0.222006,0,0
-1.66599,-0.00879097,0.23077,0.589223,-0.212407,0,0
-1.66638,-0.00879097,0.20879,0.589223,-0.217817,0,0
-1.66676,-0.00879097,0.186813,0.589223,-0.210312,0,0
-1.66714,-0.0146523,0.20879,0.589223,-0.208218,0,0
-1.66772,-0.00293064,0.186813,0.589223,-0.19635,0,0
-1.66801,-0.00293064,0.23077,0.589223,-0.189019,0,0
-1.66829,-0.00293064,0.20879,0.589223,-0.191114,0,0
-1.66877,0.00293064,0.164837,0.589223,-0.192161,0,0
-1.66944,0.00293064,0.20879,0.589223,-0.185703,0,0
-1.66964,0.00293064,0.20879,0.589223,-0.182562,0,0
-1.66992,-0.00293064,0.186813,0.589223,-0.171915,0,0
-1.67011,-0.00293064,0.164837,0.589223,-0.169821,0,0
-1.6705,-0.00293064,0.142857,0.589223,-0.166679,0,0
-1.67069,-0.00293064,0.12088,0.589223,-0.161268,0,0
-1.67088,-0.00879097,0.142857,0.589223,-0.163363,0,0
-1.67126,-0.00293064,0.0988998,0.589223,-0.151669,0,0
-1.67155,-0.00879097,0.12088,0.589223,-0.143117,0,0
-1.67165,-0.00293064,0.142857,0.589223,-0.143117,0,0
-1.67203,-0.00293064,0.142857,0.589223,-0.143117,0,0
-1.67242,-0.00293064,0.12088,0.589223,-0.136834,0,0
-1.67261,-0.00293064,0.12088,0.589223,-0.12514,0,0
-1.67299,-0.00293064,0.142857,0.589223,-0.126187,0,0
-1.67328,-0.00879097,0.12088,0.589223,-0.12514,0,0
-1.67356,-0.0146523,0.12088,0.589223,-0.116588,0,0
-1.67385,-0.00879097,0.142857,0.589223,-0.111178,0,0
-1.67395,-0.0146523,0.142857,0.589223,-0.106989,0,0
-1.67424,-0.0146523,0.0769234,0.589223,-0.108036,0,0
-1.67452,-0.00879097,0.0988998,0.589223,-0.0942478,0,0
-1.67471,-0.00879097,0.0769234,0.589223,-0.104894,0,0
-1.67471,-0.00879097,0.0549469,0.589223,-0.0994838,0,0
-1.675,-0.00293064,0.12088,0.589223,-0.0750492,0,0
-1.67539,-0.00293064,0.0769234,0.589223,-0.0834268,0,0
-1.67529,0.00879097,0.0769234,0.589223,-0.0898845,0,0
-1.67548,0.00879097,0.0549469,0.589223,-0.074002,0,0
-1.67567,0.00293064,0.0769234,0.589223,-0.0675443,0,0
-1.67577,0.00293064,0.0329666,0.589223,-0.0600394,0,0
-1.67586,0.00293064,0.0549469,0.589223,-0.0675443,0,0
-1.67586,-0.00293064,0.0329666,0.589223,-0.0696387,0,0
-1.67596,-0.00293064,0.0549469,0.589223,-0.0633555,0,0
-1.67596,-0.00879097,-0.0109901,0.589223,-0.0548034,0,0
-1.67596,-0.00879097,0.0329666,0.589223,-0.0537562,0,0
-1.67606,-0.0146523,-0.0109901,0.589223,-0.0483456,0,0
-1.67606,-0.00879097,0.0329666,0.589223,-0.0345575,0,0
-1.67625,-0.00293064,0.0109901,0.589223,-0.0335103,0,0
-1.67634,0.00293064,0.0549469,0.589223,-0.0356047,0,0
-1.67644,0.00293064,0.0329666,0.589223,-0.029147,0,0
-1.67644,-0.00293064,0.0109901,0.589223,-0.0249582,0,0
-1.67625,-0.00293064,0.0109901,0.589223,-0.0205949,0,0
-1.67625,-0.00293064,0.0109901,0.589223,-0.0185005,0,0
-1.67644,-0.00879097,-0.0109901,0.589223,-0.0109956,0,0
-1.67644,-0.00293064,-0.0329666,0.589223,-0.0015708,0,0
-1.67634,-0.00879097,-0.0109901,0.589223,-0.000349066,0,0
-1.67644,-0.00879097,-0.0329666,0.589223,-0.002618,0,0
-1.67634,-0.00293064,0.0109901,0.589223,0.00785398,0,0
-1.67634,-0.00293064,-0.0109901,0.589223,0.00907572,0,0
-1.67644,-0.00293064,-0.0109901,0.589223,0.0101229,0,0
-1.67634,-0.00293064,0.0109901,0.589223,0.0218166,0,0
-1.67625,0.00293064,-0.0109901,0.589223,0.0197222,0,0
-1.67634,0.00879097,-0.0109901,0.589223,0.0101229,0,0
-1.67634,0.00293064,-0.0109901,0.589223,0.0228638,0,0
-1.67625,0.00293064,-0.0109901,0.589223,0.0218166,0,0
-1.67625,-0.00293064,-0.0109901,0.589223,0.0143117,0,0
-1.67625,-0.00879097,-0.0549469,0.589223,0.0197222,0,0
-1.67625,-0.00293064,-0.0109901,0.589223,0.023911,0,0
-1.67615,0.00293064,-0.0329666,0.589223,0.0153589,0,0
-1.67625,-0.00293064,-0.0329666,0.589223,0.0280998,0,0
-1.67606,-0.00293064,-0.0109901,0.589223,0.0280998,0,0
-1.67606,-0.00293064,-0.0109901,0.589223,0.0303687,0,0
-1.67606,-0.00293064,-0.0109901,0.589223,0.0270526,0,0
-1.67606,-0.00293064,-0.0109901,0.589223,0.0207694,0,0
-1.67606,-0.00293064,0.0109901,0.589223,0.0270526,0,0
-1.67615,-0.00293064,-0.0549469,0.589223,0.0324631,0,0
-1.67615,-0.00293064,-0.0329666,0.589223,0.0303687,0,0
-1.67615,-0.00879097,0.0109901,0.589223,0.0270526,0,0
-1.67615,-0.0146523,0.0329666,0.589223,0.0314159,0,0
-1.67615,-0.0205126,-0.0109901,0.589223,0.0356047,0,0
-1.67615,-0.0146523,-0.0109901,0.589223,0.0356047,0,0
-1.67615,-0.0146523,-0.0109901,0.589223,0.0314159,0,0
-1.67596,-0.00879097,-0.0329666,0.589223,0.0303687,0,0
-1.67615,-0.00879097,0.0109901,0.589223,0.0324631,0,0
-1.67615,-0.00879097,-0.0109901,0.589223,0.0366519,0,0
-1.67615,-0.00879097,-0.0109901,0.589223,0.0324631,0,0
-1.67615,-0.00293064,-0.0109901,0.589223,0.0376991,0,0
-1.67606,0.00293064,-0.0109901,0.589223,0.0387463,0,0
-1.67615,0.00293064,-0.0109901,0.589223,0.0314159,0,0
-1.67606,0.00293064,-0.0109901,0.589223,0.0324631,0,0
-1.67625,0.00293064,0.0109901,0.589223,0.0410153,0,0
-1.67625,-0.00293064,-0.0109901,0.589223,0.0387463,0,0
-1.67625,-0.00879097,-0.0109901,0.589223,0.0366519,0,0
-1.67606,-0.0146523,-0.0329666,0.589223,0.0366519,0,0
-1.67625,-0.00879097,-0.0109901,0.589223,0.0387463,0,0
-1.67615,-0.00879097,-0.0109901,0.589223,0.0410153,0,0
-1.67615,-0.00879097,0.0109901,0.589223,0.0410153,0,0
-1.67625,-0.00879097,-0.0329666,0.589223,0.0356047,0,0
-1.67606,-0.00879097,-0.0329666,0.589223,0.0345575,0,0
-1.67625,-0.00293064,-0.0109901,0.589223,0.0345575,0,0
-1.67606,-0.00879097,-0.0109901,0.589223,0.0441568,0,0
-1.67615,-0.00879097,-0.0109901,0.589223,0.0410153,0,0
-1.67625,-0.0146523,-0.0109901,0.589223,0.0410153,0,0
-1.67606,-0.0146523,-0.0109901,0.589223,0.0410153,0,0
-1.67625,-0.00879097,0.0109901,0.589223,0.0356047,0,0
-1.67625,-0.00879097,-0.0329666,0.589223,0.0366519,0,0
-1.67606,-0.00293064,-0.0329666,0.589223,0.045204,0,0
-1.67615,-0.00293064,-0.0109901,0.589223,0.0431097,0,0
-1.67606,-0.00293064,0.0109901,0.589223,0.0399681,0,0
-1.67606,0.00293064,-0.0329666,0.589223,0.0410153,0,0
-1.67606,0.00879097,-0.0109901,0.589223,0.0399681,0,0
-1.67615,0.00293064,-0.0109901,0.589223,0.0420625,0,0
-1.67606,0.00293064,-0.0109901,0.589223,0.0345575,0,0
-1.67596,0.00293064,0.0109901,0.589223,0.0420625,0,0
-1.67586,0.00293064,-0.0549469,0.589223,0.0431097,0,0
-1.67577,-0.00293064,-0.0329666,0.589223,0.0376991,0,0
-1.67577,0.00293064,-0.0549469,0.589223,0.0462512,0,0
-1.67577,-0.00293064,-0.0109901,0.589223,0.0420625,0,0
-1.67577,-0.0146523,-0.0549469,0.589223,0.029147,0,0
-1.67567,-0.00879097,-0.0329666,0.589223,0.0280998,0,0
-1.67567,-0.0146523,-0.0329666,0.589223,0.0324631,0,0
-1.67567,-0.0146523,-0.0109901,0.589223,0.0314159,0,0
-1.67558,-0.0146523,-0.0549469,0.589223,0.0376991,0,0
-1.67558,-0.00879097,0.0109901,0.589223,0.0410153,0,0
-1.67548,-0.00879097,-0.0329666,0.589223,0.0260054,0,0
-1.67567,-0.00879097,-0.0109901,0.589223,0.029147,0,0
-1.67548,-0.00879097,-0.0329666,0.589223,0.0335103,0,0
-1.67548,-0.00879097,-0.0329666,0.589223,0.0260054,0,0
-1.67567,-0.00293064,-0.0329666,0.589223,0.0303687,0,0
-1.67567,-0.00879097,0.0109901,0.589223,0.0335103,0,0
-1.67558,-0.00879097,0.0329666,0.589223,0.0185005,0,0
-1.67548,-0.0146523,-0.0109901,0.589223,0.0207694,0,0
-1.67558,-0.0146523,0.0109901,0.589223,0.0164061,0,0
-1.67548,-0.0146523,-0.0109901,0.589223,0.0366519,0,0
-1.67558,-0.0146523,-0.0109901,0.589223,0.0314159,0,0
-1.67558,-0.0146523,0.0109901,0.589223,0.0207694,0,0
-1.67548,-0.00879097,-0.0329666,0.589223,0.0197222,0,0
-1.67548,-0.00879097,-0.0109901,0.589223,0.0174533,0,0
-1.67567,-0.00879097,-0.0109901,0.589223,0.0122173,0,0
-1.67548,-0.00879097,-0.0109901,0.589223,0.0132645,0,0
-1.67558,-0.0146523,0.0109901,0.589223,0.0174533,0,0
-1.67548,-0.00879097,-0.0109901,0.589223,0.00907572,0,0
-1.67558,-0.00879097,0.0109901,0.589223,0.002618,0,0
-1.67548,-0.00293064,-0.0109901,0.589223,0.0197222,0,0
-1.67567,-0.00293064,0.0109901,0.589223,0.0164061,0,0
-1.67558,-0.00293064,-0.0329666,0.589223,0.00785398,0,0
-1.67548,0.00293064,-0.0329666,0.589223,0.0164061,0,0
-1.67548,0.00293064,0.0109901,0.589223,0.0132645,0,0
-1.67548,0.00293064,0.0109901,0.589223,0.0015708,0,0
-1.67567,-0.00293064,0.0109901,0.589223,0.00575959,0,0
-1.67548,-0.00879097,-0.0329666,0.589223,0.00907572,0,0
-1.67548,-0.00879097,0.0109901,0.589223,0.002618,0,0
-1.67558,-0.00879097,-0.0109901,0.589223,0.0015708,0,0
-1.67567,-0.00879097,-0.0109901,0.589223,0.002618,0,0
-1.67567,-0.00879097,-0.0109901,0.589223,0.002618,0,0
-1.67567,-0.00879097,-0.0109901,0.589223,-0.002618,0,0
-1.67558,-0.00293064,-0.0109901,0.589223,-0.0015708,0,0
-1.67558,-0.00293064,-0.0109901,0.589223,-0.00785398,0,0
-1.67558,-0.00293064,-0.0329666,0.589223,-0.0015708,0,0
-1.67548,-0.00293064,-0.0329666,0.589223,-0.00366519,0,0
-1.67558,-0.00879097,-0.0109901,0.589223,-0.00471239,0,0
-1.67558,-0.00879097,-0.0109901,0.589223,-0.00575959,0,0
-1.67558,-0.00879097,0.0109901,0.589223,-0.00366519,0,0
-1.67558,-0.00879097,-0.0329666,0.589223,0.002618,0,0
-1.67567,-0.0146523,-0.0109901,0.589223,-0.00471239,0,0
-1.67567,-0.0146523,0.0109901,0.589223,0.0015708,0,0
-1.67567,-0.0146523,0.0109901,0.589223,-0.00575959,0,0
-1.67558,-0.00879097,-0.0109901,0.589223,-0.0109956,0,0
-1.67577,-0.00879097,-0.0109901,0.589223,0.002618,0,0
-1.67567,-0.00879097,-0.0109901,0.589223,0.00366519,0,0
-1.67567,0.00293064,-0.0329666,0.589223,0.0015708,0,0
-1.67558,-0.00293064,-0.0109901,0.589223,-0.00575959,0,0
-1.67558,-0.00293064,-0.0109901,0.589223,-0.002618,0,0
-1.67567,-0.00293064,0.0109901,0.589223,-0.002618,0,0
-1.67567,-0.00879097,-0.0109901,0.589223,-0.0015708,0,0
-1.67567,-0.00879097,0.0109901,0.589223,0.000523599,0,0
-1.67558,-0.0146523,-0.0109901,0.589223,-0.002618,0,0
-1.67567,-0.00293064,-0.0109901,0.589223,0.00785398,0,0
-1.67558,-0.00879097,0.0109901,0.589223,-0.0015708,0,0
-1.67548,-0.00879097,-0.0109901,0.589223,-0.00994838,0,0
-1.67567,-0.00293064,-0.0109901,0.589223,-0.000349066,0,0
-1.67567,-0.00293064,-0.0109901,0.589223,0.00471239,0,0
-1.67558,-0.00293064,-0.0329666,0.589223,-0.00785398,0,0
-1.67567,-0.00293064,0.0109901,0.589223,0.00471239,0,0
-1.67577,-0.00879097,-0.0329666,0.589223,0.000523599,0,0
-1.67567,-0.00879097,-0.0109901,0.589223,-0.00471239,0,0
-1.67567,-0.00879097,-0.0329666,0.589223,0.000523599,0,0
-1.67567,-0.0146523,-0.0109901,0.589223,0.002618,0,0
-1.67567,-0.00879097,-0.0109901,0.589223,0.00575959,0,0
-1.67567,-0.00879097,-0.0329666,0.589223,0.00575959,0,0
-1.67567,-0.00879097,-0.0109901,0.589223,-0.000349066,0,0
-1.67567,-0.00879097,-0.0109901,0.589223,-0.00366519,0,0
-1.67567,-0.00879097,-0.0329666,0.589223,-0.002618,0,0
-1.67567,-0.00293064,0.0109901,0.589223,0.002618,0,0
-1.67567,-0.00293064,-0.0109901,0.589223,0.000523599,0,0
-1.67567,-0.00879097,-0.0329666,0.589223,-0.002618,0,0
-1.67567,-0.00879097,-0.0109901,0.589223,0.000523599,0,0
-1.67558,-0.00879097,-0.0329666,0.589223,-0.000349066,0,0
-1.67558,-0.00293064,-0.0329666,0.589223,0.00575959,0,0
-1.67577,-0.00293064,-0.0109901,0.589223,0.002618,0,0
-1.67567,-0.0146523,0.0109901,0.589223,-0.002618,0,0
-1.67558,-0.00879097,-0.0329666,0.589223,-0.0015708,0,0
-1.67567,-0.0146523,0.0109901,0.589223,-0.000349066,0,0
-1.67567,-0.0146523,-0.0329666,0.589223,0.0015708,0,0
-1.67558,-0.0146523,-0.0329666,0.589223,-0.0015708,0,0
-1.67567,-0.0146523,0.0109901,0.589223,-0.00366519,0,0
-1.67567,-0.00879097,0.0109901,0.589223,-0.00366519,0,0
-1.67567,-0.00879097,-0.0329666,0.589223,-0.0015708,0,0
-1.67558,-0.00879097,-0.0109901,0.589223,0.002618,0,0
-1.67567,-0.00293064,-0.0109901,0.589223,0.00471239,0,0
-1.67558,-0.00879097,0.0109901,0.589223,0.000523599,0,0
-1.67567,0.00293064,-0.0329666,0.589223,0.00366519,0,0
-1.67567,0.00293064,-0.0329666,0.589223,0.002618,0,0
-1.67567,-0.00293064,-0.0109901,0.589223,0.002618,0,0
-1.67558,-0.0146523,0.0109901,0.589223,0.0015708,0,0
-1.67567,-0.0146523,0.0109901,0.589223,-0.00366519,0,0
-1.67567,-0.0146523,-0.0109901,0.589223,-0.00994838,0,0
-1.67558,-0.0146523,-0.0109901,0.589223,-0.002618,0,0
-1.67558,-0.00879097,-0.0329666,0.589223,-0.0015708,0,0
-1.67567,-0.00879097,0.0109901,0.589223,0.00471239,0,0
-1.67567,-0.00879097,-0.0109901,0.589223,0.00575959,0,0
-1.67567,0.00293064,-0.0109901,0.589223,0.00366519,0,0
-1.67567,0.00293064,-0.0109901,0.589223,0.00471239,0,0
-1.67567,0.00293064,-0.0109901,0.589223,0.00680679,0,0
-1.67577,-0.00293064,-0.0109901,0.589223,-0.000349066,0,0
-1.67567,-0.00293064,-0.0329666,0.589223,-0.0015708,0,0
-1.67567,-0.00879097,-0.0109901,0.589223,0.0015708,0,0
-1.67558,-0.00879097,-0.0109901,0.589223,-0.002618,0,0
-1.67567,-0.00879097,0.0109901,0.589223,-0.00890118,0,0
-1.67567,-0.0146523,-0.0329666,0.589223,0.00366519,0,0
-1.67567,-0.00879097,-0.0329666,0.589223,0.000523599,0,0
-1.67577,-0.0146523,-0.0109901,0.589223,0.002618,0,0
-1.67558,-0.0205126,-0.0109901,0.589223,0.0015708,0,0
-1.67577,-0.0146523,-0.0109901,0.589223,-0.00366519,0,0
-1.67567,-0.00879097,0.0109901,0.589223,-0.00680679,0,0
-1.67567,-0.00293064,-0.0109901,0.589223,-0.000349066,0,0
-1.67567,-0.00293064,-0.0329666,0.589223,0.0015708,0,0
-1.67567,-0.00293064,-0.0329666,0.589223,0.00575959,0,0
-1.67567,-0.00293064,-0.0109901,0.589223,-0.0015708,0,0
-1.67558,-0.00293064,0.0109901,0.589223,-0.00575959,0,0
-1.67586,0.00293064,0.0109901,0.589223,-0.000349066,0,0
-1.67567,0.00293064,-0.0109901,0.589223,0.000523599,0,0
-1.67567,-0.00293064,-0.0329666,0.589223,0.00785398,0,0
-1.67567,-0.00293064,-0.0329666,0.589223,0.002618,0,0
-1.67567,-0.00293064,-0.0109901,0.589223,-0.00366519,0,0
-1.67567,-0.00293064,-0.0109901,0.589223,-0.00785398,0,0
-1.67558,-0.0146523,-0.0549469,0.589223,-0.00680679,0,0
-1.67567,-0.00879097,0.0109901,0.589223,-0.00575959,0,0
-1.67567,-0.00879097,-0.0329666,0.589223,0.000523599,0,0
-1.67577,-0.00879097,-0.0109901,0.589223,0.00366519,0,0
-1.67558,-0.00879097,-0.0109901,0.589223,-0.00575959,0,0
-1.67567,-0.00879097,-0.0109901,0.589223,-0.00680679,0,0
-1.67567,-0.00879097,-0.0109901,0.589223,-0.000349066,0,0
-1.67567,-0.00293064,-0.0109901,0.589223,0.00471239,0,0
-1.67558,-0.00879097,-0.0109901,0.589223,0.0015708,0,0
-1.67567,-0.00879097,-0.0109901,0.589223,-0.00994838,0,0
-1.67577,-0.00879097,0.0109901,0.589223,-0.00994838,0,0
-1.67567,-0.00879097,-0.0109901,0.589223,-0.00890118,0,0
-1.67567,-0.00879097,-0.0329666,0.589223,-0.000349066,0,0
-1.67567,-0.0146523,-0.0109901,0.589223,0.00907572,0,0
-1.67548,-0.0146523,-0.0109901,0.589223,0.000523599,0,0
-1.67567,-0.0205126,-0.0329666,0.589223,-0.00785398,0,0
-1.67567,-0.0205126,0.0109901,0.589223,-0.000349066,0,0
-1.67567,-0.0205126,-0.0329666,0.589223,0.0101229,0,0
-1.67548,-0.00879097,-0.0109901,0.589223,0.00471239,0,0
-1.67558,-0.00293064,0.0109901,0.589223,-0.000349066,0,0
-1.67577,-0.00293064,0.0109901,0.589223,-0.002618,0,0
-1.67567,-0.00293064,-0.0109901,0.589223,0.000523599,0,0
-1.67567,0.00293064,-0.0109901,0.589223,-0.000349066,0,0
-1.67567,0.00293064,-0.0109901,0.589223,0.000523599,0,0
-1.67567,-0.00293064,-0.0329666,0.589223,0.00471239,0,0
-1.67577,-0.00293064,-0.0109901,0.589223,0.0015708,0,0
-1.67567,-0.00879097,0.0109901,0.589223,-0.000349066,0,0
-1.67567,-0.00293064,0.0109901,0.589223,0.0015708,0,0
-1.67567,-0.00879097,-0.0109901,0.589223,-0.000349066,0,0
-1.67558,-0.00879097,-0.0109901,0.589223,0.00471239,0,0
-1.67567,-0.0146523,-0.0329666,0.589223,0.002618,0,0
-1.67586,-0.00879097,0.0109901,0.589223,-0.00575959,0,0
-1.67567,-0.00879097,-0.0109901,0.589223,0.002618,0,0
-1.67567,-0.00879097,-0.0109901,0.589223,0.000523599,0,0
-1.67567,-0.00879097,-0.0109901,0.589223,-0.000349066,0,0
-1.67567,-0.00879097,0.0109901,0.589223,-0.002618,0,0
-1.67567,-0.00879097,0.0109901,0.589223,-0.0015708,0,0
-1.67558,-0.00293064,-0.0109901,0.589223,0.00366519,0,0
-1.67567,0.00293064,0.0109901,0.589223,-0.0015708,0,0
-1.67558,-0.00293064,-0.0329666,0.589223,-0.002618,0,0
-1.67567,-0.00293064,-0.0109901,0.589223,0.0015708,0,0
-1.67577,0.00293064,-0.0109901,0.589223,0.00785398,0,0
-1.67567,0.00293064,-0.0329666,0.589223,-0.00366519,0,0
-1.67567,-0.00293064,-0.0109901,0.589223,-0.00575959,0,0
-1.67567,-0.00293064,0.0109901,0.589223,-0.002618,0,0
-1.67567,-0.00879097,-0.0109901,0.589223,0.0015708,0,0
-1.67558,-0.0146523,-0.0329666,0.589223,-0.002618,0,0
-1.67567,-0.0146523,-0.0109901,0.589223,-0.00366519,0,0
-1.67577,-0.0146523,0.0109901,0.589223,0.00680679,0,0
-1.67567,-0.0146523,-0.0109901,0.589223,0.00366519,0,0
-1.67567,-0.0146523,-0.0329666,0.589223,-0.0015708,0,0
-1.67558,-0.0146523,0.0109901,0.589223,0.000523599,0,0
-1.67577,-0.0146523,0.0109901,0.589223,0.00907572,0,0
-1.67586,-0.0146523,0.0329666,0.589223,0.00785398,0,0
-1.67567,-0.00293064,-0.0109901,0.589223,0.000523599,0,0
-1.67558,-0.00293064,-0.0329666,0.589223,-0.000349066,0,0
-1.67567,-0.00293064,-0.0109901,0.589223,-0.0015708,0,0
-1.67558,-0.00293064,-0.0109901,0.589223,-0.0015708,0,0
-1.67567,-0.00293064,-0.0109901,0.589223,-0.00680679,0,0
-1.67567,-0.00293064,-0.0109901,0.589223,0.000523599,0,0
-1.67558,-0.00293064,-0.0109901,0.589223,0.0122173,0,0
-1.67567,-0.00293064,0.0109901,0.589223,-0.000349066,0,0
-1.67567,-0.00879097,-0.0329666,0.589223,-0.00471239,0,0
-1.67567,-0.00879097,-0.0329666,0.589223,-0.000349066,0,0
-1.67577,-0.00879097,-0.0109901,0.589223,-0.0015708,0,0
-1.67558,-0.00879097,-0.0109901,0.589223,0.00471239,0,0
-1.67567,-0.0146523,-0.0109901,0.589223,0.002618,0,0
-1.67567,-0.0146523,-0.0329666,0.589223,-0.000349066,0,0
-1.67567,-0.0146523,-0.0109901,0.589223,0.002618,0,0
-1.67567,-0.00879097,-0.0109901,0.589223,0.00366519,0,0
-1.67567,-0.00879097,-0.0109901,0.589223,-0.00680679,0,0
-1.67567,-0.0146523,0.0109901,0.589223,0.000523599,0,0
-1.67577,-0.0205126,-0.0329666,0.589223,0.00471239,0,0
-1.67567,-0.0146523,0.0109901,0.589223,0.0015708,0,0
-1.67558,-0.0146523,-0.0329666,0.589223,0.000523599,0,0
-1.67567,-0.0205126,-0.0329666,0.589223,-0.0015708,0,0
-1.67548,-0.0205126,-0.0109901,0.589223,-0.0109956,0,0
-1.67558,-0.00879097,-0.0109901,0.589223,-0.00680679,0,0
-1.67567,-0.00879097,-0.0109901,0.589223,0.00366519,0,0
-1.67567,-0.00879097,-0.0109901,0.589223,0.002618,0,0
-1.67567,-0.0146523,-0.0109901,0.589223,0.000523599,0,0
-1.67567,-0.0146523,0.0109901,0.589223,-0.00680679,0,0
-1.67567,-0.00879097,-0.0109901,0.589223,-0.00575959,0,0
-1.67567,-0.00879097,-0.0329666,0.589223,0.0015708,0,0
-1.67558,-0.00879097,-0.0109901,0.589223,0.00471239,0,0
-1.67577,-0.0146523,-0.0109901,0.589223,-0.00575959,0,0
-1.67558,-0.0205126,-0.0109901,0.589223,0.00471239,0,0
-1.67558,-0.0205126,-0.0329666,0.589223,0.00366519,0,0
-1.67567,-0.0146523,-0.0109901,0.589223,-0.00366519,0,0
-1.67567,-0.0146523,-0.0329666,0.589223,-0.00366519,0,0
-1.67567,-0.0146523,-0.0329666,0.589223,-0.002618,0,0
-1.67567,-0.0146523,0.0109901,0.589223,0.00575959,0,0
-1.67567,-0.00879097,-0.0109901,0.589223,0.002618,0,0
-1.67567,0.00293064,-0.0329666,0.589223,0.00575959,0,0
-1.67567,-0.00293064,-0.0109901,0.589223,0.0101229,0,0
-1.67567,-0.00293064,-0.0109901,0.589223,0.002618,0,0
-1.67586,0.00293064,-0.0109901,0.589223,-0.00471239,0,0
-1.67567,0.00293064,-0.0109901,0.589223,-0.00366519,0,0
-1.67567,0.00879097,-0.0329666,0.589223,0.0015708,0,0
-1.67567,0.00879097,-0.0109901,0.589223,0.00785398,0,0
-1.67577,0.00293064,-0.0109901,0.589223,-0.00366519,0,0
-1.67567,0.00293064,-0.0109901,0.589223,0.000523599,0,0
-1.67567,-0.00293064,-0.0329666,0.589223,0.00366519,0,0
-1.67567,-0.00293064,-0.0109901,0.589223,0.002618,0,0
-1.67567,-0.00879097,-0.0109901,0.589223,0.002618,0,0
-1.67567,-0.00879097,-0.0109901,0.589223,-0.00471239,0,0
-1.67567,-0.0146523,-0.0109901,0.589223,0.002618,0,0
-1.67567,-0.0146523,-0.0109901,0.589223,-0.002618,0,0
-1.67567,-0.00879097,-0.0109901,0.589223,-0.00680679,0,0
-1.67567,-0.0146523,-0.0109901,0.589223,0.002618,0,0
-1.67567,-0.0205126,-0.0109901,0.589223,0.002618,0,0
-1.67567,-0.0146523,-0.0329666,0.589223,0.002618,0,0
-1.67558,-0.0146523,-0.0329666,0.589223,0.00575959,0,0
-1.67567,-0.00879097,-0.0109901,0.589223,0.0015708,0,0
-1.67567,-0.00293064,0.0109901,0.589223,-0.002618,0,0
-1.67567,-0.00293064,0.0109901,0.589223,0.00366519,0,0
-1.67577,-0.00293064,-0.0109901,0.589223,0.00471239,0,0
-1.67567,0.00879097,-0.0329666,0.589223,0.00785398,0,0
-1.67567,0.00879097,0.0109901,0.589223,-0.00366519,0,0
-1.67577,0.00293064,0.0109901,0.589223,0.000523599,0,0
-1.67567,-0.00293064,-0.0329666,0.589223,-0.00575959,0,0
-1.67577,-0.00293064,-0.0329666,0.589223,-0.0015708,0,0
-1.67567,-0.00293064,-0.0109901,0.589223,-0.002618,0,0
-1.67567,-0.00879097,-0.0329666,0.589223,-0.00366519,0,0
-1.67558,-0.00879097,-0.0109901,0.589223,-0.00366519,0,0
-1.67567,-0.00879097,-0.0109901,0.589223,0.00680679,0,0
-1.67558,-0.00879097,0.0109901,0.589223,0.0197222,0,0
-1.67567,-0.00293064,-0.0329666,0.589223,-0.002618,0,0
-1.67567,-0.00293064,-0.0109901,0.589223,-0.00890118,0,0
-1.67558,-0.00293064,-0.0109901,0.589223,-0.000349066,0,0
-1.67567,-0.00293064,0.0109901,0.589223,0.002618,0,0
-1.67558,-0.00293064,-0.0109901,0.589223,-0.002618,0,0
-1.67577,-0.00293064,-0.0109901,0.589223,-0.00785398,0,0
-1.67567,-0.00879097,-0.0109901,0.589223,-0.002618,0,0
-1.67567,-0.00293064,-0.0329666,0.589223,0.00680679,0,0
-1.67567,0.00293064,-0.0109901,0.589223,0.00471239,0,0
-1.67558,0.00293064,-0.0109901,0.589223,0.000523599,0,0
-1.67577,-0.00293064,0.0109901,0.589223,0.000523599,0,0
-1.67567,-0.00879097,-0.0109901,0.589223,0.002618,0,0
-1.67567,-0.00879097,-0.0329666,0.589223,-0.000349066,0,0
-1.67567,-0.0146523,-0.0109901,0.589223,0.0015708,0,0
-1.67567,-0.0146523,-0.0109901,0.589223,0.00366519,0,0
-1.67577,-0.0146523,-0.0109901,0.589223,0.00366519,0,0
-1.67567,-0.00879097,0.0109901,0.589223,-0.0015708,0,0
-1.67567,-0.00879097,-0.0109901,0.589223,0.002618,0,0
-1.67567,-0.00293064,-0.0109901,0.589223,0.0015708,0,0
-1.67577,-0.00293064,-0.0109901,0.589223,-0.000349066,0,0
-1.67567,-0.00293064,-0.0109901,0.589223,0.00366519,0,0
-1.67567,-0.00293064,0.0109901,0.589223,0.00471239,0,0
-1.67558,-0.00879097,-0.0109901,0.589223,-0.00366519,0,0
-1.67567,-0.00293064,-0.0109901,0.589223,0.00471239,0,0
-1.67567,-0.00879097,-0.0329666,0.589223,-0.000349066,0,0
-1.67567,-0.00879097,-0.0109901,0.589223,0.000523599,0,0
-1.67567,-0.0146523,0.0109901,0.589223,-0.000349066,0,0
-1.67567,-0.00879097,0.0109901,0.589223,0.002618,0,0
-1.67567,-0.00293064,-0.0109901,0.589223,-0.002618,0,0
-1.67567,-0.00293064,-0.0109901,0.589223,0.0015708,0,0
-1.67567,-0.00293064,0.0109901,0.589223,0.0101229,0,0
-1.67558,-0.00293064,-0.0549469,0.589223,0.00680679,0,0
-1.67567,-0.00879097,-0.0109901,0.589223,-0.002618,0,0
-1.67558,-0.00293064,0.0109901,0.589223,-0.000349066,0,0
-1.67567,-0.00293064,-0.0109901,0.589223,-0.000349066,0,0
-1.67567,-0.00879097,-0.0109901,0.589223,-0.000349066,0,0
-1.67577,-0.00293064,0.0109901,0.589223,0.0111701,0,0
-1.67567,-0.00879097,0.0109901,0.589223,0.002618,0,0
-1.67567,-0.00879097,-0.0109901,0.589223,-0.0015708,0,0
-1.67567,-0.00879097,0.0109901,0.589223,-0.00680679,0,0
-1.67567,-0.00293064,-0.0329666,0.589223,0.000523599,0,0
-1.67548,-0.00293064,-0.0329666,0.589223,0.00785398,0,0
-1.67577,-0.00879097,-0.0109901,0.589223,0.0015708,0,0
-1.67567,-0.00879097,0.0109901,0.589223,-0.00575959,0,0
-1.67567,-0.00879097,-0.0109901,0.589223,-0.0015708,0,0
-1.67567,-0.00879097,-0.0329666,0.589223,-0.00366519,0,0
-1.67567,-0.00879097,-0.0109901,0.589223,0.00680679,0,0
-1.67567,-0.00879097,-0.0109901,0.589223,0.00575959,0,0
-1.67558,0.00293064,-0.0329666,0.589223,-0.002618,0,0
-1.67577,0.00293064,0.0109901,0.589223,-0.00890118,0,0
-1.67567,-0.00293064,-0.0109901,0.589223,-0.00366519,0,0
-1.67567,-0.00293064,-0.0109901,0.589223,0.0122173,0,0
-1.67548,-0.00293064,-0.0549469,0.589223,0.0153589,0,0
-1.67567,-0.00879097,-0.0109901,0.589223,0.00680679,0,0
-1.67567,-0.00879097,0.0109901,0.589223,0.0015708,0,0
-1.67567,-0.00879097,0.0109901,0.589223,0.002618,0,0
-1.67567,-0.0146523,0.0109901,0.589223,-0.000349066,0,0
-1.67567,-0.0146523,0.0109901,0.589223,-0.0015708,0,0
-1.67567,-0.00293064,-0.0329666,0.589223,-0.00366519,0,0
-1.67567,0.00293064,-0.0329666,0.589223,-0.00680679,0,0
-1.67577,0.00293064,0.0109901,0.589223,0.0015708,0,0
-1.67567,-0.00293064,-0.0109901,0.589223,-0.00575959,0,0
-1.67567,-0.00879097,-0.0329666,0.589223,-0.002618,0,0
-1.67558,-0.00879097,-0.0109901,0.589223,0.00471239,0,0
-1.67548,-0.00879097,-0.0109901,0.589223,-0.000349066,0,0
-1.67567,-0.00879097,-0.0109901,0.589223,-0.00366519,0,0
-1.67567,-0.00879097,-0.0109901,0.589223,-0.0015708,0,0
-1.67567,-0.00879097,-0.0109901,0.589223,-0.00680679,0,0
-1.67567,-0.0146523,-0.0329666,0.589223,-0.000349066,0,0
-1.67567,-0.00879097,0.0109901,0.589223,-0.000349066,0,0
-1.67567,0.00293064,0.0329666,0.589223,0.002618,0,0
-1.67567,0.00879097,-0.0329666,0.589223,0.0015708,0,0
-1.67577,0.00293064,-0.0109901,0.589223,-0.00471239,0,0
-1.67558,-0.00293064,-0.0109901,0.589223,0.00471239,0,0
-1.67586,-0.00293064,0.0109901,0.589223,0.00785398,0,0
-1.67567,-0.00293064,-0.0109901,0.589223,0.00366519,0,0
-1.67586,-0.00293064,-0.0109901,0.589223,0.0015708,0,0
-1.67558,-0.00293064,0.0109901,0.589223,0.00471239,0,0
-1.67558,-0.00293064,-0.0329666,0.589223,-0.0015708,0,0
-1.67567,-0.00293064,-0.0109901,0.589223,-0.00366519,0,0
-1.67567,-0.00879097,-0.0329666,0.589223,0.00680679,0,0
-1.67567,-0.00879097,-0.0109901,0.589223,0.000523599,0,0
-1.67567,-0.00879097,0.0109901,0.589223,-0.00994838,0,0
-1.67567,-0.00879097,-0.0109901,0.589223,0.0015708,0,0
-1.67567,-0.00879097,0.0109901,0.589223,0.00575959,0,0
-1.67567,-0.00879097,-0.0109901,0.589223,-0.0015708,0,0
-1.67577,-0.00879097,-0.0329666,0.589223,-0.000349066,0,0
-1.67567,-0.00879097,-0.0329666,0.589223,-0.000349066,0,0
-1.67567,-0.00293064,-0.0329666,0.589223,0.00366519,0,0
-1.67567,-0.00879097,-0.0109901,0.589223,0.000523599,0,0
-1.67567,-0.0146523,-0.0109901,0.589223,0.000523599,0,0
-1.67577,-0.0146523,0.0109901,0.589223,-0.0143117,0,0
-1.67567,-0.00879097,-0.0329666,0.589223,-0.0109956,0,0
-1.67548,-0.0146523,0.0109901,0.589223,-0.002618,0,0
-1.67567,-0.00879097,-0.0109901,0.589223,0.0101229,0,0
-1.67567,0.00293064,-0.0109901,0.589223,0.00680679,0,0
-1.67558,0.00879097,0.0109901,0.589223,0.00785398,0,0
-1.67567,0.00879097,-0.0329666,0.589223,0.0015708,0,0
-1.67567,0.00879097,0.0109901,0.589223,-0.00366519,0,0
-1.67567,0.00879097,-0.0329666,0.589223,-0.002618,0,0
-1.67558,0.00879097,-0.0109901,0.589223,0.0101229,0,0
-1.67558,0.00293064,-0.0109901,0.589223,0.00575959,0,0
-1.67567,0.00293064,0.0109901,0.589223,-0.0122173,0,0
-1.67567,-0.00293064,-0.0329666,0.589223,-0.00366519,0,0
-1.67567,-0.00879097,-0.0109901,0.589223,-0.000349066,0,0
-1.67567,-0.00879097,-0.0329666,0.589223,-0.0015708,0,0
-1.67567,-0.0146523,0.0109901,0.589223,0.000523599,0,0
-1.67577,-0.0146523,0.0109901,0.589223,0.00785398,0,0
-1.67567,-0.0146523,0.0109901,0.589223,0.00366519,0,0
-1.67567,-0.00293064,-0.0329666,0.589223,-0.00680679,0,0
-1.67577,-0.00293064,-0.0109901,0.589223,-0.00471239,0,0
-1.67567,-0.00293064,-0.0109901,0.589223,0.00471239,0,0
-1.67567,-0.00879097,-0.0109901,0.589223,0.00471239,0,0
-1.67567,-0.00293064,-0.0109901,0.589223,0.0015708,0,0
-1.67577,-0.00293064,0.0109901,0.589223,-0.000349066,0,0
-1.67577,-0.00293064,0.0109901,0.589223,-0.000349066,0,0
-1.67558,-0.00879097,0.0109901,0.589223,0.00471239,0,0
-1.67558,-0.00293064,-0.0329666,0.589223,0.000523599,0,0
-1.67558,-0.00879097,-0.0329666,0.589223,-0.000349066,0,0
-1.67558,-0.0205126,0.0109901,0.589223,-0.00575959,0,0
-1.67567,-0.0205126,0.0109901,0.589223,-0.000349066,0,0
-1.67567,-0.0146523,-0.0109901,0.589223,0.0015708,0,0
-1.67567,-0.0146523,-0.0109901,0.589223,0.000523599,0,0
-1.67567,-0.0146523,-0.0109901,0.589223,-0.00994838,0,0
-1.67586,-0.00879097,0.0109901,0.589223,0.0015708,0,0
-1.67567,-0.00879097,-0.0109901,0.589223,-0.000349066,0,0
-1.67567,-0.00293064,-0.0109901,0.589223,-0.00471239,0,0
-1.67567,0.00293064,0.0109901,0.589223,-0.00994838,0,0
-1.67567,0.00293064,-0.0109901,0.589223,0.002618,0,0
-1.67567,0.00293064,-0.0109901,0.589223,0.00366519,0,0
-1.67567,-0.00293064,-0.0109901,0.589223,-0.002618,0,0
-1.67567,-0.00879097,-0.0109901,0.589223,-0.00785398,0,0
-1.67567,-0.0146523,-0.0109901,0.589223,0.00680679,0,0
-1.67567,-0.0146523,-0.0109901,0.589223,0.000523599,0,0
-1.67567,-0.0146523,-0.0329666,0.589223,-0.0015708,0,0
-1.67567,-0.0146523,-0.0109901,0.589223,-0.00366519,0,0
-1.67577,-0.0205126,-0.0109901,0.589223,0.0015708,0,0
-1.67558,-0.0146523,-0.0109901,0.589223,0.0015708,0,0
-1.67567,-0.00293064,-0.0109901,0.589223,-0.00680679,0,0
-1.67558,-0.00293064,-0.0109901,0.589223,0.000523599,0,0
-1.67548,0.00293064,-0.0109901,0.589223,0.0164061,0,0
-1.67567,-0.00293064,-0.0109901,0.589223,0.002618,0,0
-1.67567,0.00879097,0.0109901,0.589223,-0.00366519,0,0
-1.67558,0.00879097,-0.0109901,0.589223,0.000523599,0,0
-1.67567,0.00879097,0.0109901,0.589223,-0.00575959,0,0
-1.67558,0.00879097,-0.0109901,0.589223,0.0015708,0,0
-1.67567,0.00879097,-0.0109901,0.589223,-0.00785398,0,0
-1.67558,0.00879097,-0.0109901,0.589223,-0.00680679,0,0
-1.67567,0.00879097,-0.0329666,0.589223,-0.002618,0,0
-1.67567,-0.00293064,-0.0109901,0.589223,-0.002618,0,0
-1.67567,-0.00293064,-0.0109901,0.589223,-0.0015708,0,0
-1.67567,-0.00293064,0.0109901,0.589223,-0.00366519,0,0
-1.67567,-0.00879097,-0.0109901,0.589223,0.000523599,0,0
-1.67567,-0.00879097,-0.0329666,0.589223,0.0015708,0,0
-1.67567,-0.0146523,-0.0109901,0.589223,-0.002618,0,0
-1.67577,-0.00879097,-0.0109901,0.589223,-0.00471239,0,0
-1.67567,-0.00879097,-0.0109901,0.589223,0.002618,0,0
-1.67567,-0.00293064,-0.0109901,0.589223,0.00366519,0,0
-1.67586,-0.00879097,-0.0109901,0.589223,0.0015708,0,0
-1.67567,-0.00293064,-0.0329666,0.589223,0.0015708,0,0
-1.67567,-0.00879097,-0.0109901,0.589223,-0.000349066,0,0
-1.67567,-0.00293064,0.0109901,0.589223,0.0111701,0,0
-1.67567,-0.00879097,-0.0109901,0.589223,0.00575959,0,0
-1.67558,-0.00879097,-0.0329666,0.589223,0.0015708,0,0
-1.67558,-0.00293064,-0.0329666,0.589223,-0.00366519,0,0
-1.67567,-0.00293064,-0.0109901,0.589223,0.00785398,0,0
-1.67558,-0.00879097,-0.0109901,0.589223,0.00366519,0,0
-1.67548,-0.0146523,-0.0109901,0.589223,-0.00471239,0,0
-1.67567,-0.00879097,-0.0109901,0.589223,0.000523599,0,0
-1.67567,-0.0146523,-0.0109901,0.589223,0.00366519,0,0
-1.67567,-0.00879097,-0.0329666,0.589223,-0.00366519,0,0
-1.67558,-0.00879097,-0.0329666,0.589223,-0.000349066,0,0
-1.67567,-0.00879097,0.0109901,0.589223,-0.002618,0,0
-1.67567,-0.00293064,-0.0109901,0.589223,0.0015708,0,0
-1.67567,-0.00879097,0.0109901,0.589223,-0.000349066,0,0
-1.67567,-0.00879097,-0.0109901,0.589223,-0.00366519,0,0
-1.67567,-0.00293064,-0.0109901,0.589223,-0.000349066,0,0
-1.67567,-0.00879097,-0.0109901,0.589223,-0.0015708,0,0
-1.67567,-0.00879097,-0.0109901,0.589223,-0.000349066,0,0
-1.67567,-0.00879097,-0.0109901,0.589223,0.0015708,0,0
-1.67567,-0.00879097,-0.0109901,0.589223,0.002618,0,0
-1.67567,-0.0146523,-0.0109901,0.589223,0.00471239,0,0
-1.67567,-0.00879097,0.0109901,0.589223,0.00366519,0,0
-1.67548,-0.00293064,-0.0109901,0.589223,0.00366519,0,0
-1.67567,-0.00293064,-0.0329666,0.589223,-0.00471239,0,0
-1.67567,0.00293064,-0.0109901,0.589223,0.000523599,0,0
-1.67567,-0.00293064,-0.0109901,0.589223,0.00366519,0,0
-1.67567,-0.00293064,-0.0109901,0.589223,-0.000349066,0,0
-1.67567,-0.00293064,-0.0109901,0.589223,0.0015708,0,0
-1.67577,0.00293064,-0.0109901,0.589223,-0.000349066,0,0
-1.67558,-0.00293064,-0.0329666,0.589223,-0.00785398,0,0
-1.67567,0.00293064,-0.0329666,0.589223,-0.00366519,0,0
-1.67577,0.00293064,-0.0109901,0.589223,-0.002618,0,0
-1.67567,-0.00293064,-0.0329666,0.589223,-0.00471239,0,0
-1.67558,-0.00879097,-0.0329666,0.589223,0.00366519,0,0
-1.67567,-0.00293064,-0.0329666,0.589223,0.00785398,0,0
-1.67567,-0.00879097,-0.0109901,0.589223,-0.002618,0,0
-1.67567,-0.00879097,-0.0109901,0.589223,0.002618,0,0
-1.67558,-0.0146523,-0.0329666,0.589223,0.000523599,0,0
-1.67567,-0.00879097,-0.0329666,0.589223,-0.00680679,0,0
-1.67567,-0.00879097,0.0109901,0.589223,0.000523599,0,0
-1.67577,-0.00293064,-0.0109901,0.589223,0.00680679,0,0
-1.67567,-0.00293064,-0.0109901,0.589223,0.00471239,0,0
-1.67577,-0.00879097,-0.0109901,0.589223,0.002618,0,0
-1.67567,-0.00879097,-0.0329666,0.589223,-0.000349066,0,0
-1.67567,-0.00879097,-0.0109901,0.589223,-0.000349066,0,0
-1.67567,-0.00293064,-0.0109901,0.589223,-0.000349066,0,0
-1.67567,-0.00293064,-0.0109901,0.589223,-0.00366519,0,0
-1.67558,-0.00293064,-0.0109901,0.589223,-0.002618,0,0
-1.67586,-0.00879097,0.0329666,0.589223,0.00471239,0,0
-1.67558,-0.0146523,0.0109901,0.589223,0.0015708,0,0
-1.67577,-0.0146523,0.0109901,0.589223,-0.00471239,0,0
-1.67567,-0.0146523,-0.0329666,0.589223,0.00471239,0,0
-1.67567,-0.00879097,-0.0109901,0.589223,0.00471239,0,0
-1.67567,0.00293064,0.0109901,0.589223,-0.00680679,0,0
-1.67567,0.00879097,-0.0109901,0.589223,-0.002618,0,0
-1.67558,0.00879097,-0.0109901,0.589223,0.000523599,0,0
-1.67577,0.0146523,0.0109901,0.589223,0.00366519,0,0
-1.67567,0.00879097,-0.0109901,0.589223,0.00366519,0,0
-1.67567,-0.00293064,-0.0109901,0.589223,0.0101229,0,0
-1.67577,-0.00293064,-0.0109901,0.589223,0.00680679,0,0
-1.67558,0.00293064,-0.0109901,0.589223,-0.00890118,0,0
-1.67567,-0.00293064,-0.0109901,0.589223,-0.00471239,0,0
-1.67567,-0.00879097,-0.0109901,0.589223,0.0015708,0,0
-1.67567,-0.00879097,-0.0329666,0.589223,0.00366519,0,0
-1.67558,-0.00879097,-0.0109901,0.589223,0.000523599,0,0
-1.67577,-0.00879097,-0.0109901,0.589223,-0.000349066,0,0
-1.67567,-0.00293064,-0.0329666,0.589223,0.00471239,0,0
-1.67567,0.00293064,-0.0109901,0.589223,-0.00575959,0,0
-1.67567,-0.00293064,0.0109901,0.589223,-0.0015708,0,0
-1.67567,-0.00879097,-0.0109901,0.589223,0.0143117,0,0
-1.67577,-0.00879097,-0.0109901,0.589223,0.0015708,0,0
-1.67567,-0.00293064,0.0109901,0.589223,0.00907572,0,0
-1.67567,-0.00293064,-0.0329666,0.589223,0.0015708,0,0
-1.67567,-0.00293064,-0.0329666,0.589223,-0.00680679,0,0
-1.67567,-0.00293064,-0.0109901,0.589223,-0.00471239,0,0
-1.67567,-0.00879097,-0.0329666,0.589223,-0.00575959,0,0
-1.67567,-0.00879097,-0.0109901,0.589223,0.0015708,0,0
-1.67567,-0.00879097,-0.0109901,0.589223,0.002618,0,0
-1.67577,-0.00293064,0.0109901,0.589223,0.002618,0,0
-1.67567,-0.00293064,0.0109901,0.589223,0.002618,0,0
-1.67567,-0.00879097,-0.0109901,0.589223,-0.0015708,0,0
-1.67577,-0.0146523,-0.0109901,0.589223,-0.000349066,0,0
-1.67577,-0.0146523,-0.0109901,0.589223,0.00680679,0,0
-1.67567,-0.0146523,-0.0109901,0.589223,-0.0015708,0,0
-1.67567,-0.00879097,-0.0549469,0.589223,-0.00366519,0,0
-1.67567,-0.00293064,-0.0109901,0.589223,0.002618,0,0
-1.67567,-0.00293064,0.0329666,0.589223,0.0101229,0,0
-1.67567,-0.00293064,-0.0329666,0.589223,0.00366519,0,0
-1.67567,-0.00879097,-0.0109901,0.589223,-0.00680679,0,0
-1.67577,-0.0146523,-0.0109901,0.589223,-0.0015708,0,0
-1.67567,-0.00293064,-0.0109901,0.589223,0.000523599,0,0
-1.67567,-0.00293064,-0.0329666,0.589223,0.00907572,0,0
-1.67567,-0.00879097,0.0109901,0.589223,0.000523599,0,0
-1.67567,-0.00293064,-0.0329666,0.589223,0.000523599,0,0
-1.67567,-0.00293064,-0.0329666,0.589223,0.00471239,0,0
-1.67567,-0.00293064,-0.0109901,0.589223,-0.00366519,0,0
-1.67548,-0.00293064,-0.0109901,0.589223,-0.002618,0,0
-1.67567,-0.00879097,-0.0329666,0.589223,0.00785398,0,0
-1.67567,-0.00879097,-0.0109901,0.589223,0.00366519,0,0
-1.67567,-0.00879097,-0.0109901,0.589223,0.000523599,0,0
-1.67577,-0.00293064,-0.0109901,0.589223,0.00471239,0,0
-1.67567,0.00293064,-0.0329666,0.589223,-0.00366519,0,0
-1.67567,0.00293064,-0.0109901,0.589223,0.00366519,0,0
-1.67567,-0.00293064,-0.0109901,0.589223,0.00907572,0,0
-1.67567,-0.00293064,-0.0109901,0.589223,0.0015708,0,0
-1.67558,-0.00293064,-0.0109901,0.589223,-0.0015708,0,0
-1.67567,-0.00879097,-0.0109901,0.589223,0.000523599,0,0
-1.67558,-0.00879097,-0.0109901,0.589223,-0.00471239,0,0
-1.67567,0.00293064,0.0109901,0.589223,0.00471239,0,0
-1.67567,0.00293064,-0.0109901,0.589223,0.0101229,0,0
-1.67577,0.00293064,-0.0109901,0.589223,0.00907572,0,0
-1.67548,-0.00293064,-0.0109901,0.589223,-0.000349066,0,0
-1.67558,-0.00293064,0.0109901,0.589223,0.002618,0,0
-1.67577,-0.00293064,0.0109901,0.589223,0.00366519,0,0
-1.67567,-0.00879097,0.0109901,0.589223,-0.00890118,0,0
-1.67558,-0.00879097,-0.0329666,0.589223,-0.0015708,0,0
-1.67567,-0.00879097,-0.0109901,0.589223,0.000523599,0,0
-1.67577,-0.00293064,-0.0109901,0.589223,-0.00471239,0,0
-1.67558,-0.00293064,0.0109901,0.589223,-0.0015708,0,0
-1.67567,-0.00879097,-0.0109901,0.589223,0.0101229,0,0
-1.67558,-0.00293064,0.0109901,0.589223,0.00575959,0,0
-1.67577,-0.00879097,-0.0109901,0.589223,-0.00471239,0,0
-1.67567,-0.00879097,-0.0329666,0.589223,0.000523599,0,0
-1.67567,-0.0146523,-0.0109901,0.589223,0.00471239,0,0
-1.67558,-0.00879097,-0.0329666,0.589223,0.002618,0,0
-1.67567,-0.00879097,-0.0109901,0.589223,-0.002618,0,0
-1.67567,-0.00879097,-0.0109901,0.589223,-0.00785398,0,0
-1.67567,-0.00879097,0.0109901,0.589223,0.0015708,0,0
-1.67567,-0.00879097,-0.0329666,0.589223,0.0101229,0,0
-1.67558,0.00879097,-0.0109901,0.589223,0.002618,0,0
-1.67558,-0.00293064,-0.0329666,0.589223,0.002618,0,0
-1.67567,-0.00293064,-0.0329666,0.589223,0.00680679,0,0
-1.67567,-0.00879097,-0.0329666,0.589223,0.000523599,0,0
-1.67567,-0.00879097,-0.0109901,0.589223,-0.000349066,0,0
-1.67577,-0.0146523,-0.0109901,0.589223,0.002618,0,0
-1.67577,-0.00879097,-0.0329666,0.589223,-0.0015708,0,0
-1.67567,-0.0146523,-0.0109901,0.589223,0.002618,0,0
-1.67567,-0.00879097,-0.0109901,0.589223,0.0015708,0,0
-1.67567,-0.00293064,-0.0109901,0.589223,-0.00366519,0,0
-1.67558,-0.00293064,-0.0109901,0.589223,0.002618,0,0
-1.67567,0.00293064,-0.0109901,0.589223,0.000523599,0,0
-1.67567,0.00293064,-0.0109901,0.589223,-0.0015708,0,0
-1.67567,0.00293064,-0.0109901,0.589223,0.00471239,0,0
-1.67567,-0.00293064,-0.0109901,0.589223,0.00366519,0,0
-1.67567,-0.00879097,0.0109901,0.589223,-0.0015708,0,0
-1.67567,-0.0146523,-0.0109901,0.589223,-0.00680679,0,0
-1.67567,-0.0146523,-0.0109901,0.589223,-0.00366519,0,0
-1.67567,-0.0146523,-0.0109901,0.589223,0.002618,0,0
-1.67567,-0.00293064,-0.0109901,0.589223,0.00680679,0,0
-1.67567,-0.00879097,-0.0329666,0.589223,0.00471239,0,0
-1.67567,-0.00879097,-0.0109901,0.589223,-0.00471239,0,0
-1.67567,-0.00293064,-0.0329666,0.589223,0.00366519,0,0
-1.67586,0.00293064,-0.0329666,0.589223,0.002618,0,0
-1.67577,0.00293064,0.0109901,0.589223,-0.00366519,0,0
-1.67567,-0.00293064,-0.0109901,0.589223,-0.00680679,0,0
-1.67577,-0.00879097,-0.0109901,0.589223,0.002618,0,0
-1.67577,-0.00879097,0.0109901,0.589223,0.00366519,0,0
-1.67548,-0.00293064,-0.0329666,0.589223,0.002618,0,0
-1.67567,-0.00879097,-0.0109901,0.589223,-0.0015708,0,0
-1.67567,-0.00293064,-0.0109901,0.589223,-0.00471239,0,0
-1.67567,-0.00879097,-0.0329666,0.589223,0.002618,0,0
-1.67567,-0.00879097,0.0109901,0.589223,0.002618,0,0
-1.67567,-0.00879097,-0.0109901,0.589223,0.00680679,0,0
-1.67567,-0.0146523,-0.0329666,0.589223,0.00471239,0,0
-1.67567,-0.00879097,0.0109901,0.589223,-0.0122173,0,0
-1.67567,-0.00879097,-0.0109901,0.589223,-0.00366519,0,0
-1.67558,-0.00293064,-0.0109901,0.589223,-0.000349066,0,0
-1.67577,-0.00879097,0.0109901,0.589223,0.0015708,0,0
-1.67558,-0.00879097,-0.0329666,0.589223,-0.00471239,0,0
-1.67567,-0.00879097,-0.0109901,0.589223,0.00680679,0,0
-1.67577,-0.00879097,0.0109901,0.589223,0.0111701,0,0
-1.67558,-0.0146523,-0.0109901,0.589223,0.00680679,0,0
-1.67567,-0.00879097,-0.0109901,0.589223,-0.002618,0,0
-1.67567,-0.00879097,-0.0109901,0.589223,-0.0015708,0,0
-1.67567,-0.00293064,-0.0109901,0.589223,0.000523599,0,0
-1.67567,-0.00293064,-0.0109901,0.589223,-0.0015708,0,0
-1.67577,0.00293064,-0.0109901,0.589223,-0.00366519,0,0
-1.67567,0.00293064,0.0109901,0.589223,0.00471239,0,0
-1.67577,-0.00293064,-0.0109901,0.589223,0.00471239,0,0
-1.67567,-0.00879097,-0.0109901,0.589223,0.002618,0,0
-1.67567,-0.00879097,-0.0109901,0.589223,-0.000349066,0,0
-1.67567,-0.00879097,-0.0109901,0.589223,-0.00680679,0,0
-1.67567,-0.00293064,-0.0109901,0.589223,-0.0015708,0,0
-1.67567,-0.00879097,0.0109901,0.589223,-0.00890118,0,0
-1.67558,-0.00293064,0.0109901,0.589223,-0.0015708,0,0
-1.67567,-0.00293064,-0.0109901,0.589223,-0.000349066,0,0
-1.67567,-0.00879097,-0.0109901,0.589223,-0.000349066,0,0
-1.67567,-0.0146523,-0.0329666,0.589223,-0.00994838,0,0
-1.67567,-0.00879097,-0.0109901,0.589223,-0.00785398,0,0
-1.67567,-0.00879097,-0.0109901,0.589223,0.00366519,0,0
-1.67567,-0.00879097,-0.0329666,0.589223,0.00366519,0,0
-1.67567,-0.00879097,0.0109901,0.589223,-0.00994838,0,0
-1.67558,-0.00293064,-0.0329666,0.589223,-0.000349066,0,0
-1.67577,-0.00879097,-0.0329666,0.589223,0.00680679,0,0
-1.67577,-0.00879097,0.0329666,0.589223,-0.00366519,0,0
-1.67558,-0.00879097,0.0109901,0.589223,-0.000349066,0,0
-1.67567,-0.00879097,-0.0329666,0.589223,0.00907572,0,0
-1.67577,-0.00293064,-0.0109901,0.589223,-0.0015708,0,0
-1.67567,-0.00293064,-0.0109901,0.589223,-0.00785398,0,0
-1.67567,-0.00293064,-0.0329666,0.589223,-0.00471239,0,0
-1.67577,-0.00293064,-0.0109901,0.589223,-0.000349066,0,0
-1.67567,0.00293064,-0.0109901,0.589223,0.000523599,0,0
-1.67567,-0.0146523,0.0109901,0.589223,-0.000349066,0,0
-1.67567,-0.00879097,-0.0109901,0.589223,0.002618,0,0
-1.67567,-0.00293064,-0.0329666,0.589223,0.00366519,0,0
-1.67567,-0.00879097,-0.0329666,0.589223,-0.00471239,0,0
-1.67586,-0.00293064,0.0109901,0.589223,-0.00575959,0,0
-1.67567,0.00293064,-0.0109901,0.589223,-0.00471239,0,0
-1.67558,-0.00293064,-0.0329666,0.589223,0.00471239,0,0
-1.67567,-0.00293064,-0.0109901,0.589223,-0.000349066,0,0
-1.67567,-0.00293064,-0.0109901,0.589223,0.000523599,0,0
-1.67567,-0.00879097,-0.0109901,0.589223,0.002618,0,0
-1.67567,-0.00293064,0.0109901,0.589223,-0.00575959,0,0
-1.67567,-0.00293064,-0.0329666,0.589223,-0.00575959,0,0
-1.67577,-0.00879097,-0.0109901,0.589223,-0.00471239,0,0
-1.67577,-0.00879097,-0.0109901,0.589223,-0.000349066,0,0
-1.67567,-0.00879097,-0.0109901,0.589223,0.00366519,0,0
-1.67567,-0.00879097,-0.0109901,0.589223,0.00471239,0,0
-1.67567,-0.00293064,-0.0329666,0.589223,0.00471239,0,0
-1.67577,-0.00879097,-0.0109901,0.589223,0.00471239,0,0
-1.67567,-0.00293064,-0.0329666,0.589223,-0.00366519,0,0
-1.67567,-0.00293064,-0.0109901,0.589223,-0.002618,0,0
-1.67577,-0.00879097,-0.0109901,0.589223,-0.002618,0,0
-1.67567,-0.00879097,-0.0329666,0.589223,0.002618,0,0
-1.67558,-0.0146523,-0.0329666,0.589223,0.0111701,0,0
-1.67567,-0.0146523,-0.0109901,0.589223,-0.00575959,0,0
-1.67577,-0.0146523,-0.0109901,0.589223,-0.0109956,0,0
-1.67577,-0.00879097,-0.0109901,0.589223,0.00575959,0,0
-1.67567,-0.00293064,-0.0109901,0.589223,0.0015708,0,0
-1.67567,0.00293064,-0.0109901,0.589223,0.000523599,0,0
-1.67577,-0.00879097,0.0109901,0.589223,-0.000349066,0,0
-1.67558,-0.00879097,-0.0329666,0.589223,-0.00366519,0,0
-1.67577,-0.00879097,-0.0109901,0.589223,0.00471239,0,0
-1.67577,-0.00879097,-0.0109901,0.589223,0.00680679,0,0
-1.67567,-0.00879097,-0.0109901,0.589223,-0.002618,0,0
-1.67577,-0.00293064,-0.0109901,0.589223,-0.000349066,0,0
-1.67567,0.00293064,-0.0109901,0.589223,0.00366519,0,0
-1.67577,-0.00293064,-0.0329666,0.589223,-0.000349066,0,0
-1.67567,-0.00293064,0.0109901,0.589223,0.0015708,0,0
-1.67567,-0.00293064,-0.0109901,0.589223,-0.000349066,0,0
-1.67567,0.00293064,-0.0109901,0.589223,-0.00575959,0,0
-1.67577,0.00293064,-0.0329666,0.589223,0.002618,0,0
-1.67558,0.00293064,0.0109901,0.589223,0.0015708,0,0
-1.67558,-0.00293064,-0.0109901,0.589223,0.000523599,0,0
-1.67567,-0.00293064,-0.0109901,0.589223,0.000523599,0,0
-1.67567,-0.00879097,-0.0109901,0.589223,0.002618,0,0
-1.67567,-0.00879097,-0.0109901,0.589223,0.0015708,0,0
-1.67567,-0.00879097,-0.0109901,0.589223,-0.002618,0,0
-1.67558,-0.00879097,-0.0109901,0.589223,-0.0015708,0,0
-1.67567,-0.00879097,0.0109901,0.589223,-0.0015708,0,0
-1.67567,-0.00293064,-0.0109901,0.589223,-0.00680679,0,0
-1.67548,-0.00293064,-0.0329666,0.589223,-0.00890118,0,0
-1.67567,-0.00879097,-0.0109901,0.589223,-0.00680679,0,0
-1.67586,-0.00879097,0.0109901,0.589223,0.00907572,0,0
-1.67567,-0.0146523,-0.0109901,0.589223,-0.000349066,0,0
-1.67567,-0.00879097,-0.0329666,0.589223,-0.00366519,0,0
-1.67567,-0.00879097,0.0109901,0.589223,0.000523599,0,0
-1.67567,-0.00293064,-0.0329666,0.589223,-0.00680679,0,0
-1.67567,-0.00293064,0.0109901,0.589223,0.00366519,0,0
-1.67558,-0.00293064,-0.0329666,0.589223,0.00471239,0,0
-1.67567,-0.00879097,-0.0109901,0.589223,-0.002618,0,0
-1.67567,-0.00879097,0.0109901,0.589223,0.00575959,0,0
-1.67567,-0.00879097,-0.0329666,0.589223,0.00366519,0,0
-1.67567,-0.0146523,-0.0109901,0.589223,-0.0109956,0,0
-1.67567,-0.0146523,-0.0109901,0.589223,-0.00890118,0,0
-1.67567,-0.0146523,-0.0109901,0.589223,0.0111701,0,0
-1.67558,-0.00879097,-0.0109901,0.589223,0.0015708,0,0
-1.67577,-0.00879097,0.0109901,0.589223,-0.000349066,0,0
-1.67567,-0.0146523,-0.0109901,0.589223,0.002618,0,0
-1.67548,-0.0146523,-0.0549469,0.589223,-0.00366519,0,0
-1.67577,-0.00879097,-0.0109901,0.589223,-0.00785398,0,0
-1.67567,-0.00879097,-0.0329666,0.589223,-0.000349066,0,0
-1.67567,-0.00293064,0.0109901,0.589223,0.00907572,0,0
-1.67567,0.00293064,0.0109901,0.589223,0.002618,0,0
-1.67586,-0.00879097,0.0109901,0.589223,-0.00575959,0,0
-1.67567,-0.00293064,0.0109901,0.589223,0.000523599,0,0
-1.67567,-0.00293064,-0.0329666,0.589223,-0.000349066,0,0
-1.67567,-0.00293064,-0.0109901,0.589223,0.000523599,0,0
-1.67567,-0.00879097,-0.0109901,0.589223,0.00471239,0,0
-1.67567,-0.00293064,-0.0329666,0.589223,0.002618,0,0
-1.67567,-0.00293064,0.0109901,0.589223,-0.002618,0,0
-1.67567,-0.00293064,-0.0109901,0.589223,-0.002618,0,0
-1.67567,-0.00293064,-0.0109901,0.589223,-0.002618,0,0
-1.67567,-0.00293064,-0.0109901,0.589223,0.002618,0,0
-1.67567,-0.00293064,-0.0329666,0.589223,-0.00471239,0,0
-1.67567,-0.00879097,-0.0329666,0.589223,-0.002618,0,0
-1.67567,-0.00879097,-0.0109901,0.589223,-0.00680679,0,0
-1.67567,-0.00879097,-0.0109901,0.589223,0.00680679,0,0
-1.67567,-0.00879097,0.0109901,0.589223,0.00471239,0,0
-1.67567,-0.0146523,-0.0109901,0.589223,-0.0015708,0,0
-1.67567,-0.00879097,-0.0329666,0.589223,-0.002618,0,0
-1.67567,-0.00879097,0.0109901,0.589223,0.0015708,0,0
-1.67558,-0.0146523,-0.0109901,0.589223,0.0101229,0,0
-1.67567,-0.0146523,-0.0109901,0.589223,0.0122173,0,0
-1.67567,-0.0146523,-0.0109901,0.589223,0.0015708,0,0
-1.67586,-0.00879097,0.0329666,0.589223,-0.002618,0,0
-1.67567,-0.00879097,0.0109901,0.589223,-0.00366519,0,0
-1.67567,-0.00293064,-0.0329666,0.589223,-0.00366519,0,0
-1.67567,-0.00293064,-0.0109901,0.589223,0.000523599,0,0
-1.67577,0.00879097,-0.0109901,0.589223,-0.0143117,0,0
-1.67567,0.00293064,-0.0329666,0.589223,0.000523599,0,0
-1.67567,-0.00293064,-0.0109901,0.589223,0.00575959,0,0
-1.67567,-0.00293064,-0.0109901,0.589223,0.0015708,0,0
-1.67567,-0.00293064,-0.0109901,0.589223,0.00366519,0,0
-1.67567,-0.00879097,-0.0109901,0.589223,0.002618,0,0
-1.67577,-0.00879097,-0.0329666,0.589223,0.00785398,0,0
-1.67577,-0.00879097,-0.0109901,0.589223,0.0101229,0,0
-1.67567,-0.00293064,-0.0109901,0.589223,0.0015708,0,0
-1.67567,-0.00879097,-0.0329666,0.589223,-0.0109956,0,0
-1.67586,-0.00879097,0.0329666,0.589223,-0.0015708,0,0
-1.67567,-0.00879097,-0.0329666,0.589223,0.00471239,0,0
-1.67567,-0.00293064,-0.0109901,0.589223,0.00680679,0,0
-1.67558,-0.00293064,-0.0109901,0.589223,0.000523599,0,0
-1.67567,0.00293064,-0.0109901,0.589223,-0.0015708,0,0
-1.67558,0.00293064,-0.0329666,0.589223,-0.00785398,0,0
-1.67567,0.00293064,-0.0109901,0.589223,-0.00575959,0,0
-1.67558,-0.00293064,-0.0109901,0.589223,0.000523599,0,0
-1.67567,0.00293064,-0.0329666,0.589223,0.000523599,0,0
-1.67577,-0.00293064,0.0109901,0.589223,-0.00575959,0,0
-1.67567,-0.00293064,-0.0109901,0.589223,-0.00366519,0,0
-1.67567,-0.00293064,0.0109901,0.589223,-0.00680679,0,0
-1.67567,-0.00879097,-0.0329666,0.589223,-0.002618,0,0
-1.67567,-0.00879097,-0.0109901,0.589223,0.000523599,0,0
-1.67558,-0.00879097,0.0109901,0.589223,-0.000349066,0,0
-1.67577,-0.00879097,0.0109901,0.589223,-0.002618,0,0
-1.67586,-0.00879097,0.0109901,0.589223,0.002618,0,0
-1.67567,-0.00879097,-0.0109901,0.589223,-0.00680679,0,0
-1.67567,-0.00879097,-0.0329666,0.589223,-0.00785398,0,0
-1.67577,-0.00293064,0.0109901,0.589223,-0.002618,0,0
-1.67558,-0.00293064,-0.0329666,0.589223,-0.00471239,0,0
-1.67567,-0.00293064,-0.0109901,0.589223,-0.000349066,0,0
-1.67567,0.00293064,0.0109901,0.589223,0.000523599,0,0
-1.67558,0.00293064,-0.0109901,0.589223,-0.00575959,0,0
-1.67567,0.00293064,-0.0109901,0.589223,0.00575959,0,0
-1.67567,-0.00293064,-0.0109901,0.589223,0.00575959,0,0
-1.67567,-0.00293064,-0.0109901,0.589223,-0.000349066,0,0
-1.67558,-0.00879097,-0.0109901,0.589223,-0.00471239,0,0
-1.67577,-0.00879097,-0.0109901,0.589223,-0.0015708,0,0
-1.67567,-0.00879097,-0.0109901,0.589223,-0.002618,0,0
-1.67567,-0.00879097,-0.0109901,0.589223,0.000523599,0,0
-1.67567,-0.00879097,-0.0109901,0.589223,-0.00366519,0,0
-1.67567,-0.00293064,0.0109901,0.589223,-0.002618,0,0
-1.67567,0.00293064,-0.0109901,0.589223,0.00575959,0,0
-1.67586,0.00293064,-0.0109901,0.589223,0.00680679,0,0
-1.67567,-0.00293064,-0.0109901,0.589223,-0.00471239,0,0
-1.67567,-0.00293064,-0.0109901,0.589223,-0.000349066,0,0
-1.67567,-0.00293064,-0.0109901,0.589223,0.00785398,0,0
-1.67567,-0.00293064,-0.0109901,0.589223,0.000523599,0,0
-1.67567,-0.00879097,-0.0109901,0.589223,-0.002618,0,0
-1.67567,-0.0146523,-0.0109901,0.589223,0.002618,0,0
-1.67567,-0.0146523,-0.0109901,0.589223,0.000523599,0,0
-1.67567,-0.00879097,-0.0109901,0.589223,0.0015708,0,0
-1.67567,-0.00879097,-0.0109901,0.589223,-0.000349066,0,0
-1.67567,-0.00879097,-0.0329666,0.589223,-0.002618,0,0
-1.67567,-0.00293064,0.0329666,0.589223,0.00785398,0,0
-1.67567,-0.00293064,-0.0109901,0.589223,0.00907572,0,0
-1.67567,-0.00293064,-0.0109901,0.589223,-0.00575959,0,0
-1.67567,-0.00879097,-0.0109901,0.589223,-0.0153589,0,0
-1.67567,-0.00879097,-0.0109901,0.589223,-0.00366519,0,0
-1.67567,-0.0146523,-0.0109901,0.589223,0.00471239,0,0
-1.67577,-0.0146523,0.0109901,0.589223,-0.002618,0,0
-1.67567,-0.0146523,0.0109901,0.589223,-0.000349066,0,0
-1.67567,-0.00879097,-0.0109901,0.589223,0.000523599,0,0
-1.67577,-0.00879097,-0.0109901,0.589223,0.002618,0,0
-1.67558,-0.00879097,-0.0329666,0.589223,-0.00471239,0,0
-1.67577,-0.00879097,-0.0329666,0.589223,0.002618,0,0
-1.67567,-0.00879097,-0.0109901,0.589223,-0.000349066,0,0
-1.67567,-0.00879097,-0.0109901,0.589223,0.000523599,0,0
-1.67567,-0.00879097,0.0109901,0.589223,0.0015708,0,0
-1.67567,0.00293064,-0.0109901,0.589223,0.002618,0,0
-1.67567,0.00879097,-0.0109901,0.589223,0.000523599,0,0
-1.67567,0.00293064,-0.0109901,0.589223,-0.000349066,0,0
-1.67567,0.00293064,-0.0109901,0.589223,0.00785398,0,0
-1.67586,0.00293064,0.0329666,0.589223,-0.002618,0,0
-1.67567,-0.00293064,-0.0109901,0.589223,-0.002618,0,0
-1.67567,-0.00879097,-0.0109901,0.589223,-0.00785398,0,0
-1.67567,-0.00879097,0.0109901,0.589223,0.00575959,0,0
-1.67567,-0.0146523,-0.0109901,0.589223,0.0015708,0,0
-1.67567,-0.0146523,-0.0109901,0.589223,0.0015708,0,0
-1.67567,-0.00879097,-0.0109901,0.589223,-0.000349066,0,0
-1.67567,-0.00293064,0.0109901,0.589223,0.002618,0,0
-1.67567,-0.00293064,0.0109901,0.589223,0.00785398,0,0
-1.67548,-0.00879097,-0.0109901,0.589223,0.00575959,0,0
-1.67567,-0.00879097,-0.0329666,0.589223,-0.00366519,0,0
-1.67567,-0.00879097,0.0109901,0.589223,-0.000349066,0,0
-1.67577,-0.00879097,-0.0109901,0.589223,0.0101229,0,0
-1.67567,-0.00879097,0.0109901,0.589223,0.000523599,0,0
-1.67558,-0.00879097,-0.0329666,0.589223,0.0015708,0,0
-1.67567,-0.00879097,-0.0329666,0.589223,0.0015708,0,0
-1.67567,-0.00293064,-0.0109901,0.589223,0.000523599,0,0
-1.67567,-0.00293064,-0.0109901,0.589223,-0.00785398,0,0
-1.67567,-0.00293064,-0.0109901,0.589223,0.00366519,0,0
-1.67567,0.00293064,0.0109901,0.589223,-0.0015708,0,0
-1.67567,-0.00293064,-0.0329666,0.589223,-0.00366519,0,0
-1.67567,-0.00293064,-0.0329666,0.589223,-0.002618,0,0
-1.67577,-0.00879097,-0.0109901,0.589223,0.00471239,0,0
-1.67567,-0.00879097,-0.0109901,0.589223,-0.000349066,0,0
-1.67577,-0.00293064,-0.0109901,0.589223,0.00575959,0,0
-1.67558,-0.0146523,-0.0109901,0.589223,0.00680679,0,0
-1.67577,-0.0205126,-0.0109901,0.589223,-0.0015708,0,0
-1.67558,-0.0146523,-0.0329666,0.589223,-0.0122173,0,0
-1.67577,-0.00879097,-0.0109901,0.589223,-0.00471239,0,0
-1.67567,-0.00879097,-0.0109901,0.589223,0.00471239,0,0
-1.67577,-0.00879097,-0.0109901,0.589223,-0.0015708,0,0
-1.67567,-0.00293064,-0.0109901,0.589223,-0.0015708,0,0
-1.67577,-0.00293064,-0.0109901,0.589223,-0.0015708,0,0
-1.67577,-0.00879097,-0.0329666,0.589223,-0.0015708,0,0
-1.67577,-0.00293064,-0.0329666,0.589223,0.000523599,0,0
-1.67558,0.00293064,-0.0109901,0.589223,-0.00575959,0,0
-1.67567,0.00293064,0.0109901,0.589223,-0.00471239,0,0
-1.67567,0.00293064,-0.0109901,0.589223,0.000523599,0,0
-1.67567,-0.00293064,-0.0109901,0.589223,-0.0015708,0,0
-1.67567,-0.00879097,0.0109901,0.589223,0.0015708,0,0
-1.67577,-0.00879097,0.0109901,0.589223,0.0015708,0,0
-1.67558,-0.00879097,-0.0329666,0.589223,0.00366519,0,0
-1.67567,-0.0146523,-0.0109901,0.589223,0.000523599,0,0
-1.67577,-0.0146523,0.0109901,0.589223,-0.00575959,0,0
-1.67567,-0.0146523,-0.0329666,0.589223,-0.000349066,0,0
-1.67558,-0.00879097,-0.0329666,0.589223,-0.0015708,0,0
-1.67567,-0.00293064,-0.0109901,0.589223,0.0015708,0,0
-1.67567,0.00293064,-0.0109901,0.589223,-0.0015708,0,0
-1.67567,0.00293064,-0.0109901,0.589223,-0.00471239,0,0
-1.67567,0.00293064,-0.0109901,0.589223,-0.000349066,0,0
-1.67567,0.00879097,0.0109901,0.589223,-0.00680679,0,0
-1.67558,0.00293064,-0.0329666,0.589223,-0.00785398,0,0
-1.67567,0.00293064,-0.0109901,0.589223,0.002618,0,0
-1.67577,-0.00293064,0.0109901,0.589223,0.0015708,0,0
-1.67558,-0.00879097,-0.0109901,0.589223,-0.0015708,0,0
-1.67567,-0.00879097,-0.0109901,0.589223,-0.000349066,0,0
-1.67567,-0.00879097,-0.0109901,0.589223,-0.00471239,0,0
-1.67567,-0.00293064,-0.0109901,0.589223,0.0015708,0,0
-1.67558,0.00293064,0.0109901,0.589223,0.002618,0,0
-1.67567,-0.00293064,-0.0549469,0.589223,0.000523599,0,0
-1.67586,-0.00879097,0.0109901,0.589223,-0.002618,0,0
-1.67558,-0.00879097,-0.0329666,0.589223,-0.002618,0,0
-1.67567,-0.00879097,-0.0329666,0.589223,0.00471239,0,0
-1.67577,-0.00879097,0.0329666,0.589223,-0.000349066,0,0
-1.67567,-0.00293064,-0.0109901,0.589223,0.0015708,0,0
-1.67567,-0.00293064,-0.0109901,0.589223,0.00785398,0,0
-1.67567,0.00293064,0.0109901,0.589223,-0.002618,0,0
-1.67567,0.00293064,0.0109901,0.589223,-0.002618,0,0
-1.67567,0.00293064,-0.0109901,0.589223,-0.00785398,0,0
-1.67577,-0.00879097,-0.0109901,0.589223,0.00575959,0,0
-1.67567,-0.00293064,-0.0109901,0.589223,0.000523599,0,0
-1.67567,-0.00879097,-0.0109901,0.589223,-0.00471239,0,0
-1.67567,-0.00879097,-0.0109901,0.589223,-0.000349066,0,0
-1.67567,-0.00293064,-0.0109901,0.589223,0.002618,0,0
-1.67567,0.00293064,-0.0109901,0.589223,-0.000349066,0,0
-1.67577,0.00293064,-0.0109901,0.589223,-0.00366519,0,0
-1.67567,0.00293064,-0.0109901,0.589223,-0.002618,0,0
-1.67567,-0.00293064,-0.0109901,0.589223,0.000523599,0,0
-1.67567,-0.00293064,-0.0109901,0.589223,-0.0015708,0,0
-1.67558,-0.00293064,-0.0329666,0.589223,-0.0015708,0,0
-1.67558,-0.00293064,-0.0109901,0.589223,-0.000349066,0,0
-1.67548,0.00293064,-0.0109901,0.589223,-0.0015708,0,0
-1.67567,0.00293064,0.0109901,0.589223,0.0015708,0,0
-1.67567,-0.00293064,-0.0109901,0.589223,-0.000349066,0,0
-1.67567,-0.00293064,0.0109901,0.589223,0.0015708,0,0
-1.67558,-0.00879097,-0.0329666,0.589223,0.00471239,0,0
-1.67567,-0.00879097,-0.0109901,0.589223,0.000523599,0,0
-1.67567,-0.00879097,0.0109901,0.589223,0.00575959,0,0
-1.67558,-0.00293064,-0.0109901,0.589223,0.00575959,0,0
-1.67567,-0.00879097,0.0109901,0.589223,0.00366519,0,0
-1.67577,-0.00879097,-0.0329666,0.589223,-0.0015708,0,0
-1.67567,-0.0146523,-0.0109901,0.589223,-0.0109956,0,0
-1.67567,-0.00879097,-0.0109901,0.589223,-0.000349066,0,0
-1.67567,-0.00293064,-0.0329666,0.589223,0.00366519,0,0
-1.67567,-0.00879097,-0.0329666,0.589223,0.000523599,0,0
-1.67577,-0.00879097,-0.0109901,0.589223,0.00471239,0,0
-1.67567,-0.00293064,-0.0109901,0.589223,0.000523599,0,0
-1.67586,-0.00293064,-0.0109901,0.589223,-0.00471239,0,0
-1.67577,-0.00293064,0.0109901,0.589223,-0.00471239,0,0
-1.67577,-0.00879097,-0.0329666,0.589223,0.002618,0,0
-1.67567,-0.00293064,-0.0109901,0.589223,0.0015708,0,0
-1.67567,-0.00293064,-0.0109901,0.589223,0.000523599,0,0
-1.67567,-0.00293064,0.0109901,0.589223,0.002618,0,0
-1.67558,-0.00879097,-0.0109901,0.589223,-0.00471239,0,0
-1.67567,-0.00293064,0.0109901,0.589223,-0.000349066,0,0
-1.67567,-0.00293064,0.0109901,0.589223,0.00680679,0,0
-1.67567,-0.00293064,-0.0329666,0.589223,0.002618,0,0
-1.67567,-0.00879097,-0.0109901,0.589223,0.002618,0,0
-1.67586,-0.00879097,0.0109901,0.589223,-0.000349066,0,0
-1.67577,-0.0146523,0.0109901,0.589223,-0.0015708,0,0
-1.67567,-0.0205126,-0.0329666,0.589223,-0.0015708,0,0
-1.67567,-0.0146523,-0.0109901,0.589223,0.00785398,0,0
-1.67577,-0.00879097,-0.0109901,0.589223,-0.0015708,0,0
-1.67567,-0.00879097,0.0109901,0.589223,-0.002618,0,0
-1.67558,-0.00293064,-0.0329666,0.589223,-0.00680679,0,0
-1.67558,-0.00879097,-0.0109901,0.589223,-0.00575959,0,0
-1.67567,-0.00293064,-0.0109901,0.589223,0.002618,0,0
-1.67558,0.00293064,-0.0109901,0.589223,0.00366519,0,0
-1.67567,0.00293064,-0.0109901,0.589223,-0.00575959,0,0
-1.67567,-0.00293064,0.0109901,0.589223,0.0015708,0,0
-1.67567,-0.00293064,-0.0329666,0.589223,0.0111701,0,0
-1.67567,-0.00293064,-0.0109901,0.589223,0.000523599,0,0
-1.67567,0.00293064,-0.0109901,0.589223,0.0015708,0,0
-1.67567,0.00293064,0.0109901,0.589223,0.002618,0,0
-1.67567,0.00879097,-0.0109901,0.589223,0.000523599,0,0
-1.67567,0.00879097,-0.0109901,0.589223,0.002618,0,0
-1.67567,0.00293064,-0.0109901,0.589223,-0.002618,0,0
-1.67567,-0.00293064,-0.0109901,0.589223,0.0015708,0,0
-1.67558,0.00293064,-0.0329666,0.589223,0.000523599,0,0
-1.67567,0.00293064,-0.0109901,0.589223,0.0015708,0,0
-1.67567,-0.00879097,-0.0109901,0.589223,-0.00471239,0,0
-1.67558,-0.0146523,0.0109901,0.589223,0.00575959,0,0
-1.67567,-0.0146523,-0.0109901,0.589223,0.000523599,0,0
-1.67567,-0.00879097,-0.0109901,0.589223,-0.002618,0,0
-1.67577,-0.0146523,-0.0109901,0.589223,-0.002618,0,0
-1.67567,-0.0146523,-0.0109901,0.589223,0.0015708,0,0
-1.67567,-0.0146523,-0.0329666,0.589223,-0.00366519,0,0
-1.67567,-0.0146523,0.0109901,0.589223,0.00471239,0,0
-1.67558,-0.0205126,-0.0109901,0.589223,0.0015708,0,0
-1.67567,-0.0205126,-0.0109901,0.589223,-0.000349066,0,0
-1.67567,-0.0146523,-0.0109901,0.589223,0.002618,0,0
-1.67567,-0.0205126,-0.0109901,0.589223,0.00785398,0,0
-1.67577,-0.0146523,-0.0109901,0.589223,0.0015708,0,0
-1.67567,-0.0146523,-0.0109901,0.589223,-0.0015708,0,0
-1.67558,-0.0146523,-0.0109901,0.589223,0.0015708,0,0
-1.67567,-0.0146523,-0.0329666,0.589223,-0.000349066,0,0
-1.67577,-0.0146523,0.0109901,0.589223,-0.0015708,0,0
-1.67567,-0.00879097,-0.0109901,0.589223,-0.00994838,0,0
-1.67567,-0.00879097,-0.0109901,0.589223,-0.00471239,0,0
-1.67567,-0.00879097,-0.0329666,0.589223,0.0015708,0,0
-1.67567,-0.00879097,-0.0329666,0.589223,-0.00366519,0,0
-1.67577,0.00293064,0.0109901,0.589223,-0.00680679,0,0
-1.67567,0.00293064,-0.0109901,0.589223,0.002618,0,0
-1.67558,0.00879097,-0.0109901,0.589223,0.00471239,0,0
-1.67567,0.00293064,-0.0109901,0.589223,-0.00890118,0,0
-1.67577,-0.00293064,-0.0109901,0.589223,-0.00471239,0,0
-1.67567,-0.00293064,-0.0109901,0.589223,0.00471239,0,0
-1.67567,-0.00293064,-0.0109901,0.589223,-0.00575959,0,0
-1.67567,-0.00293064,-0.0109901,0.589223,-0.0122173,0,0
-1.67567,-0.00293064,-0.0109901,0.589223,-0.002618,0,0
-1.67567,-0.00293064,-0.0109901,0.589223,-0.00471239,0,0
-1.67567,-0.00293064,-0.0329666,0.589223,0.000523599,0,0
-1.67567,-0.00293064,0.0109901,0.589223,0.002618,0,0
-1.67567,-0.00293064,-0.0109901,0.589223,0.0132645,0,0
-1.67586,-0.00879097,-0.0329666,0.589223,0.00471239,0,0
-1.67567,-0.0146523,-0.0109901,0.589223,0.000523599,0,0
-1.67558,-0.0146523,-0.0109901,0.589223,-0.0015708,0,0
-1.67558,-0.0205126,-0.0109901,0.589223,-0.000349066,0,0
-1.67567,-0.0146523,-0.0109901,0.589223,0.00575959,0,0
-1.67567,-0.0146523,0.0109901,0.589223,-0.00994838,0,0
-1.67567,-0.00879097,-0.0109901,0.589223,-0.00575959,0,0
-1.67577,-0.00293064,-0.0329666,0.589223,0.00366519,0,0
-1.67558,0.00879097,-0.0109901,0.589223,-0.00680679,0,0
-1.67567,0.00293064,-0.0109901,0.589223,0.000523599,0,0
-1.67567,0.00293064,-0.0109901,0.589223,0.00471239,0,0
-1.67577,0.00293064,-0.0109901,0.589223,0.00785398,0,0
-1.67577,0.00293064,-0.0549469,0.589223,0.00366519,0,0
-1.67558,-0.00293064,-0.0109901,0.589223,-0.000349066,0,0
-1.67577,-0.00293064,0.0109901,0.589223,-0.00366519,0,0
-1.67577,-0.00293064,0.0109901,0.589223,-0.00680679,0,0
-1.67567,-0.00879097,-0.0109901,0.589223,-0.0015708,0,0
-1.67577,-0.0146523,0.0109901,0.589223,0.00366519,0,0
-1.67586,-0.0146523,0.0109901,0.589223,0.00471239,0,0
-1.67567,-0.0146523,-0.0329666,0.589223,0.00366519,0,0
-1.67558,-0.0146523,-0.0109901,0.589223,0.0101229,0,0
-1.67577,-0.0146523,-0.0329666,0.589223,-0.00366519,0,0
-1.67567,-0.0146523,-0.0109901,0.589223,0.000523599,0,0
-1.67567,-0.00293064,0.0109901,0.589223,0.00471239,0,0
-1.67548,-0.00879097,-0.0109901,0.589223,0.00366519,0,0
-1.67548,-0.00293064,-0.0109901,0.589223,-0.00366519,0,0
-1.67567,-0.00293064,-0.0109901,0.589223,-0.00785398,0,0
-1.67567,-0.00293064,-0.0109901,0.589223,0.00471239,0,0
-1.67567,-0.00879097,-0.0109901,0.589223,0.00366519,0,0
-1.67577,0.00293064,-0.0109901,0.589223,-0.002618,0,0
-1.67567,0.00293064,0.0109901,0.589223,-0.0015708,0,0
-1.67567,0.00879097,-0.0329666,0.589223,-0.00471239,0,0
-1.67567,0.00293064,-0.0109901,0.589223,0.0015708,0,0
-1.67567,-0.00293064,-0.0109901,0.589223,0.00680679,0,0
-1.67577,-0.00293064,-0.0109901,0.589223,-0.00366519,0,0
-1.67567,-0.00293064,-0.0109901,0.589223,-0.00366519,0,0
-1.67567,-0.00879097,-0.0109901,0.589223,0.00785398,0,0
-1.67567,-0.00879097,-0.0109901,0.589223,0.00366519,0,0
-1.67567,-0.00879097,-0.0329666,0.589223,-0.00366519,0,0
-1.67567,-0.00879097,-0.0109901,0.589223,-0.00994838,0,0
-1.67577,-0.00879097,-0.0109901,0.589223,0.002618,0,0
-1.67567,-0.00879097,-0.0109901,0.589223,0.0015708,0,0
-1.67567,-0.00879097,-0.0329666,0.589223,0.002618,0,0
-1.67567,-0.00293064,-0.0109901,0.589223,0.000523599,0,0
-1.67567,-0.00293064,-0.0109901,0.589223,0.00366519,0,0
-1.67577,-0.00293064,0.0109901,0.589223,-0.002618,0,0
-1.67567,0.00293064,-0.0109901,0.589223,0.0015708,0,0
-1.67567,0.00293064,-0.0109901,0.589223,-0.00471239,0,0
-1.67567,-0.00293064,-0.0109901,0.589223,-0.00366519,0,0
-1.67567,-0.00879097,-0.0109901,0.589223,0.00785398,0,0
-1.67567,-0.00879097,-0.0109901,0.589223,0.00575959,0,0
-1.67567,-0.00879097,-0.0109901,0.589223,0.0015708,0,0
-1.67567,-0.0146523,-0.0109901,0.589223,-0.00471239,0,0
-1.67567,-0.0146523,-0.0109901,0.589223,-0.002618,0,0
-1.67577,-0.0146523,-0.0329666,0.589223,0.002618,0,0
-1.67567,-0.00879097,0.0109901,0.589223,0.0101229,0,0
-1.67567,-0.00879097,-0.0109901,0.589223,0.0015708,0,0
-1.67567,-0.00879097,-0.0109901,0.589223,0.002618,0,0
-1.67577,-0.00879097,-0.0329666,0.589223,-0.00366519,0,0
-1.67567,-0.00879097,-0.0109901,0.589223,-0.0109956,0,0
-1.67577,-0.00293064,0.0109901,0.589223,0.000523599,0,0
-1.67577,-0.00293064,-0.0109901,0.589223,0.002618,0,0
-1.67567,-0.00293064,-0.0109901,0.589223,-0.0132645,0,0
-1.67567,-0.00293064,-0.0329666,0.589223,0.000523599,0,0
-1.67558,-0.00879097,-0.0109901,0.589223,0.0015708,0,0
-1.67567,-0.00879097,-0.0109901,0.589223,-0.00575959,0,0
-1.67567,-0.0146523,0.0109901,0.589223,-0.000349066,0,0
-1.67567,-0.0146523,0.0109901,0.589223,0.0015708,0,0
-1.67567,-0.0146523,0.0109901,0.589223,0.002618,0,0
-1.67567,-0.0146523,-0.0109901,0.589223,-0.00890118,0,0
-1.67567,-0.00879097,-0.0329666,0.589223,-0.00575959,0,0
-1.67558,-0.00879097,-0.0329666,0.589223,-0.000349066,0,0
-1.67567,-0.00293064,-0.0109901,0.589223,0.002618,0,0
-1.67567,0.00293064,-0.0109901,0.589223,0.0015708,0,0
-1.67586,0.00293064,-0.0109901,0.589223,0.0015708,0,0
-1.67586,-0.00293064,0.0109901,0.589223,0.0015708,0,0
-1.67567,0.00293064,-0.0329666,0.589223,0.00366519,0,0
-1.67567,-0.00293064,-0.0109901,0.589223,-0.00366519,0,0
-1.67567,0.00879097,-0.0329666,0.589223,-0.00890118,0,0
-1.67567,-0.00293064,-0.0109901,0.589223,-0.00366519,0,0
-1.67567,0.00293064,-0.0109901,0.589223,-0.00471239,0,0
-1.67567,-0.00879097,-0.0109901,0.589223,-0.00575959,0,0
-1.67567,-0.00879097,0.0109901,0.589223,-0.000349066,0,0
-1.67567,-0.00879097,-0.0109901,0.589223,0.0015708,0,0
-1.67567,-0.00879097,-0.0109901,0.589223,-0.000349066,0,0
-1.67567,-0.0146523,0.0109901,0.589223,0.00575959,0,0
-1.67577,-0.0146523,-0.0109901,0.589223,0.002618,0,0
-1.67567,-0.00879097,-0.0329666,0.589223,-0.0015708,0,0
-1.67567,-0.0146523,-0.0329666,0.589223,-0.0015708,0,0
-1.67567,-0.00879097,-0.0109901,0.589223,0.0015708,0,0
-1.67558,-0.00879097,-0.0109901,0.589223,-0.002618,0,0
-1.67567,-0.00879097,-0.0109901,0.589223,0.000523599,0,0
-1.67558,-0.00879097,-0.0329666,0.589223,0.0015708,0,0
-1.67567,-0.00879097,-0.0329666,0.589223,0.00907572,0,0
-1.67558,-0.00879097,-0.0109901,0.589223,-0.00471239,0,0
-1.67567,-0.0146523,-0.0109901,0.589223,0.002618,0,0
-1.67567,-0.0146523,-0.0329666,0.589223,0.0101229,0,0
-1.67567,-0.0205126,0.0109901,0.589223,0.00680679,0,0
-1.67567,-0.0205126,-0.0109901,0.589223,0.00907572,0,0
-1.67567,-0.00879097,0.0329666,0.589223,0.002618,0,0
-1.67577,-0.00879097,-0.0109901,0.589223,-0.0015708,0,0
-1.67577,-0.00879097,-0.0109901,0.589223,-0.00471239,0,0
-1.67548,-0.00293064,-0.0109901,0.589223,-0.000349066,0,0
-1.67586,-0.00293064,-0.0109901,0.589223,0.00471239,0,0
-1.67567,-0.00879097,-0.0109901,0.589223,0.0015708,0,0
-1.67567,0.00293064,-0.0109901,0.589223,-0.00575959,0,0
-1.67567,0.00293064,-0.0109901,0.589223,0.000523599,0,0
-1.67567,0.00293064,-0.0109901,0.589223,0.00366519,0,0
-1.67567,-0.00293064,-0.0109901,0.589223,0.002618,0,0
-1.67567,-0.00293064,-0.0109901,0.589223,0.00907572,0,0
-1.67567,-0.00293064,-0.0109901,0.589223,-0.00366519,0,0
-1.67577,-0.00293064,0.0109901,0.589223,-0.00890118,0,0
-1.67567,-0.00879097,-0.0329666,0.589223,-0.00575959,0,0
-1.67567,-0.00879097,0.0109901,0.589223,0.00575959,0,0
-1.67567,-0.0146523,-0.0109901,0.589223,0.00471239,0,0
-1.67586,-0.0146523,-0.0109901,0.589223,0.000523599,0,0
-1.67577,-0.0146523,-0.0109901,0.589223,-0.0015708,0,0
-1.67558,-0.0146523,-0.0109901,0.589223,0.002618,0,0
-1.67567,-0.0146523,-0.0329666,0.589223,0.0015708,0,0
-1.67567,-0.00879097,-0.0109901,0.589223,-0.000349066,0,0
-1.67567,-0.00293064,-0.0109901,0.589223,-0.002618,0,0
-1.67567,0.00293064,-0.0329666,0.589223,0.00575959,0,0
-1.67558,-0.00293064,-0.0109901,0.589223,-0.00680679,0,0
-1.67558,-0.00293064,0.0109901,0.589223,-0.00471239,0,0
-1.67567,-0.00293064,0.0329666,0.589223,0.000523599,0,0
-1.67586,0.00293064,-0.0109901,0.589223,0.002618,0,0
-1.67567,-0.00293064,0.0109901,0.589223,-0.000349066,0,0
-1.67567,-0.00879097,-0.0109901,0.589223,-0.000349066,0,0
-1.67558,-0.00879097,-0.0109901,0.589223,-0.00366519,0,0
-1.67567,-0.00879097,-0.0109901,0.589223,0.00680679,0,0
-1.67548,-0.0146523,-0.0329666,0.589223,0.002618,0,0
-1.67567,-0.0146523,0.0109901,0.589223,0.00366519,0,0
-1.67567,-0.0146523,-0.0109901,0.589223,-0.0015708,0,0
-1.67567,-0.00879097,-0.0109901,0.589223,-0.0015708,0,0
-1.67567,-0.00293064,0.0109901,0.589223,0.00471239,0,0
-1.67567,-0.00293064,-0.0109901,0.589223,-0.00366519,0,0
-1.67567,-0.00293064,0.0109901,0.589223,-0.00471239,0,0
-1.67567,-0.00293064,-0.0109901,0.589223,-0.002618,0,0
-1.67558,-0.00879097,-0.0329666,0.589223,0.0015708,0,0
-1.67577,-0.0146523,0.0109901,0.589223,-0.000349066,0,0
-1.67577,-0.0146523,-0.0109901,0.589223,0.000523599,0,0
-1.67586,-0.00879097,0.0109901,0.589223,0.000523599,0,0
-1.67567,-0.00879097,-0.0109901,0.589223,-0.002618,0,0
-1.67567,-0.0146523,-0.0109901,0.589223,0.00366519,0,0
-1.67558,-0.0146523,-0.0329666,0.589223,0.0111701,0,0
-1.67567,-0.00879097,-0.0109901,0.589223,0.0101229,0,0
-1.67567,-0.00879097,0.0109901,0.589223,-0.0015708,0,0
-1.67567,-0.00879097,-0.0109901,0.589223,-0.00890118,0,0
-1.67577,-0.00879097,-0.0109901,0.589223,-0.00575959,0,0
-1.67577,-0.00879097,-0.0109901,0.589223,-0.002618,0,0
-1.67567,-0.00879097,-0.0109901,0.589223,0.00680679,0,0
-1.67567,-0.00879097,0.0109901,0.589223,0.0122173,0,0
-1.67567,-0.00293064,-0.0329666,0.589223,0.00471239,0,0
-1.67558,-0.00879097,-0.0329666,0.589223,-0.00471239,0,0
-1.67567,-0.0146523,-0.0329666,0.589223,-0.00785398,0,0
-1.67548,-0.0146523,-0.0109901,0.589223,0.002618,0,0
-1.67567,-0.0146523,0.0109901,0.589223,0.00575959,0,0
-1.67567,-0.0146523,-0.0329666,0.589223,0.00471239,0,0
-1.67567,-0.0146523,-0.0109901,0.589223,-0.00680679,0,0
-1.67567,-0.00879097,-0.0329666,0.589223,-0.00680679,0,0
-1.67567,-0.00879097,0.0109901,0.589223,0.0015708,0,0
-1.67558,-0.00293064,0.0109901,0.589223,0.00366519,0,0
-1.67558,-0.00293064,-0.0329666,0.589223,0.0101229,0,0
-1.67567,-0.00879097,-0.0109901,0.589223,-0.000349066,0,0
-1.67577,-0.00879097,-0.0109901,0.589223,-0.000349066,0,0
-1.67567,0.00293064,-0.0329666,0.589223,-0.00366519,0,0
-1.67567,0.00293064,-0.0329666,0.589223,0.000523599,0,0
-1.67577,-0.00293064,-0.0109901,0.589223,-0.00890118,0,0
-1.67567,-0.00293064,-0.0109901,0.589223,0.000523599,0,0
-1.67567,-0.00293064,0.0109901,0.589223,0.00366519,0,0
-1.67567,-0.00879097,-0.0109901,0.589223,0.000523599,0,0
-1.67577,-0.00293064,-0.0329666,0.589223,-0.002618,0,0
-1.67567,-0.00879097,0.0109901,0.589223,-0.00785398,0,0
-1.67567,-0.00879097,-0.0109901,0.589223,0.00785398,0,0
-1.67567,-0.0146523,-0.0109901,0.589223,0.002618,0,0
-1.67567,-0.0146523,-0.0109901,0.589223,-0.000349066,0,0
-1.67567,-0.00879097,-0.0109901,0.589223,-0.00471239,0,0
-1.67558,-0.00879097,-0.0329666,0.589223,-0.0015708,0,0
-1.67567,-0.00879097,-0.0329666,0.589223,0.00366519,0,0
-1.67548,-0.00879097,-0.0109901,0.589223,0.002618,0,0
-1.67567,-0.00879097,-0.0109901,0.589223,0.000523599,0,0
-1.67567,-0.00879097,0.0109901,0.589223,0.00680679,0,0
-1.67558,-0.00879097,-0.0109901,0.589223,-0.0015708,0,0
-1.67567,-0.0146523,0.0329666,0.589223,-0.000349066,0,0
-1.67567,-0.00879097,0.0109901,0.589223,0.0015708,0,0
-1.67586,-0.00879097,-0.0109901,0.589223,-0.00471239,0,0
-1.67558,-0.0146523,-0.0109901,0.589223,-0.000349066,0,0
-1.67567,-0.0146523,-0.0329666,0.589223,-0.0015708,0,0
-1.67567,-0.0146523,0.0109901,0.589223,0.0015708,0,0
