yaw_angle_raw,yaw_torque_raw,yaw_vel_motor,yaw_angle_imu,yaw_vel_imu,target_torque,target_velocity
3.09918,-0.00293064,0.0109901,-2.69374,-0.0345575,0,0
3.09899,-0.00293064,0.0329666,-2.69392,-0.0441568,0,0
3.09899,-0.00293064,-0.0109901,-2.69392,-0.045204,0,0
3.09879,0.00293064,0.0329666,-2.69409,-0.0418879,0,0
3.0987,-0.00293064,0.0549469,-2.69409,-0.0397935,0,0
3.09879,-0.00293064,0.0109901,-2.69409,-0.0335103,0,0
3.0986,0.00293064,0.0329666,-2.69427,-0.0335103,0,0
3.0986,-0.00293064,0.0329666,-2.69427,-0.045204,0,0
3.0986,0.00293064,0.0109901,-2.69444,-0.0441568,0,0
3.09841,0.00293064,0.0329666,-2.69444,-0.0356047,0,0
3.09851,0.00293064,0.0329666,-2.69461,-0.0324631,0,0
3.09841,0.00293064,0.0329666,-2.69461,-0.0356047,0,0
3.09841,-0.00293064,0.0109901,-2.69461,-0.0312414,0,0
3.09841,-0.00293064,0.0109901,-2.69479,-0.0324631,0,0
3.09822,-0.00879097,0.0329666,-2.69479,-0.0301942,0,0
3.09822,-0.00879097,0.0109901,-2.69479,-0.0249582,0,0
3.09812,-0.00879097,0.0329666,-2.69496,-0.0195477,0,0
3.09812,-0.00879097,0.0109901,-2.69496,-0.0301942,0,0
3.09803,-0.00879097,-0.0109901,-2.69496,-0.0335103,0,0
3.09784,-0.00293064,0.0329666,-2.69514,-0.0205949,0,0
3.09803,-0.00293064,0.0109901,-2.69514,-0.0270526,0,0
3.09793,0.00293064,0.0109901,-2.69514,-0.0280998,0,0
3.09784,-0.00293064,0.0109901,-2.69531,-0.0216421,0,0
3.09774,-0.00293064,0.0109901,-2.69531,-0.0249582,0,0
3.09784,-0.00879097,0.0109901,-2.69531,-0.0164061,0,0
3.09764,-0.00293064,0.0109901,-2.69531,-0.0164061,0,0
3.09784,-0.00293064,-0.0109901,-2.69531,-0.0174533,0,0
3.09774,-0.00879097,-0.0109901,-2.69549,-0.0249582,0,0
3.09774,-0.00879097,-0.0109901,-2.69549,-0.0164061,0,0
3.09764,-0.00879097,0.0109901,-2.69549,-0.0185005,0,0
3.09764,-0.00879097,0.0109901,-2.69549,-0.0174533,0,0
3.09745,-0.00879097,-0.0109901,-2.69549,-0.00994838,0,0
3.09755,-0.00879097,-0.0109901,-2.69566,-0.00994838,0,0
3.09745,-0.0146523,0.0109901,-2.69566,-0.0164061,0,0
3.09755,-0.00879097,0.0109901,-2.69566,-0.0164061,0,0
3.09755,-0.00879097,-0.0109901,-2.69566,-0.0122173,0,0
3.09755,-0.00879097,-0.0109901,-2.69566,-0.0109956,0,0
3.09745,-0.00879097,-0.0109901,-2.69566,-0.00575959,0,0
3.09745,-0.00293064,0.0109901,-2.69566,-0.0143117,0,0
3.09745,-0.00293064,-0.0109901,-2.69584,-0.00994838,0,0
3.09745,-0.00293064,-0.0109901,-2.69584,-0.000349066,0,0
3.09755,-0.00879097,-0.0329666,-2.69584,-0.000349066,0,0
3.09764,-0.00293064,-0.0109901,-2.69584,-0.0143117,0,0
3.09764,-0.00879097,0.0109901,-2.69584,-0.00994838,0,0
3.09745,-0.00879097,-0.0109901,-2.69584,-0.00994838,0,0
3.09755,-0.00879097,-0.0329666,-2.69584,-0.0132645,0,0
3.09745,-0.00879097,0.0109901,-2.69584,-0.00366519,0,0
3.09755,-0.0146523,-0.0109901,-2.69584,-0.002618,0,0
3.09755,-0.00879097,-0.0109901,-2.69584,-0.00680679,0,0
3.09755,-0.00293064,-0.0109901,-2.69584,0.000523599,0,0
3.09745,-0.00879097,0.0109901,-2.69584,-0.00471239,0,0
3.09764,-0.00293064,-0.0109901,-2.69584,0.000523599,0,0
3.09764,-0.00293064,-0.0109901,-2.69584,0.000523599,0,0
3.09764,-0.00293064,-0.0109901,-2.69584,-0.002618,0,0
3.09745,-0.00293064,-0.0109901,-2.69584,0.002618,0,0
3.09745,-0.00879097,-0.0109901,-2.69584,-0.000349066,0,0
3.09764,-0.00879097,-0.0109901,-2.69601,-0.00575959,0,0
3.09764,-0.00879097,-0.0109901,-2.69601,0.002618,0,0
3.09755,-0.00879097,-0.0329666,-2.69584,0.0015708,0,0
3.09764,-0.00293064,-0.0109901,-2.69601,-0.00471239,0,0
3.09755,0.00293064,-0.0109901,-2.69601,-0.0015708,0,0
3.09774,-0.00293064,-0.0109901,-2.69584,0.0111701,0,0
3.09764,-0.00293064,-0.0329666,-2.69584,0.0143117,0,0
3.09745,-0.00879097,-0.0109901,-2.69584,0.000523599,0,0
3.09755,-0.00879097,0.0109901,-2.69584,-0.002618,0,0
3.09764,-0.0146523,-0.0109901,-2.69584,-0.002618,0,0
3.09764,-0.00879097,-0.0109901,-2.69584,-0.002618,0,0
3.09755,-0.00879097,-0.0329666,-2.69584,0.002618,0,0
3.09755,-0.00879097,-0.0329666,-2.69584,0.00785398,0,0
3.09764,-0.00293064,-0.0329666,-2.69584,-0.0015708,0,0
3.09764,-0.00293064,-0.0109901,-2.69584,-0.00890118,0,0
3.09784,-0.00293064,-0.0329666,-2.69584,-0.00471239,0,0
3.09764,-0.00293064,0.0109901,-2.69584,0.0015708,0,0
3.09764,-0.00293064,0.0109901,-2.69584,0.00785398,0,0
3.09755,-0.00293064,-0.0109901,-2.69584,0.0015708,0,0
3.09764,-0.00879097,-0.0109901,-2.69584,-0.002618,0,0
3.09764,-0.00879097,-0.0109901,-2.69584,-0.00575959,0,0
3.09755,-0.00879097,-0.0109901,-2.69584,-0.0015708,0,0
3.09764,-0.00879097,-0.0109901,-2.69584,0.00366519,0,0
3.09764,-0.00293064,-0.0109901,-2.69584,-0.000349066,0,0
3.09764,-0.00293064,0.0109901,-2.69584,-0.0015708,0,0
3.09764,-0.00293064,0.0109901,-2.69584,-0.00471239,0,0
3.09764,-0.00293064,-0.0109901,-2.69584,-0.000349066,0,0
3.09764,-0.00879097,-0.0329666,-2.69584,-0.000349066,0,0
3.09764,-0.00879097,-0.0329666,-2.69584,-0.002618,0,0
3.09784,-0.00879097,-0.0109901,-2.69584,0.00471239,0,0
3.09764,-0.00879097,-0.0109901,-2.69584,-0.000349066,0,0
3.09764,-0.00879097,-0.0109901,-2.69584,-0.00994838,0,0
3.09764,-0.00293064,0.0109901,-2.69601,-0.000349066,0,0
3.09764,-0.00879097,-0.0109901,-2.69584,0.00575959,0,0
3.09764,-0.00879097,-0.0329666,-2.69584,0.00366519,0,0
3.09774,-0.00293064,-0.0329666,-2.69584,0.000523599,0,0
3.09764,-0.00293064,0.0109901,-2.69584,0.002618,0,0
3.09764,-0.00879097,-0.0329666,-2.69584,-0.00366519,0,0
3.09764,-0.00879097,-0.0329666,-2.69584,-0.0015708,0,0
3.09764,-0.00879097,-0.0329666,-2.69584,0.00680679,0,0
3.09764,-0.00879097,0.0109901,-2.69584,0.0015708,0,0
3.09774,-0.00293064,0.0109901,-2.69584,-0.000349066,0,0
3.09755,-0.00293064,-0.0109901,-2.69584,-0.00366519,0,0
3.09745,-0.00293064,-0.0109901,-2.69584,-0.00471239,0,0
3.09764,-0.00293064,-0.0109901,-2.69584,0.0015708,0,0
3.09774,-0.00293064,-0.0109901,-2.69584,0.0015708,0,0
3.09774,-0.00293064,-0.0109901,-2.69584,0.002618,0,0
3.09774,-0.00293064,0.0109901,-2.69584,-0.00890118,0,0
3.09774,-0.00879097,-0.0109901,-2.69601,-0.00994838,0,0
3.09764,-0.00879097,0.0109901,-2.69601,0.0101229,0,0
3.09764,-0.0146523,-0.0109901,-2.69584,0.00907572,0,0
3.09764,-0.00879097,-0.0109901,-2.69584,-0.00680679,0,0
3.09774,-0.00293064,-0.0109901,-2.69584,0.000523599,0,0
3.09764,-0.00879097,0.0109901,-2.69584,0.00575959,0,0
3.09755,-0.00879097,0.0109901,-2.69584,0.00575959,0,0
3.09774,-0.00879097,-0.0109901,-2.69584,-0.00575959,0,0
3.09764,-0.0146523,-0.0329666,-2.69584,0.000523599,0,0
3.09755,-0.00879097,-0.0329666,-2.69584,-0.00366519,0,0
3.09764,-0.00293064,0.0109901,-2.69584,0.002618,0,0
3.09764,-0.00293064,-0.0109901,-2.69584,0.0015708,0,0
3.09764,-0.00293064,-0.0109901,-2.69584,-0.002618,0,0
3.09774,-0.00293064,-0.0329666,-2.69584,0.00575959,0,0
3.09764,0.00293064,-0.0109901,-2.69584,-0.002618,0,0
3.09764,-0.00293064,-0.0329666,-2.69584,-0.00471239,0,0
3.09774,-0.00293064,-0.0329666,-2.69584,0.0015708,0,0
3.09764,-0.00293064,0.0109901,-2.69584,-0.0015708,0,0
3.09764,-0.00879097,0.0109901,-2.69584,0.000523599,0,0
3.09764,-0.00879097,-0.0329666,-2.69601,-0.002618,0,0
3.09774,-0.00879097,-0.0109901,-2.69601,-0.00994838,0,0
3.09764,-0.00879097,-0.0109901,-2.69601,-0.00575959,0,0
3.09764,-0.00879097,0.0109901,-2.69601,0.00471239,0,0
3.09755,-0.00879097,-0.0329666,-2.69601,0.0111701,0,0
3.09764,-0.00879097,-0.0109901,-2.69584,0.0143117,0,0
3.09764,-0.00293064,-0.0109901,-2.69584,0.0015708,0,0
3.09764,-0.00293064,-0.0109901,-2.69584,-0.00890118,0,0
3.09774,-0.00293064,-0.0109901,-2.69601,-0.0109956,0,0
3.09764,-0.00879097,-0.0109901,-2.69601,-0.00471239,0,0
3.09764,-0.00879097,-0.0109901,-2.69601,-0.002618,0,0
3.09764,-0.00879097,-0.0109901,-2.69601,0.00907572,0,0
3.09764,-0.00879097,-0.0109901,-2.69601,0.0015708,0,0
3.09764,-0.00293064,-0.0109901,-2.69601,-0.00575959,0,0
3.09764,-0.00293064,-0.0109901,-2.69601,0.00471239,0,0
3.09764,-0.00293064,-0.0109901,-2.69584,0.00785398,0,0
3.09774,-0.00293064,-0.0109901,-2.69584,0.0015708,0,0
3.09764,-0.00293064,-0.0329666,-2.69601,-0.00366519,0,0
3.09764,-0.00293064,0.0109901,-2.69601,-0.00575959,0,0
3.09764,-0.00293064,0.0109901,-2.69601,0.002618,0,0
3.09764,-0.00293064,-0.0109901,-2.69601,0.000523599,0,0
3.09774,-0.00879097,-0.0109901,-2.69601,-0.002618,0,0
3.09774,-0.00879097,-0.0109901,-2.69601,-0.00575959,0,0
3.09764,-0.00293064,-0.0109901,-2.69601,0.00785398,0,0
3.09764,-0.00293064,0.0109901,-2.69584,0.0101229,0,0
3.09764,-0.00293064,-0.0109901,-2.69584,-0.0015708,0,0
3.09764,-0.00293064,-0.0109901,-2.69601,-0.00994838,0,0
3.09774,0.00293064,-0.0109901,-2.69601,0.000523599,0,0
3.09774,-0.00879097,-0.0109901,-2.69601,0.00366519,0,0
3.09774,-0.00879097,-0.0329666,-2.69584,0.0101229,0,0
3.09755,-0.00293064,-0.0109901,-2.69584,-0.0015708,0,0
3.09764,-0.00879097,0.0109901,-2.69584,-0.00471239,0,0
3.09764,-0.00879097,-0.0109901,-2.69601,-0.00366519,0,0
3.09764,-0.00879097,-0.0109901,-2.69601,-0.00680679,0,0
3.09774,-0.00293064,-0.0109901,-2.69601,0.0015708,0,0
3.09784,-0.00293064,-0.0109901,-2.69601,-0.000349066,0,0
3.09764,-0.00293064,-0.0109901,-2.69601,-0.00366519,0,0
3.09774,-0.00293064,-0.0109901,-2.69601,-0.00575959,0,0
3.09764,-0.00879097,-0.0109901,-2.69601,-0.00471239,0,0
3.09764,-0.00879097,-0.0109901,-2.69601,0.00785398,0,0
3.09774,-0.00293064,0.0109901,-2.69601,0.0015708,0,0
3.09764,-0.00293064,-0.0109901,-2.69601,-0.00366519,0,0
3.09774,-0.00879097,-0.0109901,-2.69601,-0.00366519,0,0
3.09764,-0.0146523,0.0109901,-2.69601,-0.00471239,0,0
3.09764,-0.0146523,-0.0109901,-2.69601,-0.000349066,0,0
3.09774,-0.00879097,0.0109901,-2.69601,0.0015708,0,0
3.09764,-0.00879097,-0.0109901,-2.69601,0.0015708,0,0
3.09764,-0.00879097,0.0109901,-2.69601,-0.00366519,0,0
3.09784,-0.00879097,-0.0329666,-2.69601,0.00575959,0,0
3.09774,-0.00293064,-0.0109901,-2.69601,0.002618,0,0
3.09784,-0.00293064,-0.0109901,-2.69601,-0.00366519,0,0
3.09764,-0.00293064,-0.0109901,-2.69601,0.00366519,0,0
3.09764,-0.00293064,0.0109901,-2.69601,0.0015708,0,0
3.09764,-0.00879097,-0.0109901,-2.69601,0.000523599,0,0
3.09774,-0.0146523,-0.0109901,-2.69601,-0.00890118,0,0
3.09764,-0.00879097,-0.0329666,-2.69601,-0.00471239,0,0
3.09764,-0.00879097,0.0109901,-2.69601,0.00680679,0,0
3.09774,-0.0146523,-0.0329666,-2.69601,0.0111701,0,0
3.09774,-0.00879097,0.0109901,-2.69601,-0.000349066,0,0
3.09774,-0.00879097,-0.0109901,-2.69601,-0.00680679,0,0
3.09764,-0.00879097,0.0109901,-2.69601,0.0101229,0,0
3.09784,0.00293064,0.0109901,-2.69601,0.00366519,0,0
3.09764,-0.00293064,-0.0109901,-2.69601,0.000523599,0,0
3.09764,-0.00293064,-0.0109901,-2.69601,0.002618,0,0
3.09755,-0.00879097,0.0109901,-2.69601,-0.00890118,0,0
3.09764,-0.00293064,-0.0109901,-2.69601,-0.00785398,0,0
3.09764,-0.00293064,-0.0109901,-2.69601,0.0015708,0,0
3.09764,-0.00293064,-0.0109901,-2.69601,0.000523599,0,0
3.09774,-0.00293064,-0.0329666,-2.69601,-0.002618,0,0
3.09774,-0.00293064,-0.0109901,-2.69601,0.0015708,0,0
3.09764,-0.00293064,-0.0329666,-2.69601,0.00366519,0,0
3.09774,-0.00879097,0.0109901,-2.69601,-0.0015708,0,0
3.09755,-0.00879097,0.0109901,-2.69601,-0.0015708,0,0
3.09764,-0.00879097,0.0109901,-2.69601,-0.00890118,0,0
3.09764,-0.00879097,-0.0109901,-2.69601,-0.00471239,0,0
3.09764,-0.00879097,-0.0109901,-2.69601,0.002618,0,0
3.09764,0.00293064,-0.0329666,-2.69601,-0.00785398,0,0
3.09774,-0.00293064,0.0109901,-2.69601,-0.00890118,0,0
3.09774,0.00293064,-0.0109901,-2.69601,0.00680679,0,0
3.09764,-0.00293064,-0.0109901,-2.69601,0.00907572,0,0
3.09764,-0.00293064,-0.0329666,-2.69601,0.000523599,0,0
3.09764,-0.00293064,-0.0109901,-2.69601,0.00366519,0,0
3.09774,-0.00879097,-0.0109901,-2.69601,-0.00575959,0,0
3.09774,-0.00879097,-0.0329666,-2.69601,0.000523599,0,0
3.09774,-0.00293064,-0.0109901,-2.69601,0.002618,0,0
3.09784,-0.00293064,-0.0109901,-2.69601,0.0015708,0,0
3.09774,-0.00293064,-0.0329666,-2.69601,0.00680679,0,0
3.09774,-0.00293064,0.0109901,-2.69601,0.002618,0,0
3.09774,0.00293064,-0.0109901,-2.69601,0.00366519,0,0
3.09764,-0.00293064,-0.0109901,-2.69601,0.00907572,0,0
3.09774,-0.00293064,-0.0109901,-2.69601,-0.00680679,0,0
3.09764,-0.00879097,-0.0109901,-2.69601,-0.00471239,0,0
3.09764,-0.00293064,-0.0109901,-2.69601,0.0015708,0,0
3.09764,-0.00879097,0.0109901,-2.69601,-0.0015708,0,0
3.09764,-0.0146523,-0.0109901,-2.69601,-0.00366519,0,0
3.09774,-0.00879097,-0.0329666,-2.69601,-0.000349066,0,0
3.09774,-0.00879097,-0.0109901,-2.69601,0.000523599,0,0
3.09764,-0.0146523,-0.0109901,-2.69601,0.000523599,0,0
3.09764,-0.00879097,-0.0109901,-2.69601,0.002618,0,0
3.09764,-0.00879097,-0.0109901,-2.69601,-0.000349066,0,0
3.09764,-0.00879097,-0.0329666,-2.69601,0.000523599,0,0
3.09764,-0.00293064,-0.0109901,-2.69601,-0.0015708,0,0
3.09774,-0.00293064,-0.0329666,-2.69601,0.000523599,0,0
3.09784,-0.00293064,-0.0109901,-2.69601,-0.000349066,0,0
3.09784,-0.00293064,0.0109901,-2.69601,0.002618,0,0
3.09774,-0.00879097,0.0329666,-2.69601,0.0015708,0,0
3.09764,-0.00879097,-0.0329666,-2.69601,-0.00366519,0,0
3.09774,-0.00879097,-0.0109901,-2.69601,-0.0015708,0,0
3.09784,-0.00879097,-0.0109901,-2.69601,0.0015708,0,0
3.09764,-0.00879097,-0.0109901,-2.69601,0.00366519,0,0
3.09774,-0.00879097,-0.0109901,-2.69601,-0.002618,0,0
3.09784,-0.00879097,-0.0329666,-2.69601,-0.00366519,0,0
3.09764,-0.00879097,-0.0329666,-2.69601,0.00366519,0,0
3.09774,-0.00879097,0.0109901,-2.69601,-0.000349066,0,0
3.09774,-0.00293064,0.0109901,-2.69601,0.0015708,0,0
3.09755,-0.00293064,-0.0109901,-2.69601,0.0111701,0,0
3.09764,-0.00293064,-0.0109901,-2.69601,0.0015708,0,0
3.09764,-0.00293064,-0.0109901,-2.69601,-0.00890118,0,0
3.09764,-0.00293064,-0.0109901,-2.69601,-0.002618,0,0
3.09774,-0.00293064,-0.0109901,-2.69601,0.002618,0,0
3.09764,-0.00293064,-0.0329666,-2.69601,0.00680679,0,0
3.09764,-0.00293064,-0.0549469,-2.69601,0.000523599,0,0
3.09764,-0.00293064,0.0109901,-2.69601,0.00575959,0,0
3.09764,-0.00293064,-0.0329666,-2.69601,0.00575959,0,0
3.09764,-0.00293064,0.0109901,-2.69601,-0.00575959,0,0
3.09764,-0.00293064,-0.0329666,-2.69601,-0.000349066,0,0
3.09764,-0.00293064,-0.0109901,-2.69601,-0.00471239,0,0
3.09774,-0.00293064,-0.0109901,-2.69601,0.0015708,0,0
3.09774,-0.00293064,-0.0329666,-2.69601,0.00575959,0,0
3.09764,-0.00293064,-0.0109901,-2.69601,-0.0153589,0,0
3.09774,-0.00879097,0.0109901,-2.69601,-0.00680679,0,0
3.09774,-0.00879097,-0.0329666,-2.69601,-0.00366519,0,0
3.09764,-0.00879097,0.0109901,-2.69601,0.002618,0,0
3.09764,-0.00879097,-0.0329666,-2.69601,0.0143117,0,0
3.09784,-0.00879097,-0.0109901,-2.69601,0.00680679,0,0
3.09784,-0.00879097,-0.0329666,-2.69601,0.00366519,0,0
3.09764,-0.00293064,-0.0109901,-2.69601,-0.00785398,0,0
3.09774,-0.00293064,-0.0109901,-2.69601,-0.00785398,0,0
3.09764,0.00293064,-0.0109901,-2.69601,0.00366519,0,0
3.09764,0.00293064,-0.0109901,-2.69601,-0.00471239,0,0
3.09755,-0.00293064,-0.0109901,-2.69601,-0.00366519,0,0
3.09764,-0.00879097,-0.0109901,-2.69601,-0.000349066,0,0
3.09774,-0.00879097,-0.0109901,-2.69601,-0.000349066,0,0
3.09764,-0.00879097,-0.0109901,-2.69601,-0.002618,0,0
3.09764,-0.00879097,-0.0109901,-2.69601,0.0111701,0,0
3.09764,-0.00879097,-0.0109901,-2.69601,0.002618,0,0
3.09774,-0.00879097,-0.0329666,-2.69601,-0.00680679,0,0
3.09774,-0.00879097,-0.0329666,-2.69601,-0.00890118,0,0
3.09774,-0.00293064,0.0109901,-2.69601,0.000523599,0,0
3.09784,0.00293064,-0.0329666,-2.69601,0.00366519,0,0
3.09764,0.00293064,0.0109901,-2.69601,0.00575959,0,0
3.09764,0.00293064,-0.0329666,-2.69601,0.00471239,0,0
3.09764,0.00293064,0.0109901,-2.69601,0.00471239,0,0
3.09784,0.00293064,-0.0549469,-2.69601,-0.000349066,0,0
3.09764,-0.00293064,-0.0109901,-2.69601,-0.000349066,0,0
3.09774,-0.00293064,-0.0109901,-2.69601,0.00785398,0,0
3.09774,-0.00293064,-0.0329666,-2.69601,-0.002618,0,0
3.09764,-0.00879097,-0.0109901,-2.69601,-0.00366519,0,0
3.09764,-0.00879097,0.0109901,-2.69601,-0.00680679,0,0
3.09784,-0.00879097,-0.0109901,-2.69601,0.00366519,0,0
3.09764,-0.00879097,-0.0109901,-2.69601,0.00366519,0,0
3.09784,-0.00879097,0.0109901,-2.69601,-0.00680679,0,0
3.09764,-0.00293064,-0.0109901,-2.69601,-0.002618,0,0
3.09764,-0.00879097,-0.0109901,-2.69601,-0.0015708,0,0
3.09784,-0.00293064,-0.0109901,-2.69601,0.0015708,0,0
3.09774,-0.00293064,-0.0329666,-2.69601,0.0015708,0,0
3.09755,-0.00879097,-0.0109901,-2.69601,-0.00471239,0,0
3.09784,-0.00879097,-0.0109901,-2.69601,-0.00575959,0,0
3.09774,-0.00293064,-0.0109901,-2.69601,0.0101229,0,0
3.09764,-0.00293064,-0.0109901,-2.69601,-0.002618,0,0
3.09764,0.00293064,0.0109901,-2.69601,0.0015708,0,0
3.09764,-0.00293064,-0.0109901,-2.69601,0.00366519,0,0
3.09755,-0.00879097,-0.0109901,-2.69601,0.0015708,0,0
3.09774,-0.00293064,-0.0109901,-2.69601,-0.0015708,0,0
3.09764,-0.00293064,0.0109901,-2.69601,-0.0015708,0,0
3.09755,-0.00293064,-0.0109901,-2.69601,0.000523599,0,0
3.09774,-0.00293064,-0.0109901,-2.69601,-0.0015708,0,0
3.09764,0.00293064,-0.0109901,-2.69601,-0.002618,0,0
3.09774,-0.00293064,-0.0109901,-2.69601,-0.002618,0,0
3.09764,-0.00293064,-0.0109901,-2.69601,0.00785398,0,0
3.09764,-0.00293064,-0.0329666,-2.69601,0.000523599,0,0
3.09764,-0.00293064,-0.0109901,-2.69601,-0.0143117,0,0
3.09774,-0.00293064,-0.0109901,-2.69601,-0.000349066,0,0
3.09764,-0.00293064,-0.0329666,-2.69601,0.00471239,0,0
3.09774,-0.00293064,0.0109901,-2.69601,-0.002618,0,0
3.09764,-0.00879097,0.0109901,-2.69601,-0.0015708,0,0
3.09784,-0.00879097,-0.0109901,-2.69601,0.00680679,0,0
3.09764,-0.00879097,-0.0109901,-2.69601,0.00907572,0,0
3.09774,-0.00293064,0.0109901,-2.69601,0.002618,0,0
3.09764,-0.00293064,-0.0109901,-2.69601,-0.00471239,0,0
3.09764,-0.00293064,-0.0109901,-2.69601,-0.00575959,0,0
3.09774,-0.00293064,-0.0109901,-2.69601,-0.000349066,0,0
3.09764,-0.00879097,-0.0329666,-2.69601,0.00785398,0,0
3.09784,-0.00293064,-0.0109901,-2.69601,-0.002618,0,0
3.09764,-0.00879097,0.0109901,-2.69601,0.00680679,0,0
3.09774,-0.0146523,-0.0109901,-2.69601,0.00366519,0,0
3.09774,-0.0146523,0.0109901,-2.69601,-0.00366519,0,0
3.09764,-0.00879097,-0.0109901,-2.69601,0.002618,0,0
3.09764,-0.00293064,-0.0109901,-2.69601,0.0015708,0,0
3.09774,-0.00293064,-0.0109901,-2.69601,0.0015708,0,0
3.09764,-0.00293064,-0.0109901,-2.69601,0.0015708,0,0
3.09764,-0.00293064,-0.0109901,-2.69601,0.000523599,0,0
3.09774,-0.00293064,0.0109901,-2.69601,-0.00471239,0,0
3.09774,-0.00879097,-0.0329666,-2.69601,0.000523599,0,0
3.09764,-0.00879097,-0.0109901,-2.69601,0.000523599,0,0
3.09784,-0.00293064,-0.0329666,-2.69601,0.00366519,0,0
3.09784,0.00293064,-0.0329666,-2.69601,0.00471239,0,0
3.09774,0.00293064,-0.0109901,-2.69601,-0.002618,0,0
3.09774,0.00293064,0.0109901,-2.69601,-0.000349066,0,0
3.09764,0.00293064,-0.0109901,-2.69601,0.00366519,0,0
3.09764,-0.00293064,0.0329666,-2.69601,0.00680679,0,0
3.09764,-0.00293064,-0.0109901,-2.69601,0.0015708,0,0
3.09755,-0.00879097,0.0109901,-2.69601,-0.000349066,0,0
3.09774,-0.00879097,-0.0109901,-2.69601,0.0122173,0,0
3.09774,0.00293064,-0.0109901,-2.69584,0.0111701,0,0
3.09764,-0.00293064,-0.0329666,-2.69601,-0.00785398,0,0
3.09774,-0.00293064,-0.0109901,-2.69601,-0.002618,0,0
3.09774,-0.00879097,-0.0329666,-2.69601,0.000523599,0,0
3.09764,-0.00879097,-0.0109901,-2.69601,-0.002618,0,0
3.09774,-0.00879097,0.0109901,-2.69601,-0.002618,0,0
3.09764,0.00293064,-0.0109901,-2.69601,0.002618,0,0
3.09774,-0.00293064,0.0109901,-2.69584,0.00907572,0,0
3.09774,0.00293064,-0.0109901,-2.69584,0.002618,0,0
3.09774,0.00293064,-0.0109901,-2.69601,-0.00366519,0,0
3.09784,0.00293064,0.0109901,-2.69601,-0.00471239,0,0
3.09774,0.00293064,-0.0109901,-2.69601,0.002618,0,0
3.09774,-0.00293064,-0.0109901,-2.69601,0.0015708,0,0
3.09764,-0.00293064,-0.0109901,-2.69601,-0.002618,0,0
3.09755,-0.00879097,0.0109901,-2.69601,-0.00785398,0,0
3.09764,-0.00879097,-0.0109901,-2.69601,0.00575959,0,0
3.09784,-0.00293064,-0.0329666,-2.69601,0.002618,0,0
3.09784,-0.00293064,-0.0329666,-2.69601,-0.00366519,0,0
3.09774,0.00293064,-0.0109901,-2.69601,0.00366519,0,0
3.09774,-0.00293064,-0.0329666,-2.69584,0.00575959,0,0
3.09764,0.00293064,0.0109901,-2.69601,-0.0015708,0,0
3.09774,-0.00293064,0.0109901,-2.69601,-0.00366519,0,0
3.09764,-0.00293064,0.0109901,-2.69601,0.00366519,0,0
3.09764,-0.00293064,0.0109901,-2.69601,-0.000349066,0,0
3.09764,-0.00879097,-0.0329666,-2.69601,-0.00575959,0,0
3.09774,-0.00879097,-0.0109901,-2.69601,-0.0122173,0,0
3.09784,-0.00879097,0.0109901,-2.69601,-0.0015708,0,0
3.09764,-0.00879097,0.0109901,-2.69601,0.00575959,0,0
3.09774,-0.00293064,-0.0329666,-2.69601,0.00471239,0,0
3.09764,-0.00293064,-0.0109901,-2.69601,-0.0122173,0,0
3.09774,-0.00879097,-0.0109901,-2.69601,0.002618,0,0
3.09764,-0.00879097,-0.0109901,-2.69601,0.00575959,0,0
3.09764,-0.00879097,0.0109901,-2.69601,0.00471239,0,0
3.09774,-0.00879097,-0.0109901,-2.69601,-0.00994838,0,0
3.09784,-0.00879097,0.0109901,-2.69601,-0.00680679,0,0
3.09774,-0.00879097,-0.0329666,-2.69601,0.00785398,0,0
3.09774,-0.00293064,-0.0109901,-2.69601,-0.000349066,0,0
3.09784,-0.00293064,-0.0109901,-2.69601,-0.002618,0,0
3.09764,-0.00293064,-0.0109901,-2.69601,0.00366519,0,0
3.09764,-0.00293064,-0.0109901,-2.69601,0.000523599,0,0
3.09774,-0.00293064,-0.0109901,-2.69601,0.00366519,0,0
3.09764,-0.00879097,0.0109901,-2.69601,0.00680679,0,0
3.09774,-0.00879097,-0.0109901,-2.69601,-0.0015708,0,0
3.09784,-0.00879097,-0.0109901,-2.69601,0.0015708,0,0
3.09745,-0.00879097,-0.0109901,-2.69601,0.0015708,0,0
3.09764,-0.00293064,0.0109901,-2.69601,-0.00890118,0,0
3.09784,-0.00293064,-0.0329666,-2.69601,-0.0015708,0,0
3.09764,-0.00293064,-0.0109901,-2.69601,0.000523599,0,0
3.09755,-0.00293064,0.0109901,-2.69601,-0.0015708,0,0
3.09764,-0.00293064,-0.0109901,-2.69601,-0.0015708,0,0
3.09764,-0.00879097,-0.0329666,-2.69601,0.00366519,0,0
3.09764,-0.00293064,0.0109901,-2.69601,0.0015708,0,0
3.09774,-0.00879097,-0.0329666,-2.69601,-0.00785398,0,0
3.09774,-0.00293064,0.0109901,-2.69601,0.00366519,0,0
3.09764,-0.00293064,-0.0329666,-2.69601,0.00575959,0,0
3.09764,-0.00293064,0.0109901,-2.69601,0.0015708,0,0
3.09764,-0.00293064,-0.0549469,-2.69601,-0.00785398,0,0
3.09784,-0.00879097,-0.0329666,-2.69601,0.00471239,0,0
3.09764,-0.00293064,-0.0109901,-2.69601,0.000523599,0,0
3.09784,-0.00293064,-0.0109901,-2.69601,-0.002618,0,0
3.09774,-0.00879097,-0.0329666,-2.69601,0.0143117,0,0
3.09764,-0.00293064,0.0109901,-2.69601,0.00575959,0,0
3.09764,-0.00293064,-0.0109901,-2.69601,0.000523599,0,0
3.09764,-0.00293064,-0.0329666,-2.69601,-0.00680679,0,0
3.09774,-0.00293064,-0.0109901,-2.69601,-0.00471239,0,0
3.09764,-0.00879097,-0.0109901,-2.69601,0.002618,0,0
3.09774,-0.00879097,-0.0109901,-2.69601,0.002618,0,0
3.09764,-0.00293064,-0.0109901,-2.69601,-0.00994838,0,0
3.09764,-0.00293064,-0.0109901,-2.69601,0.0015708,0,0
3.09764,-0.00293064,-0.0109901,-2.69601,0.0111701,0,0
3.09784,-0.00293064,-0.0109901,-2.69601,0.00575959,0,0
3.09764,-0.00293064,0.0109901,-2.69601,-0.00994838,0,0
3.09764,-0.00879097,-0.0109901,-2.69601,-0.0132645,0,0
3.09764,-0.00879097,-0.0109901,-2.69601,-0.000349066,0,0
3.09774,-0.00879097,-0.0329666,-2.69601,0.00366519,0,0
3.09764,-0.00879097,-0.0329666,-2.69601,0.002618,0,0
3.09764,-0.00879097,-0.0329666,-2.69601,-0.0109956,0,0
3.09764,-0.00879097,-0.0329666,-2.69601,0.0015708,0,0
3.09784,-0.00879097,-0.0109901,-2.69601,0.00366519,0,0
3.09764,-0.00293064,-0.0109901,-2.69601,-0.002618,0,0
3.09774,-0.00293064,-0.0109901,-2.69601,0.002618,0,0
3.09764,-0.00293064,0.0109901,-2.69601,-0.0015708,0,0
3.09764,-0.00293064,-0.0109901,-2.69601,-0.000349066,0,0
3.09784,-0.00293064,-0.0329666,-2.69601,0.00575959,0,0
3.09774,-0.00879097,0.0109901,-2.69601,0.00575959,0,0
3.09764,-0.00879097,0.0109901,-2.69601,-0.00366519,0,0
3.09764,-0.00293064,0.0109901,-2.69601,0.00471239,0,0
3.09764,-0.00879097,-0.0109901,-2.69601,-0.000349066,0,0
3.09764,-0.00293064,-0.0109901,-2.69601,0.0015708,0,0
3.09755,0.00293064,-0.0109901,-2.69601,0.0015708,0,0
3.09764,0.00293064,-0.0329666,-2.69601,-0.002618,0,0
3.09764,0.00293064,-0.0109901,-2.69601,-0.0015708,0,0
3.09774,-0.00293064,-0.0329666,-2.69601,0.000523599,0,0
3.09784,-0.00293064,0.0109901,-2.69601,0.00907572,0,0
3.09784,-0.00293064,-0.0109901,-2.69601,0.002618,0,0
3.09774,-0.00879097,-0.0109901,-2.69601,-0.00366519,0,0
3.09764,-0.00879097,-0.0109901,-2.69601,-0.002618,0,0
3.09774,-0.00879097,-0.0329666,-2.69601,-0.0015708,0,0
3.09764,-0.00293064,0.0109901,-2.69601,-0.00366519,0,0
3.09774,0.00293064,-0.0329666,-2.69601,-0.00575959,0,0
3.09764,-0.00293064,-0.0329666,-2.69601,-0.00890118,0,0
3.09764,-0.00293064,-0.0109901,-2.69601,-0.000349066,0,0
3.09774,-0.00293064,-0.0109901,-2.69601,0.002618,0,0
3.09774,-0.00879097,0.0329666,-2.69601,0.00471239,0,0
3.09774,-0.00293064,-0.0329666,-2.69601,0.00366519,0,0
3.09784,-0.00293064,-0.0329666,-2.69601,0.00471239,0,0
3.09755,-0.00293064,-0.0109901,-2.69601,-0.00471239,0,0
3.09764,-0.00293064,0.0109901,-2.69601,-0.0122173,0,0
3.09774,-0.00293064,-0.0329666,-2.69601,0.00366519,0,0
3.09764,-0.00879097,-0.0109901,-2.69601,0.00366519,0,0
3.09764,-0.00293064,-0.0109901,-2.69601,-0.00680679,0,0
3.09774,-0.00879097,-0.0329666,-2.69601,0.0015708,0,0
3.09745,-0.00879097,-0.0109901,-2.69601,-0.002618,0,0
3.09764,-0.00879097,0.0329666,-2.69601,0.0015708,0,0
3.09764,-0.00879097,-0.0109901,-2.69601,0.00471239,0,0
3.09764,-0.00879097,-0.0109901,-2.69601,-0.002618,0,0
3.09755,-0.00879097,0.0109901,-2.69601,0.000523599,0,0
3.09764,-0.00879097,-0.0109901,-2.69601,-0.0015708,0,0
3.09764,-0.00879097,0.0109901,-2.69601,0.002618,0,0
3.09774,-0.00293064,-0.0329666,-2.69601,-0.00366519,0,0
3.09774,-0.00293064,0.0109901,-2.69601,-0.00366519,0,0
3.09764,0.00293064,-0.0109901,-2.69601,-0.00471239,0,0
3.09784,-0.00293064,-0.0329666,-2.69601,0.002618,0,0
3.09764,-0.00879097,0.0109901,-2.69601,0.00366519,0,0
3.09774,-0.00879097,0.0109901,-2.69601,0.00680679,0,0
3.09774,-0.0146523,-0.0109901,-2.69601,0.00471239,0,0
3.09774,-0.0146523,-0.0109901,-2.69601,-0.00680679,0,0
3.09764,-0.00879097,-0.0329666,-2.69601,-0.00366519,0,0
3.09755,-0.00879097,0.0109901,-2.69601,-0.00471239,0,0
3.09774,-0.00879097,-0.0109901,-2.69601,-0.002618,0,0
3.09764,-0.00293064,-0.0329666,-2.69601,0.00366519,0,0
3.09764,-0.00293064,-0.0109901,-2.69601,0.002618,0,0
3.09784,-0.00879097,-0.0109901,-2.69601,0.00366519,0,0
3.09764,-0.00293064,-0.0109901,-2.69601,-0.0015708,0,0
3.09774,-0.0146523,-0.0109901,-2.69601,-0.000349066,0,0
3.09774,-0.0146523,0.0109901,-2.69601,0.00575959,0,0
3.09764,-0.0146523,-0.0109901,-2.69601,0.00366519,0,0
3.09774,-0.0146523,-0.0109901,-2.69601,-0.00785398,0,0
3.09784,-0.00879097,-0.0329666,-2.69601,0.002618,0,0
3.09764,-0.00879097,-0.0109901,-2.69601,-0.000349066,0,0
3.09774,-0.00879097,-0.0109901,-2.69601,0.000523599,0,0
3.09784,-0.00879097,-0.0109901,-2.69601,-0.00471239,0,0
3.09764,-0.00879097,0.0109901,-2.69601,-0.00366519,0,0
3.09764,-0.00879097,-0.0329666,-2.69601,0.000523599,0,0
3.09764,-0.0146523,0.0109901,-2.69601,-0.00575959,0,0
3.09764,-0.00879097,-0.0329666,-2.69601,0.00575959,0,0
3.09784,-0.00879097,-0.0109901,-2.69601,0.00907572,0,0
3.09755,-0.00879097,0.0109901,-2.69601,-0.0015708,0,0
3.09764,-0.00879097,-0.0109901,-2.69601,0.000523599,0,0
3.09764,-0.00293064,-0.0109901,-2.69601,0.00471239,0,0
3.09764,-0.00293064,-0.0109901,-2.69601,-0.0015708,0,0
3.09764,-0.00293064,-0.0109901,-2.69601,0.000523599,0,0
3.09764,-0.00879097,-0.0109901,-2.69601,0.002618,0,0
3.09764,-0.00879097,0.0109901,-2.69601,-0.000349066,0,0
3.09764,-0.00879097,-0.0329666,-2.69601,-0.00366519,0,0
3.09764,-0.0146523,0.0109901,-2.69601,-0.00366519,0,0
3.09764,-0.0146523,-0.0329666,-2.69601,-0.00785398,0,0
3.09764,-0.00879097,-0.0109901,-2.69601,-0.00471239,0,0
3.09774,-0.00293064,-0.0109901,-2.69601,-0.000349066,0,0
3.09774,-0.00293064,0.0109901,-2.69601,-0.00575959,0,0
3.09774,-0.00879097,-0.0109901,-2.69601,-0.002618,0,0
3.09764,-0.00879097,-0.0329666,-2.69601,-0.0015708,0,0
3.09764,-0.00879097,-0.0329666,-2.69601,0.000523599,0,0
3.09755,-0.00293064,0.0109901,-2.69601,0.00907572,0,0
3.09764,-0.00879097,-0.0109901,-2.69601,-0.0015708,0,0
3.09764,-0.00879097,-0.0329666,-2.69601,-0.00366519,0,0
3.09764,-0.00879097,-0.0329666,-2.69601,-0.002618,0,0
3.09784,-0.00879097,-0.0109901,-2.69601,0.00366519,0,0
3.09764,-0.00879097,-0.0109901,-2.69601,0.0101229,0,0
3.09764,-0.00879097,-0.0109901,-2.69601,0.0015708,0,0
3.09764,-0.00879097,0.0109901,-2.69601,-0.000349066,0,0
3.09774,-0.00879097,-0.0109901,-2.69601,0.00575959,0,0
3.09774,-0.00293064,-0.0109901,-2.69601,-0.00366519,0,0
3.09784,-0.00293064,-0.0109901,-2.69601,-0.00680679,0,0
3.09764,-0.00293064,0.0109901,-2.69601,-0.00366519,0,0
3.09774,-0.00293064,-0.0109901,-2.69601,-0.00366519,0,0
3.09764,-0.00293064,-0.0109901,-2.69601,0.00575959,0,0
3.09764,-0.00879097,-0.0109901,-2.69601,0.000523599,0,0
3.09764,-0.00879097,-0.0109901,-2.69601,-0.0015708,0,0
3.09764,-0.0146523,0.0109901,-2.69601,-0.00890118,0,0
3.09774,-0.0146523,0.0109901,-2.69601,0.00785398,0,0
3.09784,-0.00879097,-0.0329666,-2.69601,0.00366519,0,0
3.09764,-0.00879097,-0.0109901,-2.69601,0.002618,0,0
3.09764,-0.00879097,0.0109901,-2.69601,-0.00575959,0,0
3.09764,-0.00879097,-0.0329666,-2.69601,-0.002618,0,0
3.09774,-0.00293064,-0.0109901,-2.69601,-0.002618,0,0
3.09764,0.00293064,-0.0109901,-2.69601,-0.0122173,0,0
3.09764,0.00293064,-0.0329666,-2.69619,-0.00785398,0,0
3.09764,-0.00293064,-0.0109901,-2.69619,0.00575959,0,0
3.09774,-0.00293064,-0.0109901,-2.69601,0.00680679,0,0
3.09764,-0.00293064,-0.0109901,-2.69601,0.002618,0,0
3.09784,-0.00879097,0.0109901,-2.69601,-0.00785398,0,0
3.09774,-0.00293064,-0.0329666,-2.69601,0.00785398,0,0
3.09745,-0.00293064,-0.0109901,-2.69601,-0.0015708,0,0
3.09774,-0.00293064,-0.0109901,-2.69619,-0.0109956,0,0
3.09764,-0.00293064,0.0109901,-2.69619,-0.00471239,0,0
3.09764,-0.00293064,0.0109901,-2.69619,0.000523599,0,0
3.09764,-0.00293064,-0.0329666,-2.69619,0.002618,0,0
3.09764,-0.00293064,-0.0109901,-2.69619,0.00575959,0,0
3.09764,-0.00293064,0.0109901,-2.69619,-0.0015708,0,0
3.09784,-0.00293064,-0.0329666,-2.69619,-0.00575959,0,0
3.09764,-0.00293064,-0.0109901,-2.69619,0.00471239,0,0
3.09774,-0.00879097,-0.0109901,-2.69619,-0.000349066,0,0
3.09764,-0.00879097,-0.0329666,-2.69619,0.000523599,0,0
3.09774,-0.0146523,-0.0109901,-2.69619,-0.000349066,0,0
3.09764,-0.0146523,-0.0329666,-2.69619,-0.002618,0,0
3.09764,-0.00879097,-0.0109901,-2.69619,-0.00994838,0,0
3.09784,-0.00293064,-0.0109901,-2.69619,0.0015708,0,0
3.09774,-0.00293064,0.0109901,-2.69619,0.000523599,0,0
3.09784,-0.00293064,-0.0109901,-2.69619,-0.0015708,0,0
3.09764,-0.00879097,0.0109901,-2.69619,0.0015708,0,0
3.09764,-0.00879097,-0.0109901,-2.69619,0.0132645,0,0
3.09764,-0.00293064,0.0109901,-2.69601,0.0122173,0,0
3.09764,-0.00293064,-0.0109901,-2.69601,-0.00366519,0,0
3.09755,-0.00879097,0.0109901,-2.69601,0.00575959,0,0
3.09764,-0.00879097,-0.0109901,-2.69601,0.00575959,0,0
3.09764,-0.00879097,-0.0329666,-2.69601,-0.00366519,0,0
3.09774,-0.00879097,-0.0109901,-2.69601,-0.00575959,0,0
3.09774,-0.00879097,0.0109901,-2.69601,0.00575959,0,0
3.09764,-0.00879097,-0.0109901,-2.69601,0.00366519,0,0
3.09764,-0.00879097,0.0109901,-2.69601,0.0015708,0,0
3.09764,-0.00293064,-0.0329666,-2.69601,-0.0015708,0,0
3.09764,0.00293064,-0.0329666,-2.69601,0.000523599,0,0
3.09755,0.00293064,-0.0109901,-2.69601,0.00785398,0,0
3.09764,-0.00293064,-0.0109901,-2.69601,-0.0015708,0,0
3.09764,-0.00293064,-0.0109901,-2.69601,-0.00890118,0,0
3.09764,-0.00879097,-0.0109901,-2.69601,0.00785398,0,0
3.09764,-0.00293064,-0.0109901,-2.69601,0.00680679,0,0
3.09774,-0.00879097,-0.0109901,-2.69601,0.0015708,0,0
3.09774,-0.00879097,0.0109901,-2.69601,-0.00471239,0,0
3.09764,-0.00879097,-0.0109901,-2.69601,0.000523599,0,0
3.09774,-0.00293064,-0.0329666,-2.69601,0.002618,0,0
3.09784,-0.00293064,-0.0109901,-2.69601,-0.0015708,0,0
3.09764,-0.00293064,-0.0329666,-2.69601,-0.00471239,0,0
3.09764,0.00293064,0.0109901,-2.69601,0.00366519,0,0
3.09774,-0.00293064,-0.0109901,-2.69601,0.00907572,0,0
3.09764,-0.00293064,-0.0109901,-2.69601,-0.000349066,0,0
3.09774,-0.00879097,-0.0329666,-2.69601,-0.000349066,0,0
3.09784,-0.00879097,-0.0109901,-2.69601,0.0015708,0,0
3.09764,-0.0146523,0.0109901,-2.69601,-0.002618,0,0
3.09764,-0.00879097,-0.0109901,-2.69601,-0.002618,0,0
3.09774,-0.00293064,-0.0109901,-2.69601,0.000523599,0,0
3.09784,-0.00293064,-0.0329666,-2.69601,0.00366519,0,0
3.09784,0.00293064,-0.0109901,-2.69601,0.002618,0,0
3.09774,-0.00293064,-0.0109901,-2.69601,0.000523599,0,0
3.09774,-0.00293064,0.0109901,-2.69601,-0.00366519,0,0
3.09764,-0.00293064,-0.0109901,-2.69601,0.00471239,0,0
3.09774,-0.00293064,-0.0109901,-2.69601,0.00575959,0,0
3.09784,-0.00293064,-0.0329666,-2.69601,0.00785398,0,0
3.09774,-0.00293064,-0.0109901,-2.69601,-0.000349066,0,0
3.09764,-0.00293064,-0.0109901,-2.69601,-0.00575959,0,0
3.09764,-0.00293064,-0.0329666,-2.69601,-0.002618,0,0
3.09764,-0.00293064,0.0109901,-2.69601,0.002618,0,0
3.09764,-0.00879097,-0.0329666,-2.69601,0.00785398,0,0
3.09764,-0.00879097,-0.0109901,-2.69601,0.0015708,0,0
3.09784,-0.00879097,-0.0109901,-2.69601,0.0015708,0,0
3.09784,-0.00293064,-0.0109901,-2.69601,0.000523599,0,0
3.09764,-0.00293064,-0.0109901,-2.69601,0.0015708,0,0
3.09774,-0.00293064,-0.0109901,-2.69601,0.00366519,0,0
3.09774,0.00293064,0.0109901,-2.69601,0.00785398,0,0
3.09764,0.00879097,0.0109901,-2.69601,-0.000349066,0,0
3.09764,0.00293064,-0.0109901,-2.69601,0.000523599,0,0
3.09764,-0.00293064,-0.0329666,-2.69601,0.00366519,0,0
3.09774,-0.00293064,-0.0329666,-2.69601,0.0101229,0,0
3.09764,-0.00879097,-0.0109901,-2.69601,0.000523599,0,0
3.09764,-0.00879097,0.0109901,-2.69601,-0.0015708,0,0
3.09764,-0.00293064,-0.0109901,-2.69601,0.000523599,0,0
3.09774,-0.00293064,-0.0329666,-2.69601,-0.0015708,0,0
3.09774,-0.00293064,-0.0109901,-2.69601,0.00575959,0,0
3.09784,-0.00293064,-0.0109901,-2.69601,0.002618,0,0
3.09764,-0.00293064,-0.0109901,-2.69601,0.002618,0,0
3.09764,-0.00293064,0.0109901,-2.69601,-0.002618,0,0
3.09774,-0.00293064,-0.0329666,-2.69601,-0.000349066,0,0
3.09764,-0.00293064,-0.0109901,-2.69601,0.002618,0,0
3.09764,-0.00879097,-0.0109901,-2.69601,0.000523599,0,0
3.09764,-0.00293064,-0.0109901,-2.69601,0.00471239,0,0
3.09764,0.00293064,-0.0109901,-2.69584,0.00575959,0,0
3.09764,0.00293064,-0.0329666,-2.69601,-0.00366519,0,0
3.09764,0.00293064,0.0109901,-2.69601,-0.002618,0,0
3.09764,-0.00293064,-0.0109901,-2.69601,-0.00366519,0,0
3.09764,-0.00879097,-0.0109901,-2.69601,0.002618,0,0
3.09764,-0.00879097,-0.0109901,-2.69601,0.000523599,0,0
3.09764,-0.00293064,-0.0329666,-2.69601,0.00575959,0,0
3.09745,-0.00879097,0.0109901,-2.69584,0.000523599,0,0
3.09774,-0.00293064,-0.0329666,-2.69601,-0.00575959,0,0
3.09764,-0.00293064,-0.0109901,-2.69601,-0.00575959,0,0
3.09784,0.00293064,-0.0109901,-2.69601,-0.00575959,0,0
3.09774,0.00293064,0.0109901,-2.69601,-0.000349066,0,0
3.09774,-0.00293064,-0.0109901,-2.69601,0.0015708,0,0
3.09764,-0.00293064,-0.0109901,-2.69601,-0.000349066,0,0
3.09784,-0.00879097,-0.0109901,-2.69601,0.000523599,0,0
3.09764,-0.0146523,0.0109901,-2.69601,0.00366519,0,0
3.09784,-0.00879097,-0.0109901,-2.69601,0.000523599,0,0
3.09774,-0.00879097,0.0109901,-2.69601,0.000523599,0,0
3.09784,-0.00879097,0.0109901,-2.69601,0.0015708,0,0
3.09764,-0.00879097,-0.0109901,-2.69601,-0.00680679,0,0
3.09774,-0.00293064,0.0109901,-2.69601,-0.0109956,0,0
3.09764,-0.00879097,0.0109901,-2.69601,0.000523599,0,0
3.09774,-0.00293064,-0.0109901,-2.69601,0.000523599,0,0
3.09774,-0.00879097,-0.0549469,-2.69601,-0.002618,0,0
3.09774,-0.00879097,-0.0109901,-2.69601,-0.00366519,0,0
3.09784,-0.0146523,-0.0109901,-2.69601,0.00907572,0,0
3.09764,-0.00879097,-0.0329666,-2.69601,0.00471239,0,0
3.09764,-0.00879097,-0.0329666,-2.69601,0.00366519,0,0
3.09774,-0.00879097,0.0109901,-2.69601,-0.00575959,0,0
3.09774,-0.00879097,0.0109901,-2.69601,0.000523599,0,0
3.09774,-0.00879097,0.0109901,-2.69601,-0.0015708,0,0
3.09764,-0.00293064,-0.0109901,-2.69601,-0.0015708,0,0
3.09764,-0.00293064,-0.0109901,-2.69601,0.00785398,0,0
3.09774,-0.00293064,-0.0329666,-2.69601,-0.0015708,0,0
3.09764,-0.00879097,-0.0329666,-2.69601,-0.00366519,0,0
3.09764,-0.00879097,0.0109901,-2.69601,0.00575959,0,0
3.09764,-0.00879097,-0.0109901,-2.69601,0.002618,0,0
3.09764,-0.00879097,-0.0109901,-2.69601,-0.00366519,0,0
3.09764,-0.00293064,0.0109901,-2.69601,-0.00680679,0,0
3.09764,-0.00293064,0.0109901,-2.69601,-0.000349066,0,0
3.09764,-0.00879097,-0.0109901,-2.69601,-0.0015708,0,0
3.09764,-0.00879097,-0.0329666,-2.69601,-0.002618,0,0
3.09764,-0.00879097,-0.0329666,-2.69601,0.0122173,0,0
3.09784,-0.00879097,-0.0329666,-2.69601,0.002618,0,0
3.09774,-0.00879097,-0.0329666,-2.69601,-0.002618,0,0
3.09764,-0.0146523,-0.0109901,-2.69601,-0.002618,0,0
3.09764,-0.00879097,-0.0109901,-2.69601,-0.000349066,0,0
3.09774,-0.00879097,-0.0329666,-2.69601,-0.002618,0,0
3.09764,-0.00879097,-0.0109901,-2.69601,0.000523599,0,0
3.09784,-0.00293064,0.0109901,-2.69601,0.00575959,0,0
3.09774,-0.00293064,-0.0329666,-2.69601,-0.00680679,0,0
3.09764,-0.00293064,0.0109901,-2.69601,-0.000349066,0,0
3.09764,-0.00879097,-0.0109901,-2.69601,0.000523599,0,0
3.09774,-0.00293064,0.0109901,-2.69601,-0.00471239,0,0
3.09784,-0.00293064,-0.0329666,-2.69601,-0.000349066,0,0
3.09774,-0.00293064,0.0109901,-2.69601,-0.00785398,0,0
3.09764,-0.00879097,0.0109901,-2.69601,-0.000349066,0,0
3.09764,-0.00879097,-0.0109901,-2.69601,0.002618,0,0
3.09784,-0.00293064,-0.0109901,-2.69601,-0.000349066,0,0
3.09764,-0.00293064,0.0109901,-2.69601,0.00471239,0,0
3.09764,-0.00879097,-0.0109901,-2.69601,-0.0015708,0,0
3.09764,-0.00293064,-0.0109901,-2.69601,-0.00994838,0,0
3.09745,-0.00879097,-0.0329666,-2.69601,-0.00366519,0,0
3.09764,-0.00293064,-0.0109901,-2.69601,-0.000349066,0,0
3.09764,-0.00879097,-0.0769234,-2.69601,0.0101229,0,0
3.09764,-0.00293064,-0.0109901,-2.69601,0.00785398,0,0
3.09764,-0.00293064,-0.0109901,-2.69601,0.002618,0,0
3.09764,-0.00293064,-0.0329666,-2.69601,-0.000349066,0,0
3.09774,-0.00879097,-0.0109901,-2.69601,-0.002618,0,0
3.09764,-0.00293064,0.0109901,-2.69601,0.0015708,0,0
3.09764,-0.00879097,-0.0329666,-2.69601,-0.000349066,0,0
3.09764,-0.00879097,0.0109901,-2.69601,-0.00575959,0,0
3.09764,-0.00879097,0.0109901,-2.69601,-0.00471239,0,0
3.09764,-0.00879097,-0.0109901,-2.69601,0.000523599,0,0
3.09784,-0.00879097,-0.0329666,-2.69601,-0.0015708,0,0
3.09764,-0.00293064,-0.0109901,-2.69601,0.000523599,0,0
3.09755,-0.00879097,-0.0109901,-2.69601,0.00471239,0,0
3.09764,-0.00879097,0.0109901,-2.69601,0.00471239,0,0
3.09784,-0.00879097,0.0109901,-2.69601,-0.00366519,0,0
3.09764,-0.00879097,0.0109901,-2.69601,-0.00890118,0,0
3.09774,-0.00879097,0.0109901,-2.69601,-0.00366519,0,0
3.09764,-0.00293064,-0.0329666,-2.69601,0.000523599,0,0
3.09774,-0.00879097,0.0109901,-2.69601,0.00366519,0,0
3.09774,-0.00879097,-0.0109901,-2.69601,-0.00471239,0,0
3.09755,-0.00293064,-0.0329666,-2.69601,-0.00890118,0,0
3.09764,-0.00293064,0.0109901,-2.69601,-0.00680679,0,0
3.09764,-0.00293064,-0.0329666,-2.69601,0.002618,0,0
3.09764,-0.00879097,-0.0109901,-2.69601,0.00471239,0,0
3.09784,-0.00879097,-0.0329666,-2.69601,0.00366519,0,0
3.09774,-0.00879097,-0.0109901,-2.69601,0.000523599,0,0
3.09764,-0.00879097,-0.0109901,-2.69601,0.00366519,0,0
3.09764,-0.00879097,-0.0109901,-2.69601,0.00366519,0,0
3.09764,-0.00879097,-0.0109901,-2.69601,0.00680679,0,0
3.09774,-0.00879097,0.0109901,-2.69601,0.000523599,0,0
3.09764,-0.00879097,-0.0109901,-2.69601,-0.0132645,0,0
3.09764,-0.00879097,-0.0109901,-2.69601,-0.00890118,0,0
3.09755,-0.00879097,-0.0109901,-2.69601,-0.000349066,0,0
3.09784,-0.00879097,-0.0109901,-2.69601,0.0015708,0,0
3.09784,-0.00293064,-0.0329666,-2.69601,-0.00890118,0,0
3.09784,-0.00293064,0.0329666,-2.69619,-0.00785398,0,0
3.09755,-0.00293064,0.0109901,-2.69601,0.00366519,0,0
3.09764,-0.00879097,0.0329666,-2.69601,0.00471239,0,0
3.09764,-0.00293064,-0.0329666,-2.69601,-0.000349066,0,0
3.09774,-0.00879097,-0.0109901,-2.69601,-0.000349066,0,0
3.09745,-0.0146523,-0.0329666,-2.69601,0.00471239,0,0
3.09774,-0.0146523,-0.0109901,-2.69601,0.000523599,0,0
3.09784,-0.00879097,-0.0329666,-2.69601,-0.002618,0,0
3.09764,-0.00293064,-0.0109901,-2.69601,0.00366519,0,0
3.09764,-0.00293064,-0.0109901,-2.69601,-0.000349066,0,0
3.09764,-0.00879097,0.0109901,-2.69601,-0.002618,0,0
3.09784,-0.00879097,-0.0329666,-2.69601,-0.002618,0,0
3.09764,-0.00879097,-0.0109901,-2.69601,0.00575959,0,0
3.09764,-0.00879097,0.0109901,-2.69601,-0.002618,0,0
3.09774,-0.00293064,0.0109901,-2.69601,-0.0015708,0,0
3.09764,0.00293064,-0.0329666,-2.69601,0.002618,0,0
3.09764,0.00293064,0.0109901,-2.69601,0.0015708,0,0
3.09774,0.00293064,-0.0109901,-2.69601,-0.00366519,0,0
3.09764,-0.00293064,-0.0329666,-2.69601,-0.0015708,0,0
3.09755,-0.00293064,0.0109901,-2.69601,0.00680679,0,0
3.09764,-0.00879097,0.0109901,-2.69601,0.00366519,0,0
3.09784,-0.00293064,-0.0109901,-2.69601,-0.002618,0,0
3.09774,-0.00293064,-0.0329666,-2.69601,-0.00471239,0,0
3.09764,-0.00879097,0.0109901,-2.69601,-0.00471239,0,0
3.09764,0.00293064,-0.0329666,-2.69601,-0.0015708,0,0
3.09774,-0.00293064,-0.0109901,-2.69601,0.002618,0,0
3.09764,-0.00293064,-0.0109901,-2.69601,0.00575959,0,0
3.09774,-0.00293064,-0.0109901,-2.69601,0.00366519,0,0
3.09764,-0.00293064,0.0109901,-2.69601,-0.000349066,0,0
3.09764,-0.00293064,-0.0329666,-2.69601,-0.00471239,0,0
3.09764,-0.00879097,-0.0329666,-2.69619,-0.00680679,0,0
3.09764,-0.00293064,0.0109901,-2.69601,0.00785398,0,0
3.09764,-0.00293064,-0.0109901,-2.69601,0.0015708,0,0
3.09764,0.00293064,-0.0109901,-2.69601,0.000523599,0,0
3.09784,-0.00293064,-0.0109901,-2.69601,0.002618,0,0
3.09774,-0.00293064,0.0109901,-2.69601,0.00680679,0,0
3.09784,-0.00879097,-0.0329666,-2.69601,-0.002618,0,0
3.09764,-0.00293064,-0.0549469,-2.69601,-0.000349066,0,0
3.09764,-0.00879097,-0.0329666,-2.69601,0.00907572,0,0
3.09764,-0.00879097,-0.0109901,-2.69601,0.000523599,0,0
3.09784,-0.00879097,0.0109901,-2.69601,-0.0122173,0,0
3.09784,-0.00293064,-0.0329666,-2.69601,-0.000349066,0,0
3.09764,-0.00293064,-0.0109901,-2.69601,0.00366519,0,0
3.09784,0.00293064,-0.0329666,-2.69601,0.002618,0,0
3.09764,-0.00293064,-0.0109901,-2.69601,-0.00366519,0,0
3.09764,-0.00293064,-0.0109901,-2.69601,-0.00366519,0,0
3.09764,0.00293064,-0.0109901,-2.69601,0.002618,0,0
3.09764,-0.00293064,-0.0329666,-2.69601,0.000523599,0,0
3.09774,-0.00879097,-0.0109901,-2.69601,-0.0015708,0,0
3.09774,-0.0146523,-0.0329666,-2.69601,-0.00575959,0,0
3.09774,-0.0146523,0.0109901,-2.69601,-0.0015708,0,0
3.09774,-0.00879097,-0.0109901,-2.69601,0.00471239,0,0
3.09774,-0.00879097,0.0109901,-2.69601,0.00575959,0,0
3.09764,-0.00879097,-0.0329666,-2.69601,0.0015708,0,0
3.09764,-0.00293064,0.0109901,-2.69601,-0.00575959,0,0
3.09764,-0.00293064,-0.0109901,-2.69619,-0.00994838,0,0
3.09774,-0.00879097,0.0109901,-2.69619,-0.000349066,0,0
3.09774,-0.00879097,-0.0329666,-2.69619,0.002618,0,0
3.09764,-0.00293064,-0.0329666,-2.69619,0.000523599,0,0
3.09755,-0.00293064,0.0109901,-2.69601,0.00680679,0,0
3.09774,-0.00293064,-0.0329666,-2.69601,0.002618,0,0
3.09784,-0.00879097,-0.0109901,-2.69601,-0.00366519,0,0
3.09774,-0.00879097,0.0109901,-2.69601,0.0015708,0,0
3.09774,-0.00293064,-0.0109901,-2.69601,0.00575959,0,0
3.09764,-0.00293064,-0.0109901,-2.69601,-0.000349066,0,0
3.09774,-0.00879097,-0.0109901,-2.69619,-0.0132645,0,0
3.09764,-0.0146523,-0.0109901,-2.69619,-0.00366519,0,0
3.09764,-0.00879097,-0.0109901,-2.69619,0.00471239,0,0
3.09764,-0.00293064,-0.0109901,-2.69619,-0.0015708,0,0
3.09774,-0.00293064,0.0109901,-2.69619,-0.00366519,0,0
3.09764,0.00293064,-0.0329666,-2.69619,-0.00366519,0,0
3.09764,0.00293064,-0.0109901,-2.69619,0.0111701,0,0
3.09764,0.00293064,0.0109901,-2.69601,0.00785398,0,0
3.09764,0.00293064,-0.0109901,-2.69619,-0.00575959,0,0
3.09764,0.00293064,-0.0109901,-2.69619,-0.000349066,0,0
3.09764,-0.00293064,-0.0329666,-2.69601,0.0015708,0,0
3.09764,-0.00293064,-0.0109901,-2.69601,0.00366519,0,0
3.09764,-0.00879097,-0.0109901,-2.69601,-0.002618,0,0
3.09774,-0.00879097,0.0109901,-2.69601,-0.000349066,0,0
3.09755,-0.00879097,0.0109901,-2.69619,-0.0015708,0,0
3.09755,-0.00879097,-0.0329666,-2.69619,-0.00471239,0,0
3.09755,-0.00879097,-0.0109901,-2.69601,0.00907572,0,0
3.09784,-0.0146523,0.0109901,-2.69619,-0.00471239,0,0
3.09755,-0.0146523,-0.0329666,-2.69619,-0.00366519,0,0
3.09764,-0.0146523,-0.0109901,-2.69619,-0.002618,0,0
3.09784,-0.0146523,0.0109901,-2.69619,-0.0015708,0,0
3.09784,-0.00879097,-0.0109901,-2.69619,-0.0015708,0,0
3.09774,-0.00879097,0.0329666,-2.69619,-0.002618,0,0
3.09764,-0.00879097,0.0109901,-2.69619,-0.00366519,0,0
3.09764,-0.00293064,-0.0109901,-2.69619,0.000523599,0,0
3.09764,0.00293064,0.0109901,-2.69619,-0.0015708,0,0
3.09774,-0.00293064,-0.0329666,-2.69619,-0.00890118,0,0
3.09774,-0.00293064,-0.0109901,-2.69619,-0.00471239,0,0
3.09764,-0.00879097,-0.0109901,-2.69619,0.00471239,0,0
3.09764,-0.00879097,-0.0109901,-2.69619,0.0132645,0,0
3.09774,-0.00879097,-0.0549469,-2.69619,0.002618,0,0
3.09774,-0.00879097,-0.0329666,-2.69619,-0.0015708,0,0
3.09774,-0.00879097,-0.0109901,-2.69619,-0.002618,0,0
3.09764,-0.00293064,0.0109901,-2.69619,0.000523599,0,0
3.09764,-0.00293064,-0.0109901,-2.69619,0.0101229,0,0
3.09764,0.00293064,0.0109901,-2.69619,0.00575959,0,0
3.09774,-0.00293064,-0.0109901,-2.69619,-0.002618,0,0
3.09774,-0.00879097,-0.0329666,-2.69619,0.000523599,0,0
3.09764,-0.00879097,-0.0329666,-2.69601,0.00907572,0,0
3.09764,-0.00879097,0.0109901,-2.69601,0.002618,0,0
3.09784,-0.00879097,-0.0329666,-2.69601,-0.002618,0,0
3.09764,-0.00293064,-0.0109901,-2.69601,0.00575959,0,0
3.09764,-0.00293064,-0.0109901,-2.69601,0.0015708,0,0
3.09764,-0.00293064,-0.0109901,-2.69601,-0.00575959,0,0
3.09764,-0.00293064,0.0109901,-2.69601,-0.00366519,0,0
3.09764,-0.00879097,0.0109901,-2.69619,-0.002618,0,0
3.09764,-0.00293064,-0.0109901,-2.69601,0.00471239,0,0
3.09764,-0.00879097,-0.0109901,-2.69601,0.00366519,0,0
3.09764,-0.00879097,-0.0109901,-2.69619,-0.0109956,0,0
3.09774,-0.00879097,0.0109901,-2.69619,-0.00680679,0,0
3.09764,-0.00879097,0.0109901,-2.69619,0.00785398,0,0
3.09764,-0.00293064,-0.0329666,-2.69601,0.00680679,0,0
3.09774,-0.00293064,-0.0109901,-2.69601,0.000523599,0,0
3.09774,-0.00293064,-0.0109901,-2.69601,0.00366519,0,0
3.09774,-0.00879097,-0.0109901,-2.69601,0.0015708,0,0
3.09764,-0.00879097,-0.0109901,-2.69601,0.00680679,0,0
3.09764,-0.00879097,-0.0109901,-2.69601,0.00471239,0,0
3.09764,-0.00879097,-0.0109901,-2.69601,-0.00680679,0,0
3.09764,-0.00879097,0.0109901,-2.69619,-0.0109956,0,0
3.09764,-0.00879097,0.0109901,-2.69601,0.0101229,0,0
3.09764,-0.00879097,-0.0109901,-2.69601,0.0122173,0,0
3.09764,-0.00879097,0.0109901,-2.69601,0.00366519,0,0
3.09764,-0.00879097,-0.0329666,-2.69601,-0.000349066,0,0
3.09774,-0.00879097,-0.0329666,-2.69601,-0.00366519,0,0
3.09774,-0.00879097,-0.0109901,-2.69601,0.0015708,0,0
3.09774,-0.00879097,-0.0109901,-2.69601,-0.00994838,0,0
3.09745,-0.00879097,-0.0109901,-2.69601,-0.00575959,0,0
3.09764,-0.00879097,-0.0109901,-2.69601,-0.0015708,0,0
3.09764,-0.00879097,-0.0329666,-2.69601,0.0015708,0,0
3.09774,-0.00879097,-0.0329666,-2.69601,0.000523599,0,0
3.09774,-0.00293064,-0.0329666,-2.69601,0.00366519,0,0
3.09774,-0.00293064,0.0109901,-2.69601,-0.00471239,0,0
3.09764,-0.00879097,-0.0109901,-2.69619,-0.0109956,0,0
3.09774,-0.0146523,-0.0109901,-2.69619,0.00785398,0,0
3.09764,-0.00879097,0.0109901,-2.69601,0.0101229,0,0
3.09755,-0.0146523,-0.0329666,-2.69601,-0.000349066,0,0
3.09784,-0.0146523,-0.0329666,-2.69619,-0.00994838,0,0
3.09774,-0.00293064,0.0109901,-2.69619,-0.000349066,0,0
3.09774,-0.00293064,-0.0109901,-2.69619,0.002618,0,0
3.09764,-0.00293064,-0.0109901,-2.69601,0.000523599,0,0
3.09764,-0.0146523,-0.0329666,-2.69601,0.0015708,0,0
3.09764,-0.0146523,-0.0109901,-2.69601,0.00680679,0,0
3.09764,-0.00879097,0.0109901,-2.69601,0.00366519,0,0
3.09764,-0.00879097,-0.0329666,-2.69601,-0.0015708,0,0
3.09774,-0.00879097,-0.0329666,-2.69601,-0.0015708,0,0
3.09764,-0.00879097,-0.0109901,-2.69601,0.000523599,0,0
3.09764,-0.00879097,-0.0109901,-2.69601,0.00907572,0,0
3.09764,-0.00293064,0.0109901,-2.69601,-0.00785398,0,0
3.09764,-0.00879097,0.0109901,-2.69601,-0.00785398,0,0
3.09764,-0.00879097,0.0109901,-2.69619,-0.00471239,0,0
3.09784,-0.00293064,-0.0109901,-2.69601,0.00575959,0,0
3.09764,-0.00879097,-0.0329666,-2.69601,0.00907572,0,0
3.09774,-0.00879097,0.0109901,-2.69601,0.00575959,0,0
3.09764,-0.00293064,-0.0329666,-2.69601,0.00366519,0,0
3.09764,-0.00293064,0.0109901,-2.69601,-0.0015708,0,0
3.09774,-0.00293064,-0.0109901,-2.69601,0.00366519,0,0
3.09774,-0.00879097,0.0109901,-2.69601,0.0015708,0,0
3.09764,-0.00879097,-0.0109901,-2.69601,0.000523599,0,0
3.09764,-0.00293064,-0.0329666,-2.69601,0.002618,0,0
3.09774,-0.00293064,-0.0329666,-2.69601,-0.0109956,0,0
3.09774,-0.00879097,-0.0109901,-2.69601,0.002618,0,0
3.09764,-0.00879097,0.0109901,-2.69601,-0.000349066,0,0
3.09774,-0.00293064,0.0109901,-2.69601,0.000523599,1,0
3.09764,-0.00293064,-0.0329666,-2.69601,-0.002618,1,0
3.09745,0.131868,0.0109901,-2.69601,-0.0015708,1,0
3.09688,0.21392,0.0769234,-2.69601,0.0101229,1,0
3.09506,0.360439,0.252747,-2.69601,0.00575959,1,0
3.09209,0.471795,0.604397,-2.69601,-0.002618,1,0
3.08883,0.589011,0.978024,-2.69601,-0.00680679,1,0
3.08615,0.753114,1.17582,-2.69601,-0.00680679,1,0
3.08442,0.911355,1.10989,-2.69619,-0.0174533,1,0
3.08317,1.02857,0.978024,-2.69619,-0.0324631,1,0
3.08298,1.16923,0.626373,-2.69636,-0.0621337,1,0
3.08317,1.19853,0.472527,-2.69653,-0.0856957,1,0
3.08375,1.21612,0.20879,-2.69671,-0.103673,1,0
3.08413,1.18681,0.0109901,-2.69688,-0.116588,1,0
3.08394,1.13993,0.0109901,-2.69706,-0.129329,1,0
3.08365,1.09304,0.0329666,-2.69741,-0.14748,1,0
3.08308,1.06374,0.0988998,-2.69776,-0.174009,1,0
3.0826,1.05201,0.164837,-2.69811,-0.184656,1,0
3.08183,1.05788,0.20879,-2.69845,-0.190066,1,0
3.08145,1.06374,0.252747,-2.69898,-0.223053,1,0
3.08078,1.0696,0.274727,-2.69933,-0.237888,1,0
3.0802,1.07546,0.252747,-2.69985,-0.241205,1,0
3.07953,1.08132,0.252747,-2.70037,-0.246441,1,0
3.07896,1.08718,0.296703,-2.7009,-0.266686,1,0
3.07848,1.08718,0.252747,-2.70142,-0.280649,1,0
3.07781,1.08132,0.274727,-2.70195,-0.286932,1,0
3.07695,1.07546,0.31868,-2.70264,-0.310494,1,0
3.07637,1.0696,0.31868,-2.70334,-0.335976,1,0
3.0757,1.0696,0.296703,-2.70404,-0.342434,1,0
3.07465,1.0696,0.384617,-2.70474,-0.342434,1,0
3.07388,1.07546,0.362637,-2.70544,-0.359363,1,0
3.07311,1.08132,0.384617,-2.70613,-0.365821,1,0
3.07244,1.08718,0.362637,-2.70683,-0.388161,1,0
3.07158,1.08718,0.384617,-2.70771,-0.413818,1,0
3.07053,1.08132,0.362637,-2.70858,-0.419054,1,0
3.06995,1.07546,0.384617,-2.70945,-0.434064,1,0
3.06918,1.0696,0.362637,-2.71032,-0.447852,1,0
3.06823,1.06374,0.42857,-2.7112,-0.46164,1,0
3.06717,1.06374,0.42857,-2.71207,-0.473334,1,0
3.06621,1.06374,0.45055,-2.71312,-0.474381,1,0
3.06526,1.07546,0.45055,-2.71399,-0.501084,1,0
3.0642,1.07546,0.472527,-2.71504,-0.508589,1,0
3.06286,1.0696,0.494507,-2.71608,-0.517141,1,0
3.06181,1.0696,0.516483,-2.71713,-0.527788,1,0
3.06066,1.06374,0.56044,-2.71818,-0.528835,1,0
3.05931,1.06374,0.604397,-2.71922,-0.529882,1,0
3.05807,1.07546,0.582417,-2.72027,-0.55868,1,0
3.05701,1.08132,0.53846,-2.72149,-0.57561,1,0
3.05615,1.08132,0.516483,-2.72271,-0.592714,1,0
3.05481,1.07546,0.53846,-2.72394,-0.604408,1,0
3.05328,1.07546,0.582417,-2.72516,-0.616101,1,0
3.05213,1.0696,0.582417,-2.72638,-0.626748,1,0
3.05079,1.0696,0.67033,-2.7276,-0.639663,1,0
3.04954,1.06374,0.67033,-2.72882,-0.654499,1,0
3.04772,1.06374,0.67033,-2.73022,-0.660956,1,0
3.04628,1.06374,0.736263,-2.73162,-0.666192,1,0
3.04484,1.0696,0.736263,-2.73284,-0.67265,1,0
3.0435,1.07546,0.692307,-2.73423,-0.691849,1,0
3.04159,1.08132,0.714287,-2.73563,-0.713142,1,0
3.04063,1.08132,0.67033,-2.73703,-0.720472,1,0
3.039,1.08132,0.714287,-2.7386,-0.735482,1,0
3.03737,1.0696,0.78022,-2.73999,-0.744034,1,0
3.03574,1.0696,0.736263,-2.74156,-0.758869,1,0
3.03392,1.0696,0.824177,-2.74314,-0.772658,1,0
3.03239,1.07546,0.824177,-2.74471,-0.787667,1,0
3.03076,1.07546,0.824177,-2.74628,-0.799361,1,0
3.02846,1.08718,0.824177,-2.74785,-0.816465,1,0
3.02731,1.08718,0.824177,-2.74942,-0.819607,1,0
3.02558,1.08132,0.824177,-2.75116,-0.830253,1,0
3.02386,1.07546,0.824177,-2.75291,-0.85591,1,0
3.02204,1.07546,0.868134,-2.75465,-0.870745,1,0
3.02041,1.08132,0.868134,-2.7564,-0.87825,1,0
3.01868,1.08132,0.846153,-2.75814,-0.893085,1,0
3.01696,1.07546,0.846153,-2.75989,-0.91019,1,0
3.01408,1.0696,0.89011,-2.76181,-0.915426,1,0
3.01284,1.06374,0.934067,-2.76356,-0.922931,1,0
3.01083,1.06374,0.956043,-2.76548,-0.934624,1,0
3.00872,1.07546,0.956043,-2.7674,-0.962375,1,0
3.0069,1.08718,0.956043,-2.76932,-0.965517,1,0
3.00508,1.08718,0.956043,-2.77123,-0.965517,1,0
3.00316,1.08132,0.934067,-2.77315,-0.996409,1,0
3.00115,1.08132,0.978024,-2.77525,-1.01247,1,0
2.99827,1.07546,1.02198,-2.77717,-1.01351,1,0
2.99683,1.08132,1,-2.77926,-1.02102,1,0
2.99473,1.08132,1.02198,-2.78136,-1.04126,1,0
2.99243,1.08718,1.04396,-2.78345,-1.06675,1,0
2.99051,1.08718,1.04396,-2.78555,-1.0753,1,0
2.98821,1.07546,1.04396,-2.78764,-1.08053,1,0
2.98591,1.06374,1.10989,-2.78991,-1.08909,1,0
2.98332,1.06374,1.13187,-2.792,-1.10305,1,0
2.98054,1.0696,1.10989,-2.79427,-1.11893,1,0
2.97892,1.07546,1.13187,-2.79654,-1.12644,1,0
2.97681,1.08132,1.08791,-2.79881,-1.13918,1,0
2.97441,1.07546,1.10989,-2.80108,-1.15523,1,0
2.97192,1.0696,1.15385,-2.80335,-1.16588,1,0
2.96943,1.05788,1.17582,-2.80579,-1.17216,1,0
2.96694,1.05788,1.1978,-2.80806,-1.1945,1,0
2.96445,1.0696,1.21978,-2.8105,-1.19991,1,0
2.96119,1.0696,1.24176,-2.81295,-1.21056,1,0
2.95927,1.0696,1.1978,-2.81539,-1.22871,1,0
2.95668,1.0696,1.26374,-2.81784,-1.23936,1,0
2.95419,1.07546,1.28571,-2.82028,-1.25105,1,0
2.95151,1.08132,1.30769,-2.8229,-1.26693,1,0
2.94883,1.08132,1.28571,-2.82534,-1.27653,1,0
2.94614,1.08132,1.32967,-2.82796,-1.3001,1,0
2.94346,1.08132,1.30769,-2.83058,-1.30638,1,0
2.93991,1.08132,1.30769,-2.83319,-1.32034,1,0
2.93809,1.08132,1.32967,-2.83581,-1.33622,1,0
2.93522,1.08132,1.35165,-2.83843,-1.34478,1,0
2.93263,1.08132,1.35165,-2.84122,-1.35856,1,0
2.92995,1.08132,1.37363,-2.84384,-1.37148,1,0
2.92717,1.08718,1.35165,-2.84663,-1.38946,1,0
2.92429,1.08132,1.35165,-2.84943,-1.39906,1,0
2.92132,1.07546,1.35165,-2.85222,-1.40447,1,0
2.91768,1.08132,1.37363,-2.85501,-1.41407,1,0
2.91596,1.08132,1.3956,-2.85798,-1.42681,1,0
2.91299,1.08132,1.37363,-2.86077,-1.44164,1,0
2.90973,1.07546,1.43956,-2.86374,-1.45665,1,0
2.90685,1.07546,1.48352,-2.86653,-1.46189,1,0
2.90388,1.07546,1.48352,-2.8695,-1.47899,1,0
2.90091,1.08132,1.46154,-2.87246,-1.49173,1,0
2.89765,1.07546,1.50549,-2.87543,-1.49714,1,0
2.89373,1.0696,1.52747,-2.8784,-1.51844,1,0
2.89162,1.07546,1.52747,-2.88154,-1.52263,1,0
2.88846,1.08132,1.48352,-2.88451,-1.52489,1,0
2.88548,1.07546,1.50549,-2.88765,-1.54828,1,0
2.88223,1.0696,1.54945,-2.89079,-1.55998,1,0
2.87887,1.06374,1.54945,-2.89376,-1.56643,1,0
2.87561,1.0696,1.61538,-2.8969,-1.58336,1,0
2.87216,1.06374,1.61538,-2.90021,-1.59733,1,0
2.86795,1.06374,1.63736,-2.90336,-1.60256,1,0
2.86555,1.07546,1.65934,-2.9065,-1.61216,1,0
2.8622,1.07546,1.65934,-2.90981,-1.61426,1,0
2.85875,1.08132,1.65934,-2.91296,-1.63136,1,0
2.85559,1.08132,1.63736,-2.91627,-1.64951,1,0
2.85233,1.08718,1.63736,-2.91959,-1.65684,1,0
2.84878,1.08132,1.65934,-2.9229,-1.67185,1,0
2.84562,1.08132,1.65934,-2.92622,-1.68878,1,0
2.84121,1.08718,1.68132,-2.92971,-1.70379,1,0
2.83891,1.08718,1.65934,-2.93303,-1.70065,1,0
2.83537,1.08132,1.65934,-2.93652,-1.7113,1,0
2.83201,1.07546,1.7033,-2.93983,-1.7209,1,0
2.82847,1.0696,1.72527,-2.94332,-1.72299,1,0
2.82473,1.0696,1.72527,-2.94682,-1.74219,1,0
2.82099,1.05788,1.76923,-2.95031,-1.75702,1,0
2.81735,1.05788,1.76923,-2.9538,-1.77081,1,0
2.81256,1.06374,1.79121,-2.95729,-1.77936,1,0
2.80997,1.06374,1.81319,-2.96095,-1.78792,1,0
2.80624,1.0696,1.83516,-2.96444,-1.79856,1,0
2.8025,1.08132,1.81319,-2.96811,-1.81986,1,0
2.79876,1.08718,1.83516,-2.97177,-1.82317,1,0
2.79502,1.08132,1.83516,-2.97544,-1.83382,1,0
2.79157,1.08132,1.85714,-2.9791,-1.84865,1,0
2.78774,1.08718,1.83516,-2.98277,-1.86471,1,0
2.78238,1.08132,1.85714,-2.98643,-1.8764,1,0
2.77998,1.07546,1.9011,-2.99027,-1.88269,1,0
2.77615,1.08132,1.9011,-2.99394,-1.89124,1,0
2.77231,1.08132,1.92308,-2.99778,-1.90398,1,0
2.76858,1.08132,1.87912,-3.00162,-1.92004,1,0
2.76484,1.08718,1.9011,-3.00546,-1.92213,1,0
2.76081,1.07546,1.87912,-3.0093,-1.94342,1,0
2.75698,1.07546,1.9011,-3.01314,-1.95617,1,0
2.75171,1.07546,1.92308,-3.01715,-1.97118,1,0
2.74893,1.06374,1.96703,-3.02099,-1.97641,1,0
2.74472,1.06374,1.98901,-3.02501,-1.97118,1,0
2.74059,1.0696,2.03297,-3.02885,-1.99352,1,0
2.73638,1.06374,2.03297,-3.03286,-2.01167,1,0
2.73226,1.0696,2.07692,-3.03687,-2.01481,1,0
2.72823,1.07546,2.05495,-3.04106,-2.03191,1,0
2.72402,1.07546,2.07692,-3.04508,-2.04465,1,0
2.71846,1.07546,2.0989,-3.04909,-2.0457,1,0
2.7153,1.08132,2.07692,-3.05328,-2.05635,1,0
2.71108,1.08132,2.0989,-3.05729,-2.06804,1,0
2.70686,1.08718,2.0989,-3.06148,-2.08619,1,0
2.70284,1.09304,2.07692,-3.06567,-2.1033,1,0
2.69862,1.09304,2.05495,-3.06986,-2.11604,1,0
2.69441,1.08718,2.0989,-3.07405,-2.12023,1,0
2.69009,1.08718,2.0989,-3.07824,-2.12878,1,0
2.68444,1.07546,2.12088,-3.0826,-2.14798,1,0
2.68128,1.07546,2.14286,-3.08697,-2.15967,1,0
2.67706,1.07546,2.18681,-3.09115,-2.16403,1,0
2.67246,1.06374,2.16484,-3.09552,-2.17573,1,0
2.66796,1.06374,2.20879,-3.09988,-2.19702,1,0
2.66345,1.0696,2.20879,-3.10424,-2.20872,1,0
2.65895,1.0696,2.20879,-3.10861,-2.20662,1,0
2.65445,1.0696,2.23077,-3.11315,-2.21622,1,0
2.64879,1.0696,2.20879,-3.11751,-2.23001,1,0
2.64563,1.07546,2.18681,-3.12205,-2.24502,1,0
2.64103,1.08132,2.25275,-3.12641,-2.26404,1,0
2.63643,1.07546,2.27473,-3.13095,-2.26945,1,0
2.63193,1.07546,2.27473,-3.13549,-2.27905,1,0
2.62704,1.08132,2.2967,-3.14002,-2.29825,1,0
2.62244,1.08132,2.25275,3.13828,-2.30139,1,0
2.61794,1.08718,2.2967,3.13374,-2.31745,1,0
2.61132,1.08718,2.2967,3.12903,-2.33543,1,0
2.60855,1.08132,2.31868,3.12449,-2.33979,1,0
2.60385,1.07546,2.34066,3.11978,-2.35253,1,0
2.59877,1.06374,2.36264,3.11506,-2.36318,1,0
2.59398,1.05788,2.38462,3.11035,-2.37382,1,0
2.5889,1.05788,2.38462,3.10564,-2.37697,1,0
2.58392,1.05201,2.45055,3.10093,-2.38656,1,0
2.57893,1.06374,2.47253,3.09604,-2.40367,1,0
2.57242,1.0696,2.47253,3.09133,-2.4185,1,0
2.56897,1.0696,2.47253,3.08644,-2.42496,1,0
2.56399,1.08718,2.47253,3.08155,-2.43142,1,0
2.55939,1.08718,2.45055,3.07667,-2.4569,1,0
2.55459,1.08718,2.42857,3.07178,-2.459,1,0
2.54971,1.08718,2.42857,3.06689,-2.46441,1,0
2.54492,1.08718,2.42857,3.06201,-2.48989,1,0
2.53974,1.08718,2.42857,3.05695,-2.49425,1,0
2.53332,1.07546,2.42857,3.05206,-2.51013,1,0
2.52987,1.07546,2.47253,3.047,-2.51764,1,0
2.52489,1.0696,2.49451,3.04194,-2.52724,1,0
2.51981,1.06374,2.49451,3.03687,-2.54329,1,0
2.51454,1.06374,2.51648,3.03181,-2.55272,1,0
2.50936,1.05788,2.56044,3.02675,-2.56773,1,0
2.50409,1.0696,2.56044,3.02152,-2.57942,1,0
2.49873,1.0696,2.58242,3.01645,-2.59216,1,0
2.49192,1.08132,2.6044,3.01122,-2.59757,1,0
2.48838,1.08132,2.6044,3.00616,-2.60281,1,0
2.48311,1.07546,2.6044,3.00092,-2.61887,1,0
2.47793,1.08132,2.58242,2.99568,-2.62742,1,0
2.47247,1.07546,2.64835,2.99045,-2.62847,1,0
2.4672,1.08718,2.62637,2.98504,-2.65604,1,0
2.46193,1.08132,2.64835,2.9798,-2.66791,1,0
2.45656,1.07546,2.64835,2.97457,-2.67315,1,0
2.44919,1.0696,2.69231,2.96916,-2.68694,1,0
2.44526,1.0696,2.75824,2.96374,-2.69444,1,0
2.43999,1.0696,2.67033,2.95833,-2.70613,1,0
2.43452,1.0696,2.73626,2.95292,-2.71783,1,0
2.42906,1.07546,2.71429,2.94751,-2.73388,1,0
2.42389,1.0696,2.71429,2.9421,-2.74767,1,0
2.41823,1.07546,2.73626,2.93652,-2.75623,1,0
2.41277,1.07546,2.69231,2.93111,-2.76687,1,0
2.4052,1.08132,2.71429,2.92552,-2.77333,1,0
2.40185,1.08132,2.71429,2.91994,-2.77857,1,0
2.39619,1.08132,2.73626,2.91435,-2.80317,1,0
2.39064,1.08718,2.75824,2.90877,-2.80736,1,0
2.38537,1.08718,2.75824,2.90318,-2.81277,1,0
2.37971,1.08132,2.73626,2.8976,-2.8297,1,0
2.37396,1.0696,2.75824,2.89201,-2.8489,1,0
2.36812,1.06374,2.8022,2.88625,-2.84681,1,0
2.36064,1.05788,2.82418,2.88049,-2.8585,1,0
2.35652,1.05788,2.82418,2.87491,-2.87229,1,0
2.35048,1.05788,2.91209,2.86915,-2.88311,1,0
2.34445,1.06374,2.91209,2.86339,-2.8969,1,0
2.33851,1.06374,2.97802,2.85763,-2.90755,1,0
2.33247,1.0696,3,2.85169,-2.91819,1,0
2.32643,1.07546,2.95604,2.84594,-2.92779,1,0
2.32059,1.09304,2.97802,2.84,-2.92884,1,0
2.31282,1.0989,2.95604,2.83424,-2.9353,1,0
2.3087,1.10476,2.93407,2.82831,-2.95659,1,0
2.30295,1.09304,2.93407,2.82237,-2.96182,1,0
2.29692,1.08132,2.95604,2.81661,-2.97142,1,0
2.29078,1.07546,3,2.8105,-2.99376,1,0
2.28484,1.07546,3,2.80457,-3.00127,1,0
2.27861,1.07546,2.97802,2.79864,-3.00773,1,0
2.27258,1.08718,3.02198,2.79253,-3.02693,1,0
2.26453,1.08132,3.02198,2.78659,-3.03862,1,0
2.26031,1.08718,3.04396,2.78049,-3.03757,1,0
2.25418,1.09304,3.06593,2.77438,-3.05031,1,0
2.24776,1.09304,3.10989,2.76827,-3.06846,1,0
2.24182,1.0989,3.06593,2.76216,-3.07789,1,0
2.2354,1.09304,3.08791,2.75605,-3.08435,1,0
2.22926,1.08718,3.08791,2.74994,-3.08871,1,0
2.22284,1.07546,3.10989,2.74366,-3.10145,1,0
2.21412,1.05788,3.17582,2.73738,-3.12274,1,0
2.20971,1.05788,3.1978,2.73127,-3.1313,1,0
2.20301,1.05788,3.24176,2.72498,-3.14508,1,0
2.19639,1.06374,3.26374,2.7187,-3.1505,1,0
2.18978,1.0696,3.28571,2.71242,-3.15678,1,0
2.18327,1.07546,3.26374,2.70613,-3.16742,1,0
2.17685,1.09304,3.26374,2.69968,-3.18139,1,0
2.17062,1.0989,3.21978,2.69339,-3.19727,1,0
2.16209,1.0989,3.13187,2.68694,-3.19727,1,0
2.15816,1.10476,3.15385,2.68065,-3.21856,1,0
2.15193,1.09304,3.10989,2.67419,-3.23026,1,0
2.14561,1.08132,3.13187,2.66774,-3.24195,1,0
2.13909,1.05788,3.15385,2.66128,-3.24946,1,0
2.13248,1.05201,3.1978,2.65465,-3.25801,1,0
2.12567,1.04615,3.26374,2.64819,-3.2793,1,0
2.11897,1.04615,3.30769,2.64156,-3.28681,1,0
2.10986,1.06374,3.35165,2.6351,-3.29745,1,0
2.10546,1.0696,3.37363,2.62847,-3.29955,1,0
2.09884,1.08132,3.32967,2.62183,-3.29745,1,0
2.09223,1.0989,3.28571,2.6152,-3.32625,1,0
2.08572,1.10476,3.30769,2.60857,-3.33794,1,0
2.0791,1.0989,3.26374,2.60194,-3.34423,1,0
2.0724,1.08132,3.28571,2.59531,-3.35173,1,0
2.06569,1.07546,3.30769,2.5885,-3.36028,1,0
2.05668,1.06374,3.37363,2.58187,-3.37844,1,0
2.05179,1.05788,3.3956,2.57506,-3.38908,1,0
2.04489,1.06374,3.3956,2.56825,-3.40287,1,0
2.03809,1.06374,3.41758,2.56145,-3.41142,1,0
2.03109,1.07546,3.41758,2.55464,-3.41666,1,0
2.02429,1.08132,3.46154,2.54783,-3.42957,1,0
2.01749,1.09304,3.43956,2.54103,-3.43795,1,0
2.01049,1.09304,3.3956,2.53404,-3.45506,1,0
2.00168,1.08132,3.37363,2.52724,-3.45942,1,0
1.99708,1.08132,3.3956,2.52026,-3.4657,1,0
1.99008,1.0696,3.41758,2.51328,-3.47844,1,0
1.98299,1.05788,3.41758,2.50647,-3.48804,1,0
1.9759,1.04615,3.50549,2.49949,-3.49555,1,0
1.96862,1.05201,3.50549,2.49233,-3.51579,1,0
1.96152,1.05788,3.54945,2.48535,-3.5116,1,0
1.95434,1.07546,3.54945,2.47837,-3.52539,1,0
1.94485,1.08132,3.54945,2.47139,-3.54023,1,0
1.93996,1.08718,3.57143,2.46423,-3.54773,1,0
1.93287,1.08718,3.54945,2.45708,-3.55943,1,0
1.92568,1.08718,3.54945,2.44992,-3.57758,1,0
1.91869,1.08132,3.57143,2.44276,-3.59137,1,0
1.91141,1.0696,3.57143,2.43561,-3.60638,1,0
1.90422,1.0696,3.59341,2.42845,-3.60847,1,0
1.89674,1.0696,3.59341,2.4213,-3.61493,1,0
1.88678,1.0696,3.63736,2.41397,-3.64041,1,0
1.88199,1.07546,3.63736,2.40664,-3.65751,1,0
1.8748,1.08718,3.68132,2.39931,-3.6542,1,0
1.86752,1.09304,3.61538,2.39197,-3.65961,1,0
1.86014,1.09304,3.61538,2.38464,-3.67985,1,0
1.85286,1.08132,3.61538,2.37731,-3.69364,1,0
1.84538,1.0696,3.65934,2.36998,-3.70534,1,0
1.83791,1.06374,3.68132,2.36248,-3.71075,1,0
1.82794,1.05788,3.72527,2.35515,-3.71598,1,0
1.82267,1.0696,3.74725,2.34764,-3.72785,1,0
1.815,1.06374,3.79121,2.34014,-3.74914,1,0
1.80743,1.06374,3.79121,2.33263,-3.76293,1,0
1.79967,1.0696,3.79121,2.32513,-3.76607,1,0
1.7921,1.08718,3.83516,2.31762,-3.76712,1,0
1.78453,1.08718,3.79121,2.31012,-3.78737,1,0
1.77677,1.08718,3.81319,2.30244,-3.80133,1,0
1.7668,1.07546,3.79121,2.29493,-3.81198,1,0
1.76153,1.07546,3.79121,2.28726,-3.81826,1,0
1.75377,1.07546,3.83516,2.27958,-3.82891,1,0
1.74611,1.07546,3.81319,2.2719,-3.84182,1,0
1.73825,1.0696,3.83516,2.26422,-3.85247,1,0
1.73058,1.07546,3.85714,2.25654,-3.86835,1,0
1.72272,1.08132,3.87912,2.24886,-3.86521,1,0
1.71487,1.08718,3.9011,2.241,-3.88441,1,0
1.70452,1.08718,3.9011,2.23332,-3.89069,1,0
1.69934,1.07546,3.87912,2.22547,-3.90465,1,0
1.69129,1.07546,3.92308,2.21762,-3.91844,1,0
1.68334,1.05788,3.92308,2.20976,-3.92158,1,0
1.6751,1.05201,3.98901,2.20191,-3.92595,1,0
1.66695,1.06374,3.98901,2.19405,-3.9441,1,0
1.65852,1.07546,4.05495,2.1862,-3.95893,1,0
1.65085,1.07546,4.01099,2.17817,-3.97272,1,0
1.64012,1.08718,4.01099,2.17032,-3.97813,1,0
1.63504,1.09304,4.01099,2.16229,-3.98668,1,0
1.62718,1.09304,3.96703,2.15426,-3.99087,1,0
1.61914,1.08132,3.96703,2.14623,-4.01216,1,0
1.61099,1.07546,3.96703,2.1382,-4.01758,1,0
1.60294,1.0696,3.98901,2.13018,-4.02822,1,0
1.5947,1.05788,4.05495,2.12215,-4.04096,1,0
1.58627,1.05201,4.03297,2.11412,-4.0441,1,0
1.57467,1.05788,4.16484,2.10592,-4.05266,1,0
1.5695,1.0696,4.14286,2.09789,-4.06016,1,0
1.56145,1.08718,4.12088,2.08968,-4.0729,1,0
1.5534,1.10476,4.0989,2.08148,-4.08564,1,0
1.54525,1.08132,4.07692,2.07345,-4.08791,1,0
1.53682,1.0696,4.07692,2.06525,-4.10379,1,0
1.52839,1.0696,4.12088,2.05687,-4.11339,1,0
1.51995,1.06374,4.16484,2.04867,-4.12945,1,0
1.50865,1.0696,4.18681,2.04047,-4.13469,1,0
1.5029,1.07546,4.20879,2.03209,-4.14533,1,0
1.49466,1.07546,4.18681,2.02388,-4.15807,1,0
1.48632,1.08132,4.18681,2.01551,-4.16244,1,0
1.47808,1.09304,4.16484,2.00713,-4.16872,1,0
1.46993,1.08132,4.14286,1.99875,-4.18059,1,0
1.46131,1.06374,4.14286,1.99037,-4.18059,1,0
1.45278,1.0696,4.18681,1.982,-4.19542,1,0
1.44138,1.05788,4.25275,1.97362,-4.21776,1,0
1.43534,1.05201,4.27473,1.96524,-4.22108,1,0
1.42672,1.05788,4.31868,1.95669,-4.22632,1,0
1.4179,1.0696,4.34066,1.94831,-4.23051,1,0
1.40937,1.08718,4.2967,1.93976,-4.23906,0,0
1.40075,1.08132,4.2967,1.93121,-4.25075,0,0
1.39241,1.00513,4.2967,1.92283,-4.2593,0,0
1.38503,0.835165,4.16484,1.91428,-4.27431,0,0
1.37612,0.600733,3.81319,1.90573,-4.27745,0,0
1.37161,0.465934,3.57143,1.897,-4.2902,0,0
1.36519,0.401465,3.50549,1.88845,-4.29875,0,0
1.35858,0.29011,3.43956,1.87989,-4.30084,0,0
1.35187,0.208058,3.41758,1.87134,-4.29124,0,0
1.34488,0.14945,3.3956,1.86279,-4.27641,0,0
1.33788,0.0967035,3.43956,1.85406,-4.28164,0,0
1.3307,0.0615387,3.48352,1.84551,-4.27955,0,0
1.32092,0.00879097,3.57143,1.83696,-4.271,0,0
1.31584,-0.00879097,3.59341,1.82858,-4.25721,0,0
1.30818,-0.0322342,3.65934,1.82003,-4.24447,0,0
1.30003,-0.0498171,3.79121,1.81148,-4.24656,0,0
1.2916,-0.067399,3.87912,1.8031,-4.23801,0,0
1.28288,-0.0791206,4.07692,1.79455,-4.22318,0,0
1.27397,-0.0791206,4.16484,1.78617,-4.20502,0,0
1.26515,-0.0615387,4.27473,1.77779,-4.20188,0,0
1.25346,-0.0439558,4.27473,1.76942,-4.19542,0,0
1.24809,-0.0380955,4.27473,1.76104,-4.18687,0,0
1.23995,-0.0322342,4.23077,1.75266,-4.17832,0,0
1.23171,-0.0205126,4.18681,1.74428,-4.17623,0,0
1.22337,-0.0146523,4.18681,1.73591,-4.16558,0,0
1.21465,-0.00293064,4.18681,1.72753,-4.15807,0,0
1.20622,0.00293064,4.18681,1.71932,-4.15807,0,0
1.19779,0.00879097,4.20879,1.71095,-4.15598,0,0
1.18657,0.00293064,4.20879,1.70257,-4.15074,0,0
1.18092,0.00879097,4.23077,1.69437,-4.14638,0,0
1.17239,-0.00293064,4.20879,1.68599,-4.1284,0,0
1.16377,-0.0146523,4.27473,1.67779,-4.11776,0,0
1.15514,-0.0146523,4.25275,1.66958,-4.11444,0,0
1.1469,-0.0146523,4.25275,1.66138,-4.11444,0,0
1.13847,-0.0146523,4.23077,1.65318,-4.10379,0,0
1.13023,-0.00293064,4.18681,1.64497,-4.08355,0,0
1.1194,0.00879097,4.16484,1.63677,-4.08355,0,0
1.11384,0.00879097,4.12088,1.62857,-4.0729,0,0
1.10589,0.0146523,4.05495,1.62036,-4.07727,0,0
1.09793,0.00879097,4.03297,1.61234,-4.06976,0,0
1.08988,-0.00293064,3.98901,1.60413,-4.06016,0,0
1.08222,-0.00293064,3.94505,1.59593,-4.06226,0,0
1.07436,-0.00879097,3.94505,1.5879,-4.05266,0,0
1.06631,-0.00293064,3.96703,1.5797,-4.05475,0,0
1.05558,-0.00293064,4.03297,1.57167,-4.04742,0,0
1.05021,-0.00879097,3.98901,1.56364,-4.03782,0,0
1.04245,0.00293064,3.96703,1.55544,-4.0345,0,0
1.0344,0.00293064,3.94505,1.54741,-4.02072,0,0
1.02635,-0.00293064,3.98901,1.53938,-4.01426,0,0
1.0183,-0.00879097,3.92308,1.53135,-4.00693,0,0
1.01025,-0.0146523,3.98901,1.52332,-3.99838,0,0
1.00239,-0.0205126,3.98901,1.5153,-3.98668,0,0
0.991854,-0.00879097,3.96703,1.50744,-3.98232,0,0
0.986583,-0.00293064,3.98901,1.49941,-3.97813,0,0
0.978726,0.0146523,3.92308,1.49156,-3.96748,0,0
0.971251,0.0263739,3.87912,1.48353,-3.97272,0,0
0.963681,0.0205126,3.87912,1.4755,-3.96958,0,0
0.95611,0.0263739,3.81319,1.46765,-3.95579,0,0
0.948732,0.0146523,3.79121,1.45979,-3.95474,0,0
0.941161,0.00293064,3.79121,1.45177,-3.9537,0,0
0.930333,-0.00879097,3.79121,1.44391,-3.93764,0,0
0.925446,-0.0205126,3.81319,1.43606,-3.92909,0,0
0.917397,-0.0205126,3.87912,1.4282,-3.9249,0,0
0.909347,-0.0205126,3.96703,1.42035,-3.92385,0,0
0.901394,-0.0146523,3.94505,1.4125,-3.91094,0,0
0.893248,0.00293064,3.96703,1.40464,-3.9057,0,0
0.88587,0.00879097,3.9011,1.39679,-3.8961,0,0
0.878203,0.00879097,3.87912,1.38911,-3.8886,0,0
0.868333,0.00879097,3.81319,1.38125,-3.87271,0,0
0.863446,0.00879097,3.79121,1.37357,-3.87044,0,0
0.85578,-0.00293064,3.74725,1.36572,-3.86626,0,0
0.848497,-0.00293064,3.72527,1.35804,-3.86311,0,0
0.840831,-0.00879097,3.74725,1.35036,-3.86416,0,0
0.833261,-0.00293064,3.76923,1.34251,-3.85142,0,0
0.825499,-0.00293064,3.79121,1.33483,-3.83955,0,0
0.817737,-0.00293064,3.79121,1.32715,-3.83222,0,0
0.807579,-0.00293064,3.81319,1.31947,-3.82576,0,0
0.8025,-0.0146523,3.83516,1.31196,-3.81721,0,0
0.794834,-0.0146523,3.85714,1.30429,-3.82053,0,0
0.787168,-0.0205126,3.83516,1.29661,-3.81616,0,0
0.779406,-0.0146523,3.81319,1.28893,-3.80238,0,0
0.772027,-0.00879097,3.79121,1.28142,-3.80238,0,0
0.764361,-0.00293064,3.76923,1.27374,-3.79697,0,0
0.757174,0.00879097,3.72527,1.26624,-3.78527,0,0
0.747688,0.0146523,3.68132,1.25856,-3.77777,0,0
0.742417,0.0205126,3.68132,1.25105,-3.77899,0,0
0.735134,0.0146523,3.68132,1.24355,-3.76503,0,0
0.72766,0.00879097,3.7033,1.23587,-3.76607,0,0
0.720281,-0.00293064,3.7033,1.22836,-3.75438,0,0
0.712423,-0.0146523,3.74725,1.22086,-3.75438,0,0
0.705045,-0.0205126,3.72527,1.21335,-3.73518,0,0
0.697666,-0.0205126,3.74725,1.20585,-3.72244,0,0
0.687604,-0.0146523,3.74725,1.19852,-3.72349,0,0
0.68243,-0.00879097,3.76923,1.19101,-3.72035,0,0
0.674955,-0.00293064,3.74725,1.18351,-3.70324,0,0
0.667193,0.00293064,3.76923,1.17618,-3.70534,0,0
0.659719,0.00879097,3.74725,1.16867,-3.7001,0,0
0.652532,0.00293064,3.74725,1.16134,-3.69364,0,0
0.64544,0.00879097,3.7033,1.15401,-3.68945,0,0
0.638158,0.00293064,3.63736,1.14651,-3.683,0,0
0.628096,-0.00293064,3.59341,1.13918,-3.67025,0,0
0.623879,-0.00879097,3.59341,1.13185,-3.66066,0,0
0.616693,-0.00879097,3.61538,1.12452,-3.6617,0,0
0.609122,-0.00293064,3.61538,1.11719,-3.65542,0,0
0.601935,-0.00293064,3.63736,1.10986,-3.65315,0,0
0.594748,0.00879097,3.59341,1.10252,-3.64896,0,0
0.587657,0.00879097,3.59341,1.09519,-3.64355,0,0
0.580278,-0.00293064,3.59341,1.08804,-3.63413,0,0
0.5706,-0.0205126,3.63736,1.08071,-3.62331,0,0
0.565521,-0.0263739,3.65934,1.07355,-3.60201,0,0
0.557951,-0.0322342,3.68132,1.06622,-3.59468,0,0
0.550476,-0.0263739,3.7033,1.05907,-3.59782,0,0
0.543194,-0.0205126,3.7033,1.05191,-3.59032,0,0
0.535719,-0.00879097,3.7033,1.04475,-3.57967,0,0
0.52834,-0.00293064,3.68132,1.0376,-3.56903,0,0
0.521441,0.0205126,3.57143,1.03044,-3.56152,0,0
0.512337,0.0263739,3.54945,1.02329,-3.57548,0,0
0.507738,0.0263739,3.52747,1.01613,-3.56484,0,0
0.500742,0.0205126,3.48352,1.00898,-3.55524,0,0
0.493939,0.00293064,3.46154,1.00182,-3.55314,0,0
0.486752,-0.0146523,3.48352,0.994664,-3.55087,0,0
0.479852,-0.0205126,3.48352,0.987682,-3.53709,0,0
0.472761,-0.0205126,3.48352,0.980526,-3.53185,0,0
0.465478,-0.0205126,3.54945,0.973545,-3.51893,0,0
0.455895,-0.00879097,3.57143,0.966389,-3.5116,0,0
0.451296,-0.00293064,3.57143,0.959408,-3.502,0,0
0.444108,0.00293064,3.52747,0.952427,-3.49869,0,0
0.437017,0.00879097,3.54945,0.945445,-3.49136,0,0
0.430022,0.00293064,3.54945,0.938464,-3.48699,0,0
0.422931,0.00293064,3.52747,0.931483,-3.48176,0,0
0.415936,-0.00293064,3.48352,0.924501,-3.47007,0,0
0.40894,0.00293064,3.48352,0.91752,-3.46465,0,0
0.40022,-0.00293064,3.43956,0.910713,-3.46047,0,0
0.39562,0.00293064,3.41758,0.903732,-3.45715,0,0
0.388817,0.00879097,3.41758,0.896751,-3.44982,0,0
0.381917,0.0146523,3.37363,0.889944,-3.43586,0,0
0.375401,0.0205126,3.37363,0.882962,-3.43481,0,0
0.368693,0.0146523,3.37363,0.876156,-3.42626,0,0
0.361889,0.00879097,3.32967,0.869349,-3.41771,0,0
0.355181,0.00293064,3.35165,0.862542,-3.40706,0,0
0.345599,-0.0146523,3.3956,0.855561,-3.41247,0,0
0.341478,-0.0205126,3.3956,0.848754,-3.41771,0,0
0.334579,-0.0205126,3.37363,0.841947,-3.40601,0,0
0.327775,-0.0205126,3.3956,0.83514,-3.38158,0,0
0.320684,-0.0146523,3.43956,0.828334,-3.37407,0,0
0.313593,-0.00879097,3.46154,0.821701,-3.37302,0,0
0.306885,0.00293064,3.43956,0.814895,-3.37302,0,0
0.300177,0.0146523,3.41758,0.808088,-3.36552,0,0
0.291553,0.0263739,3.37363,0.801455,-3.36133,0,0
0.287049,0.0205126,3.35165,0.794649,-3.35819,0,0
0.280437,0.0146523,3.28571,0.788016,-3.34964,0,0
0.274208,0.00879097,3.28571,0.78121,-3.33358,0,0
0.2675,-0.00293064,3.26374,0.774577,-3.32834,0,0
0.261367,-0.00879097,3.26374,0.767945,-3.33585,0,0
0.254659,-0.0205126,3.21978,0.761313,-3.32834,0,0
0.247856,-0.0146523,3.26374,0.754681,-3.31124,0,0
0.239039,-0.0146523,3.28571,0.748048,-3.306,0,0
0.234727,-0.00879097,3.30769,0.741242,-3.31874,0,0
0.228116,-0.00293064,3.30769,0.734784,-3.30059,0,0
0.221407,0.00293064,3.28571,0.728152,-3.2889,0,0
0.214796,0.00879097,3.28571,0.721519,-3.28244,0,0
0.208375,0.00879097,3.26374,0.714887,-3.28244,0,0
0.201859,-0.00293064,3.28571,0.708429,-3.27616,0,0
0.195055,-0.00879097,3.28571,0.701797,-3.25801,0,0
0.186335,-0.0146523,3.30769,0.695339,-3.2601,0,0
0.181448,-0.0146523,3.35165,0.688882,-3.25382,0,0
0.17474,-0.00879097,3.37363,0.682249,-3.23881,0,0
0.168032,-0.00879097,3.37363,0.675792,-3.24317,0,0
0.16142,0.00293064,3.35165,0.669334,-3.24317,0,0
0.154808,0.00293064,3.35165,0.662876,-3.22711,0,0
0.1481,0.0263739,3.30769,0.656419,-3.22607,0,0
0.141967,0.0263739,3.28571,0.649961,-3.21228,0,0
0.13363,0.0263739,3.17582,0.643503,-3.20041,0,0
0.129222,0.0146523,3.17582,0.637045,-3.20268,0,0
0.123089,0.0146523,3.17582,0.630588,-3.19936,0,0
0.116477,-0.00293064,3.1978,0.624305,-3.19727,0,0
0.110153,-0.00293064,3.17582,0.617847,-3.18767,0,0
0.103637,-0.0146523,3.21978,0.611564,-3.16952,0,0
0.0970244,-0.0146523,3.21978,0.605106,-3.15783,0,0
0.0906041,-0.00879097,3.24176,0.598823,-3.15364,0,0
0.0817881,0.00293064,3.24176,0.59254,-3.15887,0,0
0.0777633,0.00879097,3.1978,0.586256,-3.15259,0,0
0.0712471,0.0146523,3.1978,0.579973,-3.14718,0,0
0.0653057,0.00879097,3.17582,0.57369,-3.13967,0,0
0.0588856,0.00879097,3.13187,0.567407,-3.13758,0,0
0.0525608,-0.00293064,3.13187,0.561124,-3.12065,0,0
0.0463321,-0.00879097,3.13187,0.55484,-3.11,0,0
0.0400078,-0.0146523,3.13187,0.548557,-3.10459,0,0
0.0320539,-0.00879097,3.08791,0.542449,-3.10355,0,0
0.0277419,-0.00293064,3.08791,0.536165,-3.10878,0,0
0.0217047,0.00293064,3.06593,0.529882,-3.09395,0,0
0.0158594,0.00293064,3,0.523774,-3.06951,0,0
0.00972652,0.0146523,3,0.517665,-3.07161,0,0
0.00397682,0.0146523,3.02198,0.511556,-3.07684,0,0
-0.00215602,0.0263739,2.97802,0.505273,-3.07056,0,0
-0.00790548,0.0146523,2.93407,0.499164,-3.0566,0,0
-0.0155718,0.00879097,2.93407,0.493056,-3.06096,0,0
-0.0198839,-0.00293064,2.93407,0.486947,-3.0566,0,0
-0.0261128,-0.0146523,3.02198,0.480838,-3.03111,0,0
-0.0319581,-0.0205126,3,0.47473,-3.02256,0,0
-0.0384743,-0.0263739,3.06593,0.468796,-3.03111,0,0
-0.0443199,-0.0322342,3.02198,0.462687,-3.01506,0,0
-0.0505486,-0.0205126,3.04396,0.456578,-3.01296,0,0
-0.0564899,-0.0205126,3.04396,0.450644,-3.00127,0,0
-0.0644433,-0.00879097,3.04396,0.444536,-2.99708,0,0
-0.0689471,-0.00879097,3.06593,0.438601,-2.99708,0,0
-0.0745053,-0.00293064,3.02198,0.432667,-2.98958,0,0
-0.0803506,0.00879097,2.97802,0.426559,-2.98102,0,0
-0.0860043,0.0205126,2.89011,0.420625,-2.98417,0,0
-0.0913708,0.0205126,2.86813,0.41469,-2.97038,0,0
-0.097312,0.00293064,2.84615,0.408756,-2.95659,0,0
-0.102966,0.00293064,2.86813,0.402822,-2.96078,0,0
-0.110632,-0.00879097,2.86813,0.396888,-2.95868,0,0
-0.114465,-0.00293064,2.84615,0.390954,-2.94908,0,0
-0.120406,-0.0146523,2.89011,0.38502,-2.93948,0,0
-0.126443,-0.00879097,2.91209,0.37926,-2.92989,0,0
-0.132193,-0.0146523,2.93407,0.373326,-2.92779,0,0
-0.137943,-0.00293064,2.89011,0.367566,-2.91714,0,0
-0.143692,0.00293064,2.89011,0.361632,-2.90755,0,0
-0.149538,0.00879097,2.86813,0.355873,-2.90109,0,0
-0.157491,0.00879097,2.89011,0.350113,-2.89795,0,0
-0.160941,0.00879097,2.86813,0.344179,-2.89044,0,0
-0.166786,0.00293064,2.84615,0.338419,-2.8873,0,0
-0.172248,0.00293064,2.84615,0.33266,-2.88939,0,0
-0.177902,-0.00879097,2.82418,0.3269,-2.8702,0,0
-0.183748,-0.0146523,2.84615,0.321141,-2.87456,0,0
-0.189593,-0.0146523,2.86813,0.315381,-2.8702,0,0
-0.195055,-0.0146523,2.82418,0.309622,-2.86164,0,0
-0.202721,-0.00879097,2.86813,0.303862,-2.851,0,0
-0.206554,-0.00293064,2.82418,0.298277,-2.8489,0,0
-0.212208,0.00879097,2.82418,0.292517,-2.84471,0,0
-0.217766,0.00879097,2.82418,0.286758,-2.84262,0,0
-0.22342,0.0146523,2.78022,0.281173,-2.83197,0,0
-0.228786,0.0146523,2.75824,0.275413,-2.82342,0,0
-0.23444,0.0146523,2.78022,0.269828,-2.82133,0,0
-0.239998,-0.00293064,2.75824,0.264243,-2.81906,0,0
-0.247472,-0.00879097,2.78022,0.258483,-2.81173,0,0
-0.251209,-0.00879097,2.78022,0.252898,-2.79986,0,0
-0.257151,-0.0146523,2.84615,0.247313,-2.80213,0,0
-0.262709,-0.0146523,2.82418,0.241728,-2.78398,0,0
-0.268458,-0.0205126,2.82418,0.236143,-2.78502,0,0
-0.274208,-0.0146523,2.84615,0.230558,-2.78188,0,0
-0.27967,-0.00293064,2.8022,0.224973,-2.77857,0,0
-0.285228,0.00879097,2.8022,0.219388,-2.76373,0,0
-0.292128,0.0146523,2.73626,0.213977,-2.76059,0,0
-0.295865,0.0205126,2.71429,0.208392,-2.75623,0,0
-0.301135,0.0205126,2.67033,0.202807,-2.75832,0,0
-0.306502,0.0205126,2.67033,0.197397,-2.75204,0,0
-0.311868,0.0146523,2.69231,0.191812,-2.74663,0,0
-0.317426,-0.00293064,2.69231,0.186401,-2.73388,0,0
-0.32308,-0.0146523,2.73626,0.180816,-2.73074,0,0
-0.328638,-0.0263739,2.75824,0.175406,-2.7297,0,0
-0.33592,-0.0205126,2.75824,0.169995,-2.72533,0,0
-0.339753,-0.0205126,2.73626,0.164585,-2.71154,0,0
-0.345407,-0.00879097,2.75824,0.159,-2.70195,0,0
-0.350677,-0.00293064,2.69231,0.153589,-2.70945,0,0
-0.355852,-0.00293064,2.69231,0.148179,-2.69985,0,0
-0.36141,0.0146523,2.69231,0.142768,-2.69985,0,0
-0.366489,0.00879097,2.64835,0.137357,-2.69339,0,0
-0.37176,0.0146523,2.62637,0.132121,-2.6892,0,0
-0.379042,0.0146523,2.62637,0.126711,-2.67315,0,0
-0.382205,0.0146523,2.64835,0.1213,-2.66791,0,0
-0.387475,0.0146523,2.6044,0.11589,-2.67105,0,0
-0.39265,0.00293064,2.62637,0.110654,-2.66355,0,0
-0.398016,-0.00293064,2.62637,0.105243,-2.65081,0,0
-0.403191,-0.0146523,2.6044,0.100007,-2.64121,0,0
-0.408461,-0.0146523,2.62637,0.0947714,-2.6454,0,0
-0.414019,-0.0205126,2.67033,0.0893609,-2.63266,0,0
-0.420919,-0.0146523,2.64835,0.0841249,-2.63161,0,0
-0.424464,-0.0146523,2.62637,0.0788889,-2.6241,0,0
-0.429926,-0.00293064,2.64835,0.0736529,-2.61677,0,0
-0.435005,0.00879097,2.6044,0.0684169,-2.61991,0,0
-0.44018,0.0146523,2.6044,0.0631809,-2.6145,0,0
-0.445163,0.0263739,2.56044,0.057945,-2.61241,0,0
-0.450337,0.0205126,2.56044,0.052709,-2.59862,0,0
-0.455129,0.0146523,2.49451,0.047473,-2.57733,0,0
-0.462124,0.00293064,2.53846,0.0424115,-2.57297,0,0
-0.465574,-0.00879097,2.53846,0.0371755,-2.58483,0,0
-0.470844,-0.0146523,2.58242,0.0321141,-2.57419,0,0
-0.475827,-0.0205126,2.56044,0.0268781,-2.56127,0,0
-0.481098,-0.0205126,2.58242,0.0218166,-2.56022,0,0
-0.486176,-0.0146523,2.56044,0.0165806,-2.55813,0,0
-0.491543,-0.0146523,2.6044,0.0115192,-2.54434,0,0
-0.496526,-0.00879097,2.53846,0.00645772,-2.54644,0,0
-0.503138,-0.00879097,2.56044,0.00139626,-2.54103,0,0
-0.506875,0.00293064,2.56044,-0.00366519,-2.53893,0,0
-0.511667,0.0146523,2.51648,-0.00872665,-2.52724,0,0
-0.516649,0.0205126,2.49451,-0.0137881,-2.5241,0,0
-0.521345,0.0263739,2.42857,-0.018675,-2.5145,0,0
-0.526041,0.0205126,2.40659,-0.0237365,-2.51118,0,0
-0.531024,0.0146523,2.42857,-0.0287979,-2.50385,0,0
-0.535815,0.00293064,2.40659,-0.0338594,-2.51118,0,0
-0.542523,-0.00879097,2.47253,-0.0389209,-2.4932,0,0
-0.546164,-0.0205126,2.51648,-0.0438078,-2.47924,0,0
-0.551339,-0.0322342,2.53846,-0.0488692,-2.48256,0,0
-0.556514,-0.0322342,2.56044,-0.0537562,-2.48029,0,0
-0.561496,-0.0263739,2.51648,-0.0586431,-2.4665,0,0
-0.566288,-0.0205126,2.47253,-0.0637045,-2.46231,0,0
-0.571367,-0.00879097,2.49451,-0.0685915,-2.4665,0,0
-0.576349,-0.00293064,2.49451,-0.0734784,-2.45044,0,0
-0.583057,0.00293064,2.47253,-0.0783653,-2.44521,0,0
-0.586124,0.00879097,2.47253,-0.0832522,-2.44207,0,0
-0.590915,0.00879097,2.42857,-0.0881392,-2.43456,0,0
-0.595706,0.0146523,2.40659,-0.0930261,-2.4281,0,0
-0.600498,0.0205126,2.40659,-0.097913,-2.4281,0,0
-0.605193,0.0146523,2.38462,-0.1028,-2.42182,0,0
-0.609985,0.0146523,2.38462,-0.107687,-2.42077,0,0
-0.614872,-0.00293064,2.40659,-0.112399,-2.41222,0,0
-0.621197,-0.00879097,2.38462,-0.117286,-2.40681,0,0
-0.624742,-0.0205126,2.45055,-0.122173,-2.39721,0,0
-0.629629,-0.0205126,2.45055,-0.126885,-2.38988,0,0
-0.634612,-0.0146523,2.45055,-0.131772,-2.38988,0,0
-0.639212,-0.0146523,2.40659,-0.136485,-2.38761,0,0
-0.644195,-0.00293064,2.42857,-0.141197,-2.38028,0,0
-0.648986,0.00293064,2.40659,-0.146084,-2.37487,0,0
-0.653586,0.00293064,2.36264,-0.150797,-2.37068,0,0
-0.660006,0.00879097,2.38462,-0.155509,-2.35462,0,0
-0.663073,0.0146523,2.34066,-0.160221,-2.34503,0,0
-0.667577,0.0205126,2.31868,-0.164934,-2.35148,0,0
-0.672272,0.0205126,2.31868,-0.169646,-2.36004,0,0
-0.676776,0.0146523,2.2967,-0.174358,-2.34939,0,0
-0.681471,0.00879097,2.2967,-0.179071,-2.32478,0,0
-0.686167,-0.00293064,2.31868,-0.183783,-2.33333,0,0
-0.690958,-0.00879097,2.34066,-0.188321,-2.33874,0,0
-0.697091,-0.0146523,2.36264,-0.193034,-2.32059,0,0
-0.700445,-0.0263739,2.34066,-0.197746,-2.32059,0,0
-0.705332,-0.0263739,2.36264,-0.202284,-2.31204,0,0
-0.709932,-0.0263739,2.34066,-0.206996,-2.30558,0,0
-0.714723,-0.0263739,2.36264,-0.211534,-2.2897,0,0
-0.719419,-0.0146523,2.34066,-0.216246,-2.2972,0,0
-0.724114,-0.00293064,2.34066,-0.220784,-2.28656,0,0
-0.728618,0.00293064,2.2967,-0.225322,-2.28865,0,0
-0.734655,0.0146523,2.2967,-0.22986,-2.2801,0,0
-0.737626,0.0146523,2.25275,-0.234398,-2.26509,0,0
-0.742034,0.0263739,2.23077,-0.238936,-2.26841,0,0
-0.746346,0.0263739,2.20879,-0.243474,-2.27259,0,0
-0.750754,0.0146523,2.20879,-0.248011,-2.25985,0,0
-0.755066,0.00293064,2.18681,-0.252549,-2.25235,0,0
-0.75957,-0.00293064,2.20879,-0.257087,-2.24502,0,0
-0.764266,-0.0146523,2.23077,-0.261625,-2.2417,0,0
-0.77059,-0.0205126,2.25275,-0.266163,-2.23751,0,0
-0.773273,-0.0205126,2.23077,-0.270526,-2.2321,0,0
-0.777873,-0.0322342,2.25275,-0.275064,-2.22896,0,0
-0.782377,-0.0322342,2.25275,-0.279427,-2.22355,0,0
-0.786785,-0.0205126,2.23077,-0.283965,-2.21413,0,0
-0.79148,-0.0205126,2.27473,-0.288329,-2.2129,0,0
-0.795888,-0.0146523,2.23077,-0.292866,-2.2033,0,0
-0.800392,-0.00879097,2.25275,-0.29723,-2.21081,0,0
-0.806334,-0.00293064,2.25275,-0.301593,-2.19597,0,0
-0.809496,0.00293064,2.25275,-0.305956,-2.18201,0,0
-0.813712,0.00293064,2.18681,-0.31032,-2.18742,0,0
-0.81812,0.0146523,2.18681,-0.314858,-2.18847,0,0
-0.822337,0.0263739,2.14286,-0.319221,-2.17782,0,0
-0.826553,0.0205126,2.14286,-0.32341,-2.16072,0,0
-0.830673,0.0146523,2.12088,-0.327773,-2.15548,0,0
-0.834985,0.00879097,2.12088,-0.332136,-2.16177,0,0
-0.840639,-0.00879097,2.12088,-0.3365,-2.14902,0,0
-0.84361,-0.0146523,2.14286,-0.340688,-2.13943,0,0
-0.848018,-0.0205126,2.16484,-0.345052,-2.13733,0,0
-0.852522,-0.0263739,2.18681,-0.349415,-2.14274,0,0
-0.856834,-0.0263739,2.16484,-0.353604,-2.1321,0,0
-0.86105,-0.0205126,2.16484,-0.357793,-2.12023,0,0
-0.865362,-0.0146523,2.14286,-0.362156,-2.11709,0,0
-0.869866,-0.00879097,2.18681,-0.366345,-2.11709,0,0
-0.875616,-0.00293064,2.18681,-0.370534,-2.1033,0,0
-0.878587,0.00293064,2.18681,-0.374722,-2.10853,0,0
-0.882899,0.00293064,2.16484,-0.379086,-2.10853,0,0
-0.887115,0.0146523,2.14286,-0.383274,-2.0937,0,0
-0.891715,0.0146523,2.18681,-0.387463,-2.09265,0,0
-0.89574,0.0146523,2.12088,-0.391652,-2.08933,0,0
-0.900052,0.0146523,2.14286,-0.395841,-2.07974,0,0
-0.904172,0.00879097,2.0989,-0.40003,-2.0841,0,0
-0.909635,0.00293064,2.12088,-0.404044,-2.07031,0,0
-0.912701,0.00293064,2.12088,-0.408233,-2.06909,0,0
-0.917013,-0.00879097,2.12088,-0.412421,-2.06281,0,0
-0.921134,-0.00879097,2.0989,-0.41661,-2.05635,0,0
-0.925542,-0.0146523,2.12088,-0.420625,-2.05844,0,0
-0.92995,-0.0263739,2.16484,-0.424813,-2.05739,0,0
-0.934166,-0.0263739,2.14286,-0.428828,-2.04675,0,0
-0.938575,-0.0205126,2.14286,-0.433016,-2.04256,0,0
-0.944132,-0.0146523,2.14286,-0.437031,-2.03715,0,0
-0.946815,-0.00879097,2.0989,-0.441219,-2.02546,0,0
-0.951032,0.00293064,2.07692,-0.445234,-2.02755,0,0
-0.955056,0.00879097,2.07692,-0.449248,-2.02877,0,0
-0.958985,0.0146523,2.01099,-0.453262,-2.01917,0,0
-0.962818,0.0146523,1.98901,-0.457451,-2.0169,0,0
-0.966843,0.0146523,1.96703,-0.461465,-2.00957,0,0
-0.970676,0.0205126,1.96703,-0.465479,-2.00312,0,0
-0.975563,0.0205126,1.94505,-0.469494,-1.99997,0,0
-0.978342,0.0146523,1.92308,-0.473508,-2.01481,0,0
-0.982176,0.00879097,1.92308,-0.477522,-2.00102,0,0
-0.9862,0.00293064,1.94505,-0.481537,-1.98933,0,0
-0.990129,-0.0146523,1.96703,-0.485376,-1.98392,0,0
-0.99425,-0.0146523,1.98901,-0.489391,-1.97973,0,0
-0.998274,-0.0146523,1.98901,-0.493405,-1.96803,0,0
-1.0022,-0.0205126,1.96703,-0.497245,-1.95302,0,0
-1.00747,-0.0146523,1.98901,-0.501259,-1.95407,0,0
-1.01025,-0.0146523,1.98901,-0.505099,-1.95739,0,0
-1.01399,-0.00879097,1.94505,-0.509113,-1.95739,0,0
-1.01801,-0.00879097,1.96703,-0.512952,-1.94133,0,0
-1.02194,-0.00293064,1.96703,-0.516792,-1.94552,0,0
-1.02587,-0.00293064,1.96703,-0.520806,-1.94447,0,0
-1.0299,0.00293064,1.98901,-0.524646,-1.92423,0,0
-1.03373,0.00293064,1.94505,-0.528486,-1.92423,0,0
-1.0389,0.00879097,1.98901,-0.532326,-1.92527,0,0
-1.0413,0.0146523,1.9011,-0.536165,-1.91899,0,0
-1.04494,0.0146523,1.87912,-0.540005,-1.91899,0,0
-1.04858,0.0205126,1.85714,-0.543845,-1.91358,0,0
-1.05232,0.0205126,1.83516,-0.547685,-1.91044,0,0
-1.05606,0.0146523,1.85714,-0.551524,-1.90625,0,0
-1.05989,0.00293064,1.85714,-0.555364,-1.90084,0,0
-1.06382,-0.00879097,1.9011,-0.559204,-1.88915,0,0
-1.0688,-0.0146523,1.9011,-0.562869,-1.88373,0,0
-1.07139,-0.0146523,1.9011,-0.566709,-1.88059,0,0
-1.07522,-0.00879097,1.9011,-0.570374,-1.88164,0,0
-1.07896,-0.0146523,1.87912,-0.574214,-1.8764,0,0
-1.0827,-0.00879097,1.87912,-0.577879,-1.85721,0,0
-1.08643,-0.00293064,1.85714,-0.581719,-1.85616,0,0
-1.09017,-0.00879097,1.85714,-0.585384,-1.86244,0,0
-1.09381,-0.00879097,1.83516,-0.589049,-1.85511,0,0
-1.0988,-0.00293064,1.83516,-0.592889,-1.85616,0,0
-1.101,-0.00293064,1.81319,-0.596554,-1.8518,0,0
-1.10474,-0.00293064,1.81319,-0.600219,-1.85284,0,0
-1.10828,0.00293064,1.81319,-0.603884,-1.84551,0,0
-1.11202,0.00879097,1.81319,-0.607724,-1.83382,0,0
-1.11566,0.00879097,1.79121,-0.611215,-1.82195,0,0
-1.11911,0.0146523,1.76923,-0.61488,-1.82422,0,0
-1.12247,0.0205126,1.74725,-0.618545,-1.81671,0,0
-1.12697,0.0205126,1.74725,-0.62221,-1.8113,0,0
-1.12965,0.00879097,1.76923,-0.625875,-1.81235,0,0
-1.13301,-0.00293064,1.74725,-0.629541,-1.8113,0,0
-1.13665,-0.00879097,1.76923,-0.633206,-1.80502,0,0
-1.14039,-0.0146523,1.79121,-0.636696,-1.78582,0,0
-1.14393,-0.0146523,1.79121,-0.640362,-1.78687,0,0
-1.14757,-0.0205126,1.79121,-0.643852,-1.78268,0,0
-1.15102,-0.0205126,1.76923,-0.647343,-1.77518,0,0
-1.15562,-0.0205126,1.76923,-0.651008,-1.78373,0,0
-1.15802,-0.0205126,1.74725,-0.654499,-1.78146,0,0
-1.16156,-0.0146523,1.74725,-0.658164,-1.76139,0,0
-1.16511,-0.0205126,1.74725,-0.661655,-1.75179,0,0
-1.16856,-0.0146523,1.74725,-0.665145,-1.74742,0,0
-1.17191,-0.00879097,1.72527,-0.668636,-1.74847,0,0
-1.17546,-0.00293064,1.72527,-0.672127,-1.74533,0,0
-1.17891,0.00293064,1.72527,-0.675617,-1.74533,0,0
-1.18341,0.00879097,1.7033,-0.679108,-1.73887,0,0
-1.18562,0.00879097,1.68132,-0.682599,-1.73364,0,0
-1.18897,0.00879097,1.68132,-0.686089,-1.73049,0,0
-1.19252,0.0146523,1.7033,-0.68958,-1.73364,0,0
-1.19577,0.0146523,1.68132,-0.693071,-1.72299,0,0
-1.19913,0.00879097,1.68132,-0.696387,-1.72299,0,0
-1.20267,0.00293064,1.7033,-0.699877,-1.71339,0,0
-1.20603,-0.00293064,1.68132,-0.703368,-1.70693,0,0
-1.21024,-0.00293064,1.68132,-0.706684,-1.70484,0,0
-1.21273,-0.00293064,1.68132,-0.710175,-1.70274,0,0
-1.2159,-0.00879097,1.63736,-0.713491,-1.69733,0,0
-1.21925,-0.0146523,1.63736,-0.716982,-1.68773,0,0
-1.2227,-0.0146523,1.65934,-0.720298,-1.67936,0,0
-1.22596,-0.0205126,1.65934,-0.723614,-1.67395,0,0
-1.22941,-0.0146523,1.65934,-0.72693,-1.67499,0,0
-1.23267,-0.0146523,1.65934,-0.730421,-1.6633,0,0
-1.23717,-0.00879097,1.68132,-0.733737,-1.65579,0,0
-1.23937,-0.00879097,1.65934,-0.737053,-1.65579,0,0
-1.24263,-0.00879097,1.63736,-0.740369,-1.65056,0,0
-1.24579,0.00293064,1.61538,-0.743511,-1.63886,0,0
-1.24915,0.00293064,1.63736,-0.746827,-1.64515,0,0
-1.25241,0.00293064,1.61538,-0.750143,-1.64951,0,0
-1.25566,0.00879097,1.61538,-0.753459,-1.63991,0,0
-1.25873,0.0146523,1.59341,-0.756775,-1.63241,0,0
-1.26285,0.00879097,1.57143,-0.760091,-1.63345,0,0
-1.26486,0.0146523,1.54945,-0.763233,-1.62927,0,0
-1.26793,0.0146523,1.52747,-0.766549,-1.62595,0,0
-1.27109,0.0146523,1.54945,-0.769865,-1.6153,0,0
-1.27406,0.00293064,1.52747,-0.773007,-1.6057,0,0
-1.27751,-0.00879097,1.57143,-0.776323,-1.60693,0,0
-1.28077,-0.00879097,1.61538,-0.779464,-1.61321,0,0
-1.28374,-0.00879097,1.57143,-0.782606,-1.60047,0,0
-1.28805,-0.00879097,1.59341,-0.785922,-1.60151,0,0
-1.29026,-0.0146523,1.57143,-0.789064,-1.58441,0,0
-1.29352,-0.0146523,1.61538,-0.792205,-1.58546,0,0
-1.29668,-0.00879097,1.59341,-0.795347,-1.58022,0,0
-1.29994,-0.00879097,1.59341,-0.798663,-1.57272,0,0
-1.30291,-0.00293064,1.54945,-0.801805,-1.57708,0,0
-1.30588,-0.00879097,1.52747,-0.804946,-1.56748,0,0
-1.30914,-0.0146523,1.57143,-0.808088,-1.55998,0,0
-1.31306,-0.0146523,1.52747,-0.811055,-1.54933,0,0
-1.31527,-0.0146523,1.54945,-0.814196,-1.56207,0,0
-1.31853,-0.0146523,1.57143,-0.817338,-1.55683,0,0
-1.32169,-0.00879097,1.57143,-0.82048,-1.54933,0,0
-1.32476,-0.00293064,1.54945,-0.823621,-1.53868,0,0
-1.32792,0.00293064,1.54945,-0.826588,-1.53327,0,0
-1.33079,0.00879097,1.50549,-0.82973,-1.53973,0,0
-1.33367,0.0146523,1.48352,-0.832871,-1.53554,0,0
-1.3375,0.0146523,1.48352,-0.835838,-1.52699,0,0
-1.33961,0.0146523,1.46154,-0.83898,-1.52594,0,0
-1.34248,0.0263739,1.46154,-0.841947,-1.52263,0,0
-1.34545,0.0205126,1.46154,-0.845089,-1.51303,0,0
-1.34814,0.0146523,1.41758,-0.848056,-1.50465,0,0
-1.3512,0.00293064,1.46154,-0.851023,-1.51844,0,0
-1.35417,0.00293064,1.46154,-0.854164,-1.5153,0,0
-1.35705,-0.00293064,1.46154,-0.857132,-1.49069,0,0
-1.36127,-0.00293064,1.46154,-0.860099,-1.49069,0,0
-1.36309,-0.00879097,1.48352,-0.863066,-1.494,0,0
-1.36596,-0.00879097,1.46154,-0.866033,-1.48109,0,0
-1.36912,-0.00879097,1.50549,-0.869,-1.48545,0,0
-1.372,-0.00879097,1.48352,-0.871967,-1.4748,0,0
-1.37468,-0.0146523,1.43956,-0.874934,-1.46939,0,0
-1.37756,-0.0146523,1.41758,-0.877901,-1.46625,0,0
-1.38062,-0.0146523,1.46154,-0.880868,-1.47044,0,0
-1.38446,-0.00879097,1.48352,-0.883835,-1.4652,0,0
-1.38637,-0.00293064,1.41758,-0.886628,-1.45351,0,0
-1.38934,-0.00293064,1.43956,-0.889595,-1.45246,0,0
-1.39212,-0.00293064,1.41758,-0.892562,-1.44164,0,0
-1.395,-0.00293064,1.41758,-0.895354,-1.4385,0,0
-1.39797,0.00293064,1.43956,-0.898321,-1.431,0,0
-1.40075,0.00293064,1.41758,-0.901114,-1.431,0,0
-1.40353,0.00293064,1.3956,-0.903906,-1.4289,0,0
-1.40736,0.00879097,1.3956,-0.906873,-1.43641,0,0
-1.40927,0.00879097,1.41758,-0.909666,-1.431,0,0
-1.41215,0.00293064,1.41758,-0.912633,-1.41826,0,0
-1.41474,0.00879097,1.37363,-0.915426,-1.42471,0,0
-1.41742,0.00879097,1.35165,-0.918218,-1.42035,0,0
-1.4202,0.00879097,1.35165,-0.921011,-1.40656,0,0
-1.42279,0.00293064,1.35165,-0.923978,-1.40447,0,0
-1.42566,0.00293064,1.35165,-0.92677,-1.39906,0,0
-1.4294,0.00293064,1.35165,-0.929563,-1.39382,0,0
-1.43103,0.00293064,1.35165,-0.932355,-1.38736,0,0
-1.43381,0.00293064,1.35165,-0.935148,-1.39068,0,0
-1.43639,-0.00879097,1.32967,-0.93794,-1.38422,0,0
-1.43927,-0.0146523,1.37363,-0.940558,-1.36502,0,0
-1.44205,-0.0146523,1.35165,-0.943351,-1.37776,0,0
-1.44473,-0.00879097,1.35165,-0.946143,-1.37567,0,0
-1.44751,-0.0146523,1.35165,-0.948936,-1.36712,0,0
-1.45134,-0.0146523,1.37363,-0.951554,-1.35752,0,0
-1.45316,-0.00879097,1.3956,-0.954346,-1.35542,0,0
-1.45565,-0.00293064,1.32967,-0.956964,-1.35228,0,0
-1.45824,-0.00293064,1.30769,-0.959757,-1.34792,0,0
-1.46102,-0.00879097,1.35165,-0.962375,-1.34059,0,0
-1.46361,-0.00879097,1.32967,-0.964993,-1.33727,0,0
-1.46629,-0.0146523,1.32967,-0.967785,-1.33727,0,0
-1.46917,-0.0146523,1.35165,-0.970403,-1.33308,0,0
-1.4729,-0.00293064,1.32967,-0.973021,-1.33204,0,0
-1.47444,-0.00293064,1.30769,-0.975814,-1.32767,0,0
-1.47693,0.00879097,1.28571,-0.978432,-1.32558,0,0
-1.47952,0.00879097,1.30769,-0.98105,-1.31493,0,0
-1.4822,0.00879097,1.28571,-0.983668,-1.32034,0,0
-1.48459,0.00293064,1.26374,-0.986286,-1.32034,0,0
-1.48689,0.00293064,1.24176,-0.988904,-1.29905,0,0
-1.48948,0.00879097,1.26374,-0.991522,-1.28945,0,0
-1.49293,0.00293064,1.24176,-0.99414,-1.30114,0,0
-1.49446,0.00293064,1.24176,-0.996758,-1.30429,0,0
-1.49715,-0.00293064,1.26374,-0.999376,-1.29364,0,0
-1.49974,-0.00293064,1.28571,-1.00199,-1.28509,0,0
-1.50223,-0.00293064,1.26374,-1.00444,-1.28299,0,0
-1.50481,-0.00293064,1.26374,-1.00706,-1.27776,0,0
-1.50721,-0.00293064,1.24176,-1.00967,-1.2713,0,0
-1.50999,-0.00879097,1.30769,-1.01212,-1.27025,0,0
-1.51315,-0.00879097,1.26374,-1.01473,-1.2596,0,0
-1.51478,-0.00879097,1.21978,-1.01718,-1.25524,0,0
-1.51737,-0.00879097,1.24176,-1.01962,-1.24896,0,0
-1.51957,-0.00879097,1.1978,-1.02224,-1.25105,0,0
-1.52206,-0.0146523,1.21978,-1.02468,-1.25001,0,0
-1.52475,-0.0205126,1.26374,-1.02713,-1.23726,0,0
-1.52705,-0.0146523,1.1978,-1.02974,-1.23395,0,0
-1.52954,-0.0146523,1.21978,-1.03219,-1.23936,0,0
-1.5327,-0.00879097,1.21978,-1.03463,-1.22976,0,0
-1.53433,-0.00879097,1.1978,-1.03708,-1.22871,0,0
-1.53692,-0.0146523,1.21978,-1.03952,-1.22435,0,0
-1.53931,-0.0146523,1.21978,-1.04196,-1.21475,0,0
-1.5419,-0.00879097,1.24176,-1.04441,-1.20951,0,0
-1.54429,-0.00293064,1.21978,-1.04685,-1.21161,0,0
-1.54659,0.00293064,1.17582,-1.04929,-1.20637,0,0
-1.54899,0.00293064,1.1978,-1.05174,-1.20637,0,0
-1.55215,0.00293064,1.1978,-1.054,-1.20637,0,0
-1.55369,0.00293064,1.17582,-1.05645,-1.19782,0,0
-1.55618,0.00293064,1.1978,-1.05889,-1.19677,0,0
-1.55848,0.00293064,1.17582,-1.06134,-1.19241,0,0
-1.56068,0.00293064,1.13187,-1.0636,-1.18386,0,0
-1.56298,0.00879097,1.13187,-1.06605,-1.18386,0,0
-1.56518,0.00293064,1.13187,-1.06832,-1.17548,0,0
-1.56758,0.00293064,1.13187,-1.07076,-1.17426,0,0
-1.57074,-0.00293064,1.15385,-1.07303,-1.17757,0,0
-1.57199,-0.00293064,1.10989,-1.07547,-1.16693,0,0
-1.57458,-0.00293064,1.15385,-1.07774,-1.16797,0,0
-1.57678,-0.00879097,1.15385,-1.08001,-1.15838,0,0
-1.57908,-0.00879097,1.13187,-1.08245,-1.15628,0,0
-1.58167,-0.00879097,1.1978,-1.08472,-1.14878,0,0
-1.58387,-0.00293064,1.15385,-1.08699,-1.14563,0,0
-1.58617,-0.00879097,1.13187,-1.08926,-1.14022,0,0
-1.58914,-0.00879097,1.13187,-1.09153,-1.13813,0,0
-1.59067,-0.00879097,1.13187,-1.0938,-1.12748,0,0
-1.59288,-0.00879097,1.10989,-1.09607,-1.12644,0,0
-1.59508,-0.00879097,1.10989,-1.09834,-1.11247,0,0
-1.59738,-0.00879097,1.13187,-1.10061,-1.1137,0,0
-1.59959,-0.00879097,1.10989,-1.10287,-1.11788,0,0
-1.60169,-0.00293064,1.08791,-1.10497,-1.10933,0,0
-1.60371,-0.00293064,1.06593,-1.10724,-1.10828,0,0
-1.60658,-0.00293064,1.08791,-1.10951,-1.1041,0,0
-1.60811,-0.0146523,1.08791,-1.1116,-1.09659,0,0
-1.61051,-0.0205126,1.10989,-1.11387,-1.09013,0,0
-1.61252,-0.0205126,1.08791,-1.11596,-1.09013,0,0
-1.61501,-0.00879097,1.10989,-1.11823,-1.08909,0,0
-1.61693,-0.00293064,1.06593,-1.12033,-1.07216,0,0
-1.61904,-0.00293064,1.06593,-1.1226,-1.07634,0,0
-1.62153,-0.00293064,1.10989,-1.12469,-1.0753,0,0
-1.62421,-0.00293064,1.06593,-1.12679,-1.06029,0,0
-1.62546,0.00293064,1.04396,-1.12888,-1.06256,0,0
-1.62776,0.00293064,1.06593,-1.13115,-1.07093,0,0
-1.62968,0.00293064,1.02198,-1.13324,-1.06675,0,0
-1.63159,0.00293064,1.02198,-1.13534,-1.05819,0,0
-1.6337,0.00293064,1.02198,-1.13743,-1.04755,0,0
-1.63591,0.00293064,1.04396,-1.13953,-1.04964,0,0
-1.63773,0.00293064,1,-1.14162,-1.05069,0,0
-1.64041,0.00293064,0.978024,-1.14371,-1.04004,0,0
-1.64185,0.00293064,1,-1.14581,-1.03376,0,0
-1.64386,0.00293064,1.02198,-1.1479,-1.03481,0,0
-1.64578,0.00293064,1,-1.15,-1.0294,0,0
-1.64779,-0.00293064,1,-1.15192,-1.02625,0,0
-1.6497,-0.00293064,0.978024,-1.15401,-1.0294,0,0
-1.65172,-0.00293064,1,-1.15611,-1.02311,0,0
-1.65382,-0.00879097,1,-1.1582,-1.01142,0,0
-1.6567,-0.00293064,1.02198,-1.16012,-1.00706,0,0
-1.65785,-0.00879097,1,-1.16222,-1.00391,0,0
-1.65986,-0.00293064,1,-1.16414,-0.99222,0,0
-1.66178,-0.00879097,1,-1.16605,-0.984715,0,0
-1.66389,-0.00879097,1,-1.16815,-0.988904,0,0
-1.6659,-0.0146523,1.02198,-1.17007,-0.980526,0,0
-1.66772,-0.00879097,0.978024,-1.17199,-0.978257,0,0
-1.66992,-0.00879097,1,-1.17391,-0.978257,0,0
-1.67251,-0.00879097,1,-1.176,-0.965517,0,0
-1.67376,-0.00879097,0.978024,-1.17792,-0.971974,0,0
-1.67548,-0.00879097,0.934067,-1.17984,-0.975116,0,0
-1.67749,-0.00879097,0.934067,-1.18176,-0.955917,0,0
-1.67931,-0.00879097,0.934067,-1.18368,-0.955917,0,0
-1.68142,-0.0205126,0.956043,-1.1856,-0.955917,0,0
-1.68324,-0.0146523,0.934067,-1.18752,-0.952776,0,0
-1.68526,-0.0146523,0.956043,-1.18944,-0.940035,0,0
-1.68775,-0.00879097,0.934067,-1.19119,-0.936719,0,0
-1.68909,-0.00293064,0.956043,-1.19311,-0.936719,0,0
-1.69081,0.00293064,0.912086,-1.19503,-0.935671,0,0
-1.69254,0.00293064,0.89011,-1.19677,-0.929388,0,0
-1.69436,0.00293064,0.912086,-1.19869,-0.930435,0,0
-1.69618,-0.00293064,0.912086,-1.20061,-0.923978,0,0
-1.698,-0.00293064,0.912086,-1.20236,-0.916473,0,0
-1.69973,0.00293064,0.868134,-1.20428,-0.915426,0,0
-1.70231,0.00879097,0.912086,-1.20602,-0.912284,0,0
-1.70337,0.00879097,0.868134,-1.20794,-0.909142,0,0
-1.70528,0.00879097,0.89011,-1.20969,-0.901637,0,0
-1.70691,0.00293064,0.868134,-1.21143,-0.896227,0,0
-1.70883,0.00293064,0.89011,-1.21335,-0.889944,0,0
-1.71055,0.00293064,0.868134,-1.2151,-0.892038,0,0
-1.71218,0.00879097,0.846153,-1.21684,-0.893085,0,0
-1.714,0.00879097,0.846153,-1.21859,-0.881392,0,0
-1.71611,0.00293064,0.846153,-1.22033,-0.882439,0,0
-1.71736,0.00293064,0.846153,-1.22208,-0.881392,0,0
-1.71899,-0.00293064,0.824177,-1.22383,-0.867604,0,0
-1.72052,-0.00879097,0.802197,-1.22557,-0.856957,0,0
-1.72253,-0.0146523,0.868134,-1.22732,-0.862193,0,0
-1.72407,-0.0146523,0.824177,-1.22906,-0.852594,0,0
-1.72598,-0.0146523,0.89011,-1.23081,-0.850499,0,0
-1.72752,-0.00879097,0.846153,-1.23238,-0.846311,0,0
-1.72982,-0.00293064,0.846153,-1.23412,-0.8409,0,0
-1.73077,-0.00293064,0.802197,-1.23587,-0.831301,0,0
-1.73231,-0.00293064,0.802197,-1.23744,-0.831301,0,0
-1.73413,-0.00293064,0.824177,-1.23918,-0.822749,0,0
-1.73566,-0.00879097,0.802197,-1.24075,-0.823796,0,0
-1.73729,-0.00879097,0.802197,-1.24233,-0.817513,0,0
-1.73901,-0.0146523,0.824177,-1.24407,-0.800408,0,0
-1.74064,-0.0146523,0.824177,-1.24564,-0.800408,0,0
-1.74294,-0.00879097,0.824177,-1.24721,-0.807913,0,0
-1.7439,-0.00293064,0.78022,-1.24878,-0.801455,0,0
-1.74543,0.00293064,0.78022,-1.25035,-0.797267,0,0
-1.74687,-0.00293064,0.736263,-1.2521,-0.797267,0,0
-1.74821,-0.00879097,0.714287,-1.25367,-0.787667,0,0
-1.74984,-0.0146523,0.758244,-1.25524,-0.782257,0,0
-1.75166,-0.0205126,0.802197,-1.25681,-0.782257,0,0
-1.7532,-0.0146523,0.78022,-1.25838,-0.782257,0,0
-1.7555,-0.00879097,0.824177,-1.25978,-0.779115,0,0
-1.75626,-0.00293064,0.758244,-1.26135,-0.762011,0,0
-1.75789,-0.00293064,0.758244,-1.26292,-0.766374,0,0
-1.75943,0.00293064,0.758244,-1.26449,-0.758869,0,0
-1.76077,0.00293064,0.736263,-1.26589,-0.754681,0,0
-1.7623,-0.00293064,0.736263,-1.26746,-0.756775,0,0
-1.76374,-0.00293064,0.736263,-1.26903,-0.748223,0,0
-1.76537,-0.00879097,0.758244,-1.27043,-0.742987,0,0
-1.76728,-0.00293064,0.758244,-1.272,-0.742987,0,0
-1.76834,-0.00293064,0.736263,-1.27339,-0.731119,0,0
-1.76977,0.00293064,0.736263,-1.27496,-0.736529,0,0
-1.77131,0.00293064,0.736263,-1.27636,-0.735482,0,0
-1.77255,0.00293064,0.692307,-1.27776,-0.73234,0,0
-1.77399,0.00879097,0.692307,-1.27933,-0.721519,0,0
-1.77533,0.00293064,0.692307,-1.28072,-0.715236,0,0
-1.77677,0.00293064,0.692307,-1.28212,-0.717331,0,0
-1.77849,0.00293064,0.67033,-1.28352,-0.721519,0,0
-1.77955,0.00293064,0.692307,-1.28509,-0.716283,0,0
-1.78089,-0.00293064,0.67033,-1.28648,-0.714189,0,0
-1.78223,-0.00293064,0.692307,-1.28788,-0.712095,0,0
-1.78386,-0.00293064,0.714287,-1.28928,-0.699179,0,0
-1.78511,0.00293064,0.692307,-1.29067,-0.703543,0,0
-1.78645,0.00293064,0.67033,-1.29207,-0.691849,0,0
-1.78779,0.00293064,0.67033,-1.29346,-0.684344,0,0
-1.78952,0.00879097,0.64835,-1.29486,-0.68958,0,0
-1.79019,0.00293064,0.604397,-1.29626,-0.673697,0,0
-1.79153,-0.00293064,0.626373,-1.29748,-0.66724,0,0
-1.79287,-0.00879097,0.64835,-1.29887,-0.671603,0,0
-1.79431,-0.00879097,0.67033,-1.30027,-0.673697,0,0
-1.79603,-0.00879097,0.714287,-1.30149,-0.666192,0,0
-1.79718,-0.00293064,0.67033,-1.30289,-0.664098,0,0
-1.79843,0.00293064,0.64835,-1.30429,-0.656593,0,0
-1.80015,0.00293064,0.67033,-1.30551,-0.642805,0,0
-1.80101,0.00879097,0.64835,-1.30673,-0.649088,0,0
-1.80226,0.00879097,0.626373,-1.30812,-0.644899,0,0
-1.80331,0.00293064,0.582417,-1.30935,-0.639663,0,0
-1.80456,-0.00293064,0.582417,-1.31057,-0.628842,0,0
-1.80581,-0.00879097,0.604397,-1.31196,-0.634253,0,0
-1.80715,-0.00879097,0.626373,-1.31319,-0.630064,0,0
-1.80858,-0.00879097,0.64835,-1.31441,-0.619418,0,0
-1.81012,-0.00879097,0.626373,-1.31563,-0.618196,0,0
-1.81108,-0.00879097,0.626373,-1.31685,-0.616101,0,0
-1.81223,-0.00879097,0.604397,-1.31807,-0.617149,0,0
-1.81376,-0.00879097,0.64835,-1.31929,-0.605455,0,0
-1.81491,-0.00879097,0.626373,-1.32052,-0.600219,0,0
-1.81596,-0.00879097,0.604397,-1.32174,-0.601266,0,0
-1.81721,-0.00293064,0.582417,-1.32296,-0.595856,0,0
-1.81826,-0.00293064,0.582417,-1.32418,-0.591667,0,0
-1.8198,-0.00879097,0.604397,-1.32523,-0.594809,0,0
-1.82056,-0.00879097,0.56044,-1.32645,-0.583115,0,0
-1.82162,-0.00879097,0.53846,-1.32767,-0.593761,0,0
-1.82277,-0.00879097,0.53846,-1.32889,-0.600219,0,0
-1.82392,-0.00879097,0.56044,-1.32994,-0.570374,0,0
-1.82535,-0.00879097,0.604397,-1.33116,-0.557633,0,0
-1.8266,-0.00879097,0.604397,-1.33221,-0.559727,0,0
-1.82775,-0.00879097,0.582417,-1.33343,-0.569327,0,0
-1.82919,0.00293064,0.56044,-1.33448,-0.568279,0,0
-1.82976,-0.00293064,0.516483,-1.3357,-0.560775,0,0
-1.83101,-0.00293064,0.56044,-1.33675,-0.545765,0,0
-1.83197,0.00293064,0.53846,-1.3378,-0.548034,0,0
-1.83292,-0.00293064,0.516483,-1.33902,-0.551175,0,0
-1.83388,-0.00293064,0.494507,-1.34006,-0.550128,0,0
-1.83503,-0.00879097,0.516483,-1.34111,-0.54367,0,0
-1.83609,-0.00879097,0.516483,-1.34216,-0.538434,0,0
-1.83791,-0.0146523,0.56044,-1.34321,-0.534071,0,0
-1.83848,-0.00879097,0.56044,-1.34425,-0.526741,0,0
-1.83973,-0.00879097,0.56044,-1.3453,-0.522377,0,0
-1.84088,-0.00293064,0.56044,-1.34635,-0.518188,0,0
-1.84203,-0.00293064,0.56044,-1.34739,-0.518188,0,0
-1.84299,0.00293064,0.516483,-1.34844,-0.522377,0,0
-1.84394,0.00293064,0.494507,-1.34949,-0.506495,0,0
-1.84509,0.00293064,0.516483,-1.35054,-0.508589,0,0
-1.84605,0.00879097,0.45055,-1.35158,-0.514872,0,0
-1.84663,0.00879097,0.45055,-1.35263,-0.497943,0,0
-1.8473,0.00293064,0.406593,-1.3535,-0.503179,0,0
-1.84826,-0.00293064,0.42857,-1.35455,-0.494627,0,0
-1.84931,-0.00879097,0.472527,-1.3556,-0.490438,0,0
-1.85036,-0.0146523,0.494507,-1.35647,-0.485202,0,0
-1.85152,-0.00879097,0.516483,-1.35752,-0.479791,0,0
-1.85247,-0.00293064,0.494507,-1.35839,-0.481886,0,0
-1.85372,0.00293064,0.494507,-1.35944,-0.48398,0,0
-1.85429,0.00879097,0.472527,-1.36031,-0.472286,0,0
-1.85496,0.00879097,0.42857,-1.36136,-0.464956,0,0
-1.85602,0.00293064,0.45055,-1.36223,-0.459545,0,0
-1.85688,0.00293064,0.42857,-1.3631,-0.458498,0,0
-1.85774,0.00879097,0.42857,-1.36398,-0.463734,0,0
-1.85851,0.00879097,0.406593,-1.36502,-0.458498,0,0
-1.85947,0.00879097,0.42857,-1.3659,-0.449946,0,0
-1.86052,0.00293064,0.406593,-1.36677,-0.445757,0,0
-1.861,-0.00293064,0.406593,-1.36764,-0.432842,0,0
-1.86186,-0.00293064,0.406593,-1.36851,-0.434064,0,0
-1.86282,-0.00293064,0.42857,-1.36939,-0.435111,0,0
-1.86359,0.00293064,0.42857,-1.37026,-0.425511,0,0
-1.86445,0.00293064,0.42857,-1.37113,-0.421148,0,0
-1.86512,0.00293064,0.384617,-1.37183,-0.420101,0,0
-1.86589,-0.00293064,0.384617,-1.3727,-0.419054,0,0
-1.86704,0.00293064,0.406593,-1.37357,-0.413818,0,0
-1.86761,-0.00293064,0.406593,-1.37445,-0.396713,0,0
-1.86848,-0.00293064,0.406593,-1.37515,-0.390256,0,0
-1.86953,0.00293064,0.42857,-1.37602,-0.395666,0,0
-1.87011,0.00293064,0.406593,-1.37672,-0.391303,0,0
-1.87097,0.00293064,0.406593,-1.37759,-0.391303,0,0
-1.87173,-0.00293064,0.384617,-1.37829,-0.38502,0,0
-1.87231,-0.00879097,0.34066,-1.37899,-0.381704,0,0
-1.87317,-0.00879097,0.31868,-1.37986,-0.388161,0,0
-1.87365,-0.0146523,0.34066,-1.38056,-0.380656,0,0
-1.87451,-0.0146523,0.362637,-1.38125,-0.368963,0,0
-1.87538,-0.00879097,0.384617,-1.38213,-0.364774,0,0
-1.87614,-0.00293064,0.384617,-1.38283,-0.359363,0,0
-1.87672,-0.00293064,0.362637,-1.38352,-0.356222,0,0
-1.8772,0.00293064,0.296703,-1.38422,-0.354127,0,0
-1.87777,0.00293064,0.296703,-1.38492,-0.35308,0,0
-1.87873,-0.00293064,0.31868,-1.38562,-0.341387,0,0
-1.8794,-0.0146523,0.362637,-1.38632,-0.333882,0,0
-1.88017,-0.0146523,0.362637,-1.38684,-0.328471,0,0
-1.88093,-0.0146523,0.384617,-1.38754,-0.331787,0,0
-1.88141,-0.0146523,0.31868,-1.38824,-0.328471,0,0
-1.88237,-0.00879097,0.362637,-1.38893,-0.318872,0,0
-1.88285,-0.00293064,0.31868,-1.38946,-0.31573,0,0
-1.88352,0.00293064,0.31868,-1.39016,-0.31573,0,0
-1.8841,0.00293064,0.296703,-1.39085,-0.318872,0,0
-1.88467,-0.00293064,0.296703,-1.39138,-0.309272,0,0
-1.88515,-0.00293064,0.274727,-1.39208,-0.307178,0,0
-1.88573,-0.00879097,0.274727,-1.3926,-0.311541,0,0
-1.88659,-0.00879097,0.296703,-1.3933,-0.306131,0,0
-1.88726,-0.0146523,0.31868,-1.39382,-0.29339,0,0
-1.88793,-0.00879097,0.31868,-1.39434,-0.289027,0,0
-1.8885,-0.00293064,0.296703,-1.39504,-0.291296,0,0
-1.88898,0.00293064,0.252747,-1.39557,-0.292343,0,0
-1.88937,0.00293064,0.252747,-1.39609,-0.289027,0,0
-1.88985,0.00293064,0.23077,-1.39679,-0.282743,0,0
-1.89032,-0.00293064,0.23077,-1.39731,-0.279602,0,0
-1.8909,-0.00879097,0.252747,-1.39783,-0.277333,0,0
-1.89157,-0.00879097,0.274727,-1.39836,-0.273144,0,0
-1.89195,-0.0146523,0.252747,-1.39888,-0.268781,0,0
-1.89262,-0.0146523,0.274727,-1.39941,-0.265639,0,0
-1.89368,-0.0146523,0.274727,-1.39993,-0.268781,0,0
-1.89368,-0.00879097,0.252747,-1.40045,-0.263545,0,0
-1.89445,-0.00879097,0.296703,-1.40098,-0.26145,0,0
-1.89502,0.00293064,0.252747,-1.4015,-0.253946,0,0
-1.89521,0.00293064,0.23077,-1.40202,-0.260403,0,0
-1.89579,0.00293064,0.252747,-1.40255,-0.249757,0,0
-1.89607,0.00293064,0.186813,-1.40307,-0.241205,0,0
-1.89655,0.00293064,0.20879,-1.40359,-0.247488,0,0
-1.89732,0.00293064,0.23077,-1.40412,-0.23911,0,0
-1.89751,0.00293064,0.20879,-1.40447,-0.227242,0,0
-1.89818,-0.00293064,0.252747,-1.40499,-0.230558,0,0
-1.89857,0.00293064,0.23077,-1.40551,-0.237888,0,0
-1.89924,-0.00293064,0.252747,-1.40586,-0.231605,0,0
-1.89972,-0.00293064,0.23077,-1.40639,-0.227242,0,0
-1.90029,-0.00879097,0.252747,-1.40674,-0.226195,0,0
-1.90048,-0.00879097,0.186813,-1.40726,-0.215548,0,0
-1.90106,-0.00879097,0.20879,-1.40761,-0.211359,0,0
-1.90144,-0.00293064,0.20879,-1.40813,-0.212407,0,0
-1.90163,-0.00293064,0.164837,-1.40848,-0.213454,0,0
-1.90182,-0.00293064,0.142857,-1.409,-0.213454,0,0
-1.90221,-0.00293064,0.164837,-1.40935,-0.208218,0,0
-1.90259,-0.00879097,0.164837,-1.4097,-0.204902,0,0
-1.90307,-0.00879097,0.186813,-1.41023,-0.199666,0,0
-1.90355,-0.00293064,0.20879,-1.41058,-0.205949,0,0
-1.90403,-0.00879097,0.164837,-1.41092,-0.195302,0,0
-1.90432,-0.00293064,0.186813,-1.41127,-0.186925,0,0
-1.90489,-0.00293064,0.20879,-1.4118,-0.184656,0,0
-1.90527,-0.00293064,0.20879,-1.41215,-0.184656,0,0
-1.90546,-0.00293064,0.164837,-1.4125,-0.180467,0,0
-1.90594,-0.00879097,0.186813,-1.41284,-0.181514,0,0
-1.90614,-0.00879097,0.164837,-1.41319,-0.181514,0,0
-1.90652,-0.00293064,0.142857,-1.41354,-0.172962,0,0
-1.9069,0.00293064,0.12088,-1.41389,-0.163363,0,0
-1.90709,-0.00293064,0.142857,-1.41424,-0.16441,0,0
-1.90719,-0.00293064,0.12088,-1.41459,-0.161268,0,0
-1.90757,-0.00293064,0.142857,-1.41476,-0.159174,0,0
-1.90786,-0.00293064,0.142857,-1.41511,-0.162316,0,0
-1.90805,-0.00293064,0.12088,-1.41546,-0.150622,0,0
-1.90844,-0.00879097,0.12088,-1.41581,-0.148528,0,0
-1.90872,-0.00879097,0.142857,-1.41599,-0.143117,0,0
-1.90911,-0.0146523,0.142857,-1.41634,-0.148528,0,0
-1.90939,-0.00879097,0.142857,-1.41668,-0.145211,0,0
-1.90987,-0.00879097,0.164837,-1.41686,-0.136834,0,0
-1.91016,-0.00879097,0.142857,-1.41721,-0.137881,0,0
-1.91035,-0.0146523,0.142857,-1.41738,-0.131423,0,0
-1.91083,-0.00879097,0.164837,-1.41773,-0.127235,0,0
-1.91122,-0.00879097,0.164837,-1.41791,-0.127235,0,0
-1.91141,-0.00293064,0.12088,-1.41826,-0.12514,0,0
-1.91179,-0.00879097,0.12088,-1.41843,-0.117635,0,0
-1.91208,-0.00293064,0.164837,-1.4186,-0.120777,0,0
-1.91227,-0.00293064,0.142857,-1.41895,-0.116588,0,0
-1.91256,0.00293064,0.142857,-1.41913,-0.116588,0,0
-1.91284,-0.00293064,0.12088,-1.4193,-0.103673,0,0
-1.91323,0.00293064,0.142857,-1.41948,-0.105942,0,0
-1.91323,-0.00293064,0.0988998,-1.41983,-0.112225,0,0
-1.91351,0.00293064,0.0988998,-1.42,-0.11013,0,0
-1.9138,0.00293064,0.0988998,-1.42018,-0.108036,0,0
-1.9138,0.00293064,0.0549469,-1.42035,-0.0994838,0,0
-1.9138,-0.00293064,0.0329666,-1.4207,-0.0984366,0,0
-1.9139,0.00293064,0.0329666,-1.42087,-0.0984366,0,0
-1.9139,0.00293064,0.0109901,-1.42105,-0.0963422,0,0
-1.91409,0.00293064,0.0329666,-1.42122,-0.100531,0,0
-1.91419,-0.00293064,0.0549469,-1.4214,-0.0898845,0,0
-1.91438,-0.00879097,0.0549469,-1.42157,-0.0727803,0,0
-1.91466,-0.00293064,0.0988998,-1.42175,-0.0781908,0,0
-1.91476,-0.00879097,0.0769234,-1.42192,-0.0813324,0,0
-1.91495,-0.00293064,0.0769234,-1.42192,-0.0771436,0,0
-1.91524,-0.00293064,0.0988998,-1.42209,-0.0750492,0,0
-1.91534,-0.00293064,0.0549469,-1.42227,-0.0823796,0,0
-1.91543,-0.00293064,0.0769234,-1.42244,-0.0802852,0,0
-1.91543,-0.00879097,0.0549469,-1.42262,-0.0644027,0,0
-1.91572,-0.00293064,0.0549469,-1.42279,-0.057945,0,0
-1.91581,-0.00293064,0.0549469,-1.42279,-0.0548034,0,0
-1.91591,0.00293064,0.0549469,-1.42297,-0.0558506,0,0
-1.91601,-0.00293064,0.0549469,-1.42314,-0.0537562,0,0
-1.91601,-0.00293064,0.0109901,-1.42314,-0.0548034,0,0
-1.9161,-0.00293064,0.0329666,-1.42332,-0.057945,0,0
-1.9162,-0.00293064,0.0329666,-1.42332,-0.0548034,0,0
-1.91639,-0.00293064,0.0329666,-1.42349,-0.0472984,0,0
-1.91639,-0.00879097,0.0329666,-1.42349,-0.0408407,0,0
-1.91649,-0.00293064,0.0329666,-1.42367,-0.0462512,0,0
-1.91658,-0.00293064,0.0329666,-1.42367,-0.045204,0,0
-1.91668,-0.00879097,0.0109901,-1.42384,-0.0312414,0,0
-1.91668,-0.00293064,0.0109901,-1.42384,-0.0280998,0,0
-1.91677,-0.00293064,0.0329666,-1.42384,-0.0249582,0,0
-1.91668,0.00293064,0.0109901,-1.42401,-0.0270526,0,0
-1.91687,-0.00293064,0.0329666,-1.42401,-0.0312414,0,0
-1.91696,0.00293064,0.0329666,-1.42401,-0.0174533,0,0
-1.91696,-0.00293064,0.0109901,-1.42419,-0.0185005,0,0
-1.91687,-0.00293064,-0.0109901,-1.42419,-0.023911,0,0
-1.91687,-0.00293064,0.0109901,-1.42419,-0.0185005,0,0
-1.91687,-0.00293064,-0.0109901,-1.42419,-0.0153589,0,0
-1.91696,-0.00879097,0.0109901,-1.42419,-0.00471239,0,0
-1.91696,-0.00879097,0.0109901,-1.42419,0.002618,0,0
-1.91706,-0.00879097,0.0109901,-1.42419,0.002618,0,0
-1.91706,-0.00293064,-0.0109901,-1.42419,-0.000349066,0,0
-1.91687,-0.00879097,-0.0329666,-1.42419,-0.00366519,0,0
-1.91687,-0.00293064,-0.0109901,-1.42419,0.00785398,0,0
-1.91696,-0.00879097,-0.0109901,-1.42419,0.00907572,0,0
-1.91687,-0.00293064,-0.0329666,-1.42419,0.00575959,0,0
-1.91687,-0.00293064,-0.0109901,-1.42419,0.000523599,0,0
-1.91687,-0.00293064,-0.0109901,-1.42419,0.00366519,0,0
-1.91706,-0.00293064,0.0109901,-1.42419,0.0174533,0,0
-1.91687,-0.00293064,-0.0109901,-1.42401,0.0197222,0,0
-1.91687,-0.00293064,-0.0329666,-1.42401,0.0143117,0,0
-1.91696,-0.00879097,0.0109901,-1.42401,0.00907572,0,0
-1.91696,-0.00879097,-0.0109901,-1.42401,0.00575959,0,0
-1.91687,-0.00879097,0.0109901,-1.42401,0.00907572,0,0
-1.91668,-0.00879097,-0.0549469,-1.42401,0.0122173,0,0
-1.91677,-0.00879097,-0.0329666,-1.42401,0.0122173,0,0
-1.91696,-0.00879097,0.0109901,-1.42401,0.0207694,0,0
-1.91687,-0.00879097,-0.0109901,-1.42384,0.0164061,0,0
-1.91668,-0.00293064,-0.0329666,-1.42384,0.0197222,0,0
-1.91687,-0.00293064,-0.0109901,-1.42384,0.0122173,0,0
-1.91677,-0.00293064,-0.0109901,-1.42384,0.0101229,0,0
-1.91668,-0.00293064,-0.0329666,-1.42384,0.0197222,0,0
-1.91668,-0.00293064,-0.0329666,-1.42367,0.0153589,0,0
-1.91677,-0.00293064,-0.0109901,-1.42367,0.00785398,0,0
-1.91668,-0.00879097,-0.0109901,-1.42367,0.0015708,0,0
-1.91668,-0.00879097,-0.0109901,-1.42367,0.0132645,0,0
-1.91677,-0.00879097,-0.0109901,-1.42367,0.0197222,0,0
-1.91668,-0.0146523,-0.0109901,-1.42367,0.00907572,0,0
-1.91677,-0.0146523,-0.0109901,-1.42367,0.0101229,0,0
-1.91658,-0.0146523,-0.0329666,-1.42367,0.0015708,0,0
-1.91687,-0.00879097,0.0329666,-1.42349,0.0164061,0,0
-1.91658,-0.00293064,-0.0329666,-1.42349,0.0174533,0,0
-1.91649,-0.00293064,-0.0329666,-1.42349,0.00785398,0,0
-1.91668,-0.00293064,-0.0109901,-1.42349,0.00471239,0,0
-1.91649,-0.00293064,-0.0329666,-1.42349,0.00575959,0,0
-1.91649,-0.00293064,-0.0329666,-1.42349,0.002618,0,0
-1.91658,-0.00293064,-0.0109901,-1.42349,0.0101229,0,0
-1.91668,-0.00293064,-0.0109901,-1.42349,0.00680679,0,0
-1.91649,-0.00293064,-0.0329666,-1.42349,0.00575959,0,0
-1.91668,-0.00879097,-0.0109901,-1.42349,0.002618,0,0
-1.91668,-0.00879097,0.0109901,-1.42349,0.00471239,0,0
-1.91668,-0.00293064,-0.0109901,-1.42349,0.00785398,0,0
-1.91649,-0.00293064,-0.0109901,-1.42349,0.00366519,0,0
-1.91649,-0.00293064,-0.0109901,-1.42349,-0.0015708,0,0
-1.91668,-0.00293064,0.0109901,-1.42349,-0.00471239,0,0
-1.91677,-0.00879097,0.0329666,-1.42349,-0.00366519,0,0
-1.91658,-0.00293064,-0.0329666,-1.42349,-0.00471239,0,0
-1.91668,-0.00293064,-0.0109901,-1.42349,0.0015708,0,0
-1.91658,-0.00293064,-0.0109901,-1.42349,-0.000349066,0,0
-1.91668,-0.00293064,-0.0109901,-1.42349,-0.000349066,0,0
-1.91668,0.00293064,-0.0109901,-1.42349,-0.00890118,0,0
-1.91668,0.00293064,-0.0109901,-1.42349,-0.00785398,0,0
-1.91658,0.00293064,-0.0109901,-1.42349,-0.00680679,0,0
-1.91668,0.00293064,-0.0109901,-1.42349,-0.002618,0,0
-1.91668,0.00293064,0.0109901,-1.42349,-0.00785398,0,0
-1.91668,-0.00293064,-0.0109901,-1.42349,-0.002618,0,0
-1.91649,-0.00293064,-0.0329666,-1.42349,0.0015708,0,0
-1.91658,-0.00293064,-0.0109901,-1.42349,0.00366519,0,0
-1.91658,-0.00293064,-0.0109901,-1.42349,-0.00366519,0,0
-1.91668,-0.00879097,0.0109901,-1.42349,-0.00680679,0,0
-1.91658,-0.00879097,-0.0109901,-1.42349,-0.00471239,0,0
-1.91639,-0.00879097,-0.0329666,-1.42349,-0.000349066,0,0
-1.91639,-0.00879097,-0.0329666,-1.42349,0.00471239,0,0
-1.91658,-0.00879097,0.0109901,-1.42349,0.0132645,0,0
-1.91649,-0.00879097,-0.0109901,-1.42349,-0.00785398,0,0
-1.91658,-0.00293064,-0.0109901,-1.42349,-0.00471239,0,0
-1.91649,-0.00293064,-0.0109901,-1.42349,0.00366519,0,0
-1.91649,-0.00293064,-0.0109901,-1.42349,0.000523599,0,0
-1.91658,-0.00293064,-0.0109901,-1.42349,0.002618,0,0
-1.91668,-0.00293064,-0.0109901,-1.42349,0.000523599,0,0
-1.91668,-0.00293064,0.0109901,-1.42349,-0.000349066,0,0
-1.91668,-0.00293064,-0.0109901,-1.42349,0.00680679,0,0
-1.91649,-0.00293064,-0.0109901,-1.42349,0.0111701,0,0
-1.91668,-0.00293064,0.0109901,-1.42349,0.00680679,0,0
-1.91668,-0.00879097,-0.0329666,-1.42349,0.002618,0,0
-1.91658,-0.00879097,0.0109901,-1.42349,-0.00785398,0,0
-1.91668,-0.00879097,-0.0109901,-1.42349,-0.00680679,0,0
-1.91649,-0.00879097,-0.0329666,-1.42349,-0.000349066,0,0
-1.91649,-0.00879097,-0.0329666,-1.42349,0.00471239,0,0
-1.91658,-0.00879097,-0.0109901,-1.42349,0.00575959,0,0
-1.91668,-0.00879097,0.0109901,-1.42349,0.000523599,0,0
-1.91668,-0.00879097,0.0109901,-1.42349,0.00471239,0,0
-1.91649,-0.00879097,-0.0109901,-1.42349,-0.00366519,0,0
-1.91658,-0.00293064,-0.0109901,-1.42349,0.000523599,0,0
-1.91677,0.00293064,0.0329666,-1.42349,-0.000349066,0,0
-1.91668,0.00293064,-0.0109901,-1.42349,0.000523599,0,0
-1.91668,-0.00293064,-0.0109901,-1.42349,0.00907572,0,0
-1.91668,-0.00293064,-0.0109901,-1.42349,-0.000349066,0,0
-1.91668,-0.00879097,-0.0109901,-1.42349,0.000523599,0,0
-1.91649,-0.00293064,-0.0329666,-1.42349,-0.000349066,0,0
-1.91658,-0.00879097,-0.0109901,-1.42349,-0.00575959,0,0
-1.91649,-0.00293064,-0.0329666,-1.42349,-0.002618,0,0
-1.91668,-0.00879097,0.0109901,-1.42349,-0.000349066,0,0
-1.91658,-0.00879097,-0.0109901,-1.42349,-0.00471239,0,0
-1.91658,-0.00879097,-0.0109901,-1.42349,-0.0015708,0,0
-1.91668,-0.00879097,-0.0109901,-1.42349,0.00366519,0,0
-1.91668,-0.00879097,0.0109901,-1.42349,0.00680679,0,0
-1.91658,-0.00879097,-0.0109901,-1.42349,0.002618,0,0
-1.91668,-0.00293064,0.0109901,-1.42349,-0.00890118,0,0
-1.91668,-0.00293064,0.0109901,-1.42349,-0.002618,0,0
-1.91668,-0.00293064,-0.0109901,-1.42349,-0.000349066,0,0
-1.91658,-0.00293064,-0.0329666,-1.42349,0.00680679,0,0
-1.91649,-0.00293064,-0.0329666,-1.42349,0.0015708,0,0
-1.91668,-0.00879097,-0.0109901,-1.42349,-0.00785398,0,0
-1.91668,-0.00879097,-0.0109901,-1.42349,0.00575959,0,0
-1.91658,-0.00879097,-0.0109901,-1.42349,0.00907572,0,0
-1.91677,-0.00879097,0.0109901,-1.42349,-0.00366519,0,0
-1.91668,-0.00879097,0.0109901,-1.42349,0.000523599,0,0
-1.91658,-0.00879097,-0.0109901,-1.42349,0.002618,0,0
-1.91658,-0.00293064,-0.0109901,-1.42349,0.0015708,0,0
-1.91658,-0.00293064,-0.0109901,-1.42349,0.002618,0,0
-1.91658,-0.00293064,-0.0109901,-1.42349,0.0015708,0,0
-1.91668,-0.00293064,-0.0109901,-1.42349,-0.00890118,0,0
-1.91658,-0.00293064,-0.0109901,-1.42349,0.0015708,0,0
-1.91668,-0.00293064,-0.0329666,-1.42349,0.00366519,0,0
-1.91677,-0.00293064,0.0109901,-1.42349,-0.000349066,0,0
-1.91668,0.00293064,0.0109901,-1.42349,0.00471239,0,0
-1.91668,0.00293064,-0.0109901,-1.42332,0.00680679,0,0
-1.91668,-0.00293064,-0.0109901,-1.42332,0.00366519,0,0
-1.91668,-0.00293064,-0.0109901,-1.42332,-0.00471239,0,0
-1.91668,-0.00879097,-0.0109901,-1.42349,-0.002618,0,0
-1.91668,-0.00879097,-0.0109901,-1.42332,0.0015708,0,0
-1.91668,-0.00879097,0.0109901,-1.42349,-0.002618,0,0
-1.91668,-0.00293064,-0.0329666,-1.42349,-0.0015708,0,0
-1.91668,-0.00879097,0.0109901,-1.42349,-0.000349066,0,0
-1.91658,-0.00293064,-0.0109901,-1.42332,0.00680679,0,0
-1.91668,-0.00293064,-0.0109901,-1.42332,0.002618,0,0
-1.91658,-0.00293064,-0.0109901,-1.42349,-0.00785398,0,0
-1.91668,-0.00879097,0.0109901,-1.42332,0.00366519,0,0
-1.91668,-0.00879097,-0.0109901,-1.42332,0.00471239,0,0
-1.91668,-0.00879097,0.0109901,-1.42332,-0.0015708,0,0
-1.91658,-0.00293064,-0.0329666,-1.42332,0.002618,0,0
-1.91668,-0.00879097,-0.0109901,-1.42332,-0.000349066,0,0
-1.91668,-0.00879097,-0.0109901,-1.42332,0.00366519,0,0
-1.91658,-0.00879097,-0.0109901,-1.42332,-0.002618,0,0
-1.91668,-0.00879097,-0.0109901,-1.42332,0.000523599,0,0
-1.91668,-0.00879097,-0.0109901,-1.42332,-0.0015708,0,0
-1.91658,-0.00293064,-0.0109901,-1.42332,0.00366519,0,0
-1.91668,-0.00293064,0.0109901,-1.42332,0.000523599,0,0
-1.91668,-0.00293064,-0.0109901,-1.42332,0.00575959,0,0
-1.91658,-0.00879097,-0.0109901,-1.42332,0.00575959,0,0
-1.91668,-0.00879097,-0.0109901,-1.42332,0.0015708,0,0
-1.91658,-0.00879097,-0.0109901,-1.42332,-0.00366519,0,0
-1.91668,-0.00879097,-0.0109901,-1.42332,-0.00366519,0,0
-1.91668,-0.00879097,-0.0109901,-1.42332,0.000523599,0,0
-1.91668,-0.00879097,0.0109901,-1.42332,0.000523599,0,0
-1.91658,-0.00879097,-0.0329666,-1.42332,-0.00575959,0,0
-1.91668,-0.00293064,-0.0109901,-1.42332,-0.00785398,0,0
-1.91668,-0.00879097,-0.0109901,-1.42332,0.0015708,0,0
-1.91658,-0.00293064,-0.0109901,-1.42332,0.002618,0,0
-1.91668,-0.00293064,-0.0329666,-1.42332,0.00366519,0,0
-1.91668,-0.00293064,-0.0109901,-1.42332,-0.002618,0,0
-1.91658,-0.00293064,-0.0109901,-1.42332,0.002618,0,0
-1.91668,-0.00293064,-0.0109901,-1.42332,0.00785398,0,0
-1.91658,-0.00293064,-0.0109901,-1.42332,-0.00471239,0,0
-1.91668,-0.00293064,-0.0109901,-1.42332,-0.00994838,0,0
-1.91668,0.00293064,0.0109901,-1.42332,0.00680679,0,0
-1.91668,0.00293064,-0.0109901,-1.42332,0.00575959,0,0
-1.91687,-0.00293064,0.0109901,-1.42332,-0.00785398,0,0
-1.91658,-0.00293064,-0.0329666,-1.42332,-0.0132645,0,0
-1.91668,-0.00293064,-0.0109901,-1.42332,0.00366519,0,0
-1.91677,-0.00293064,0.0109901,-1.42332,0.00366519,0,0
-1.91677,-0.00293064,0.0109901,-1.42332,0.000523599,0,0
-1.91658,-0.00879097,-0.0329666,-1.42332,0.00907572,0,0
-1.91658,-0.00879097,-0.0109901,-1.42332,0.00785398,0,0
-1.91658,-0.00293064,-0.0109901,-1.42332,0.000523599,0,0
-1.91668,-0.00293064,0.0109901,-1.42332,-0.00994838,0,0
-1.91658,-0.00293064,-0.0109901,-1.42332,-0.002618,0,0
-1.91658,-0.00293064,-0.0109901,-1.42332,0.00907572,0,0
-1.91658,-0.00293064,-0.0109901,-1.42332,0.000523599,0,0
-1.91668,-0.00293064,-0.0329666,-1.42332,-0.000349066,0,0
-1.91668,-0.00293064,0.0109901,-1.42332,0.002618,0,0
-1.91668,-0.00293064,-0.0109901,-1.42332,0.0015708,0,0
-1.91649,-0.00879097,-0.0109901,-1.42332,0.0015708,0,0
-1.91668,-0.00879097,-0.0109901,-1.42332,-0.0015708,0,0
-1.91668,-0.00879097,-0.0109901,-1.42332,0.0015708,0,0
-1.91658,-0.00293064,-0.0329666,-1.42332,-0.00471239,0,0
-1.91658,-0.00293064,-0.0329666,-1.42332,-0.00471239,0,0
-1.91658,-0.00293064,-0.0109901,-1.42332,0.0015708,0,0
-1.91658,-0.00293064,-0.0109901,-1.42332,0.000523599,0,0
-1.91668,-0.00879097,0.0109901,-1.42332,0.002618,0,0
-1.91668,-0.00879097,-0.0109901,-1.42332,0.000523599,0,0
-1.91668,-0.00879097,-0.0109901,-1.42332,-0.0015708,0,0
-1.91668,-0.00879097,0.0109901,-1.42332,-0.00366519,0,0
-1.91658,-0.00879097,-0.0329666,-1.42332,-0.00575959,0,0
-1.91658,-0.0146523,-0.0329666,-1.42332,0.002618,0,0
-1.91668,-0.00879097,0.0109901,-1.42332,0.0015708,0,0
-1.91668,-0.00879097,-0.0109901,-1.42332,-0.002618,0,0
-1.91668,-0.00879097,-0.0109901,-1.42332,0.00366519,0,0
-1.91668,-0.00293064,-0.0109901,-1.42332,-0.00366519,0,0
-1.91658,-0.00879097,-0.0109901,-1.42332,-0.002618,0,0
-1.91658,-0.00293064,-0.0109901,-1.42332,-0.00575959,0,0
-1.91668,-0.00293064,-0.0329666,-1.42332,0.00366519,0,0
-1.91658,-0.00293064,-0.0329666,-1.42332,-0.002618,0,0
-1.91668,-0.00879097,-0.0109901,-1.42332,0.000523599,0,0
-1.91649,-0.00879097,-0.0329666,-1.42332,0.000523599,0,0
-1.91668,-0.00879097,-0.0109901,-1.42332,-0.002618,0,0
-1.91649,-0.00879097,-0.0329666,-1.42332,0.0015708,0,0
-1.91658,-0.00879097,-0.0109901,-1.42332,-0.000349066,0,0
-1.91668,-0.00293064,0.0109901,-1.42332,-0.00575959,0,0
-1.91658,-0.00879097,-0.0329666,-1.42332,0.00366519,0,0
-1.91668,-0.00879097,-0.0109901,-1.42332,0.002618,0,0
-1.91668,-0.00879097,-0.0109901,-1.42332,0.00366519,0,0
-1.91668,-0.00879097,-0.0109901,-1.42332,0.00366519,0,0
-1.91658,-0.00879097,-0.0109901,-1.42332,-0.00471239,0,0
-1.91677,-0.00879097,0.0109901,-1.42332,-0.000349066,0,0
-1.91668,-0.00879097,-0.0109901,-1.42332,-0.00366519,0,0
-1.91649,-0.00293064,-0.0329666,-1.42332,-0.00890118,0,0
-1.91658,-0.00293064,-0.0109901,-1.42349,-0.00575959,0,0
-1.91668,-0.00293064,-0.0109901,-1.42349,-0.00680679,0,0
-1.91668,-0.00879097,-0.0109901,-1.42349,0.00471239,0,0
-1.91658,-0.00879097,-0.0329666,-1.42349,0.0015708,0,0
-1.91668,-0.00879097,0.0109901,-1.42349,-0.00680679,0,0
-1.91668,-0.0146523,-0.0109901,-1.42349,0.002618,0,0
-1.91668,-0.0146523,-0.0109901,-1.42349,-0.00471239,0,0
-1.91668,-0.0146523,-0.0109901,-1.42349,0.000523599,0,0
-1.91668,-0.00879097,0.0109901,-1.42332,0.0111701,0,0
-1.91668,-0.00293064,-0.0329666,-1.42349,-0.0015708,0,0
-1.91649,-0.00293064,-0.0329666,-1.42349,-0.00471239,0,0
-1.91658,-0.00293064,-0.0109901,-1.42349,0.002618,0,0
-1.91658,-0.00293064,-0.0109901,-1.42332,0.0101229,0,0
-1.91658,-0.00293064,-0.0109901,-1.42332,0.00907572,0,0
-1.91668,-0.00293064,-0.0109901,-1.42332,-0.0132645,0,0
-1.91668,-0.00293064,-0.0109901,-1.42332,-0.002618,0,0
-1.91658,-0.00879097,-0.0109901,-1.42332,0.0101229,0,0
-1.91668,-0.00293064,0.0109901,-1.42332,0.002618,0,0
-1.91668,-0.00293064,0.0109901,-1.42332,-0.00680679,0,0
-1.91658,-0.00879097,-0.0329666,-1.42332,-0.002618,0,0
-1.91658,-0.00879097,-0.0329666,-1.42332,0.00575959,0,0
-1.91649,-0.00879097,-0.0329666,-1.42332,0.00471239,0,0
-1.91658,-0.00879097,-0.0109901,-1.42332,-0.000349066,0,0
-1.91658,-0.00879097,-0.0109901,-1.42332,0.002618,0,0
-1.91658,-0.00879097,-0.0109901,-1.42332,0.00785398,0,0
-1.91658,-0.00293064,-0.0109901,-1.42332,0.000523599,0,0
-1.91668,-0.00293064,-0.0109901,-1.42332,-0.002618,0,0
-1.91649,-0.00293064,-0.0329666,-1.42332,0.000523599,0,0
-1.91658,-0.00293064,-0.0109901,-1.42332,0.00471239,0,0
-1.91668,-0.00293064,0.0109901,-1.42332,0.00680679,0,0
-1.91668,0.00293064,-0.0109901,-1.42332,-0.00575959,0,0
-1.91649,-0.00293064,-0.0329666,-1.42332,0.000523599,0,0
-1.91658,-0.00293064,-0.0329666,-1.42332,0.000523599,0,0
-1.91668,-0.00293064,0.0109901,-1.42332,-0.00680679,0,0
-1.91649,-0.00293064,-0.0329666,-1.42332,0.00366519,0,0
-1.91639,-0.00293064,-0.0329666,-1.42332,0.00785398,0,0
-1.91677,-0.00293064,0.0109901,-1.42332,-0.000349066,0,0
-1.91668,-0.00293064,-0.0109901,-1.42332,-0.00680679,0,0
-1.91649,-0.00293064,-0.0329666,-1.42332,-0.000349066,0,0
-1.91649,-0.00293064,-0.0109901,-1.42332,0.0015708,0,0
-1.91668,-0.00293064,0.0109901,-1.42332,0.00680679,0,0
-1.91668,-0.00293064,-0.0109901,-1.42332,-0.00366519,0,0
-1.91668,-0.00879097,0.0109901,-1.42332,-0.00471239,0,0
-1.91668,-0.00293064,-0.0109901,-1.42332,0.0132645,0,0
-1.91668,-0.00293064,0.0109901,-1.42332,0.000523599,0,0
-1.91668,-0.00879097,-0.0109901,-1.42332,-0.00366519,0,0
-1.91658,-0.00879097,-0.0329666,-1.42332,-0.00366519,0,0
-1.91668,-0.00879097,-0.0109901,-1.42332,-0.000349066,0,0
-1.91668,-0.0146523,-0.0329666,-1.42332,0.000523599,0,0
-1.91658,-0.0146523,-0.0329666,-1.42332,0.00471239,0,0
-1.91668,-0.00879097,-0.0329666,-1.42332,0.00366519,0,0
-1.91649,-0.00879097,-0.0109901,-1.42332,0.000523599,0,0
-1.91668,-0.00293064,-0.0109901,-1.42332,0.000523599,0,0
-1.91658,-0.00879097,-0.0109901,-1.42332,0.002618,0,0
-1.91658,-0.00293064,-0.0109901,-1.42332,-0.000349066,0,0
-1.91658,-0.00293064,-0.0109901,-1.42332,-0.00680679,0,0
-1.91668,-0.00293064,-0.0109901,-1.42332,-0.00680679,0,0
-1.91668,-0.00293064,0.0109901,-1.42332,-0.00471239,0,0
-1.91668,-0.00879097,-0.0109901,-1.42332,0.00575959,0,0
-1.91658,-0.00293064,-0.0109901,-1.42332,0.00471239,0,0
-1.91668,-0.00293064,-0.0109901,-1.42332,0.00366519,0,0
-1.91668,-0.00293064,-0.0109901,-1.42332,0.00575959,0,0
-1.91649,-0.00293064,-0.0329666,-1.42332,0.000523599,0,0
-1.91668,-0.00879097,0.0109901,-1.42332,-0.0015708,0,0
-1.91668,-0.00879097,-0.0109901,-1.42332,0.0101229,0,0
-1.91658,-0.00879097,-0.0109901,-1.42332,-0.002618,0,0
-1.91668,-0.00879097,-0.0109901,-1.42332,-0.00575959,0,0
-1.91668,-0.00879097,0.0109901,-1.42332,-0.00471239,0,0
-1.91658,-0.00879097,-0.0329666,-1.42332,-0.000349066,0,0
-1.91658,-0.00293064,-0.0329666,-1.42332,-0.00680679,0,0
-1.91658,-0.00293064,-0.0109901,-1.42332,-0.000349066,0,0
-1.91658,-0.00293064,-0.0329666,-1.42332,0.00680679,0,0
-1.91668,-0.00293064,-0.0109901,-1.42332,-0.000349066,0,0
-1.91668,-0.00293064,-0.0109901,-1.42332,0.002618,0,0
-1.91668,-0.00293064,0.0109901,-1.42332,-0.0015708,0,0
-1.91668,-0.00293064,-0.0109901,-1.42332,0.000523599,0,0
-1.91668,-0.00293064,-0.0109901,-1.42332,-0.000349066,0,0
-1.91649,0.00293064,-0.0329666,-1.42332,-0.0015708,0,0
-1.91649,-0.00293064,-0.0329666,-1.42332,0.0015708,0,0
-1.91649,-0.00293064,-0.0109901,-1.42332,-0.00366519,0,0
-1.91668,-0.00293064,0.0109901,-1.42332,0.0015708,0,0
-1.91668,-0.00879097,-0.0109901,-1.42332,-0.00994838,0,0
-1.91649,-0.00293064,-0.0329666,-1.42332,0.00471239,0,0
-1.91668,-0.00293064,-0.0109901,-1.42332,0.0143117,0,0
-1.91668,-0.00293064,-0.0109901,-1.42332,0.000523599,0,0
-1.91658,-0.00293064,-0.0109901,-1.42332,0.002618,0,0
-1.91649,-0.00293064,-0.0109901,-1.42332,0.00680679,0,0
-1.91658,-0.00293064,-0.0109901,-1.42332,-0.0015708,0,0
-1.91658,-0.00879097,-0.0109901,-1.42332,-0.00890118,0,0
-1.91668,-0.00879097,-0.0109901,-1.42332,-0.002618,0,0
-1.91668,-0.00879097,-0.0109901,-1.42332,0.002618,0,0
-1.91668,-0.00879097,0.0109901,-1.42332,0.0015708,0,0
-1.91658,-0.00879097,-0.0109901,-1.42332,0.000523599,0,0
-1.91649,-0.00293064,-0.0329666,-1.42332,-0.002618,0,0
-1.91649,-0.00293064,-0.0329666,-1.42332,0.00907572,0,0
-1.91658,-0.00293064,-0.0109901,-1.42332,0.00907572,0,0
-1.91668,-0.00293064,-0.0109901,-1.42332,-0.00575959,0,0
-1.91658,-0.00293064,-0.0109901,-1.42332,0.000523599,0,0
-1.91649,-0.00879097,-0.0329666,-1.42332,0.00575959,0,0
-1.91668,-0.00879097,0.0109901,-1.42332,-0.000349066,0,0
-1.91668,-0.00879097,0.0109901,-1.42332,-0.00471239,0,0
-1.91649,-0.00879097,-0.0329666,-1.42332,-0.0015708,0,0
-1.91668,-0.00879097,0.0109901,-1.42332,-0.0015708,0,0
-1.91668,-0.0146523,0.0109901,-1.42332,-0.00471239,0,0
-1.91668,-0.00879097,0.0109901,-1.42332,0.002618,0,0
-1.91668,-0.00879097,-0.0109901,-1.42332,0.00680679,0,0
-1.91668,-0.00879097,0.0109901,-1.42332,0.00680679,0,0
-1.91658,-0.00879097,-0.0329666,-1.42332,-0.00785398,0,0
-1.91658,-0.00293064,-0.0109901,-1.42332,-0.0132645,0,0
-1.91668,-0.00293064,0.0109901,-1.42332,-0.000349066,0,0
-1.91658,-0.00293064,-0.0109901,-1.42332,-0.002618,0,0
-1.91668,-0.00293064,-0.0109901,-1.42332,0.002618,0,0
-1.91677,-0.00293064,0.0109901,-1.42332,0.00575959,0,0
-1.91658,-0.00879097,-0.0329666,-1.42332,0.00575959,0,0
-1.91658,-0.00879097,-0.0329666,-1.42332,0.0101229,0,0
-1.91668,-0.00879097,-0.0109901,-1.42332,-0.00680679,0,0
-1.91639,-0.00293064,-0.0329666,-1.42332,-0.0185005,0,0
-1.91658,-0.00293064,-0.0109901,-1.42332,-0.002618,0,0
-1.91668,-0.00293064,-0.0109901,-1.42332,0.000523599,0,0
-1.91668,-0.00879097,-0.0109901,-1.42332,-0.00575959,0,0
-1.91639,-0.00879097,-0.0329666,-1.42332,0.002618,0,0
-1.91658,-0.00879097,-0.0109901,-1.42332,-0.002618,0,0
-1.91668,-0.00879097,0.0109901,-1.42332,-0.00575959,0,0
-1.91668,-0.00879097,-0.0109901,-1.42332,0.00366519,0,0
-1.91658,-0.00879097,-0.0109901,-1.42332,0.00907572,0,0
-1.91658,-0.00879097,-0.0109901,-1.42332,0.00471239,0,0
-1.91649,-0.00879097,-0.0329666,-1.42332,-0.00366519,0,0
-1.91649,-0.00879097,-0.0329666,-1.42332,0.0015708,0,0
-1.91668,-0.00879097,0.0109901,-1.42332,-0.00366519,0,0
-1.91677,-0.00293064,0.0109901,-1.42332,-0.002618,0,0
-1.91668,-0.00879097,-0.0329666,-1.42332,0.0015708,0,0
-1.91677,-0.00293064,0.0329666,-1.42332,-0.00575959,0,0
-1.91668,-0.00879097,-0.0329666,-1.42332,0.000523599,0,0
-1.91658,-0.00879097,-0.0329666,-1.42332,0.00680679,0,0
-1.91658,-0.00879097,-0.0109901,-1.42332,0.00680679,0,0
-1.91668,-0.00293064,-0.0109901,-1.42332,0.00366519,0,0
-1.91668,-0.00293064,0.0109901,-1.42332,0.0015708,0,0
-1.91668,-0.00293064,0.0109901,-1.42332,0.000523599,0,0
-1.91649,-0.00293064,-0.0109901,-1.42332,-0.0015708,0,0
-1.91677,0.00293064,0.0109901,-1.42332,-0.0015708,0,0
-1.91649,-0.00293064,-0.0329666,-1.42332,-0.00471239,0,0
-1.91668,-0.00293064,-0.0109901,-1.42332,0.000523599,0,0
-1.91639,-0.00879097,-0.0549469,-1.42332,0.002618,0,0
-1.91658,-0.00293064,0.0109901,-1.42332,0.00680679,0,0
-1.91649,-0.00293064,-0.0109901,-1.42332,0.000523599,0,0
-1.91668,-0.00293064,0.0109901,-1.42332,0.0015708,0,0
-1.91658,-0.00293064,0.0109901,-1.42332,-0.00366519,0,0
-1.91658,-0.00879097,-0.0329666,-1.42332,0.002618,0,0
-1.91658,-0.00879097,-0.0109901,-1.42332,0.00907572,0,0
-1.91668,-0.00879097,-0.0109901,-1.42332,-0.002618,0,0
-1.91668,-0.00293064,0.0109901,-1.42332,0.0015708,0,0
-1.91668,-0.00293064,0.0109901,-1.42332,0.000523599,0,0
-1.91649,-0.00293064,-0.0329666,-1.42332,0.002618,0,0
-1.91658,-0.00293064,-0.0109901,-1.42332,-0.00366519,0,0
-1.91668,-0.00293064,-0.0109901,-1.42332,-0.00471239,0,0
-1.91668,-0.00879097,0.0109901,-1.42332,0.00680679,0,0
-1.91677,-0.00879097,0.0109901,-1.42314,0.002618,0,0
-1.91668,-0.00879097,-0.0109901,-1.42314,0.000523599,0,0
-1.91668,-0.00879097,0.0109901,-1.42314,0.0101229,0,0
-1.91658,-0.0146523,-0.0549469,-1.42314,-0.000349066,0,0
-1.91649,-0.00879097,-0.0549469,-1.42332,-0.0109956,0,0
-1.91668,-0.00879097,-0.0109901,-1.42332,-0.0015708,0,0
-1.91668,-0.00879097,-0.0109901,-1.42314,0.002618,0,0
-1.91668,-0.00879097,-0.0109901,-1.42314,0.000523599,0,0
-1.91649,-0.00879097,-0.0329666,-1.42314,-0.000349066,0,0
-1.91668,-0.00879097,0.0109901,-1.42332,-0.0015708,0,0
-1.91658,-0.00293064,-0.0109901,-1.42314,0.002618,0,0
-1.91668,-0.00293064,-0.0109901,-1.42314,-0.000349066,0,0
-1.91649,-0.00293064,-0.0109901,-1.42314,0.000523599,0,0
-1.91649,-0.00293064,-0.0329666,-1.42314,0.0015708,0,0
-1.91677,-0.00293064,-0.0109901,-1.42314,0.002618,0,0
-1.91668,-0.00293064,-0.0109901,-1.42314,-0.0015708,0,0
-1.91649,-0.00293064,-0.0329666,-1.42314,0.00575959,0,0
-1.91668,-0.00293064,-0.0109901,-1.42314,-0.00366519,0,0
-1.91639,-0.00879097,-0.0329666,-1.42314,0.0015708,0,0
-1.91668,-0.00293064,0.0109901,-1.42314,-0.00575959,0,0
-1.91668,-0.00879097,-0.0109901,-1.42332,-0.00471239,0,0
-1.91668,-0.00879097,-0.0109901,-1.42314,0.0015708,0,0
-1.91668,-0.00879097,-0.0109901,-1.42314,0.00366519,0,0
-1.91658,-0.00879097,-0.0109901,-1.42332,-0.00785398,0,0
-1.91658,-0.00879097,-0.0109901,-1.42332,-0.0015708,0,0
-1.91649,-0.00293064,-0.0109901,-1.42332,0.0015708,0,0
-1.91668,-0.00293064,-0.0109901,-1.42332,-0.000349066,0,0
-1.91658,-0.00293064,-0.0109901,-1.42332,-0.0015708,0,0
-1.91668,0.00293064,-0.0109901,-1.42332,0.002618,0,0
-1.91668,-0.00293064,-0.0109901,-1.42332,0.000523599,0,0
-1.91668,-0.00293064,-0.0329666,-1.42332,-0.00471239,0,0
-1.91658,-0.00879097,-0.0109901,-1.42332,0.000523599,0,0
-1.91668,-0.00879097,-0.0109901,-1.42332,0.0015708,0,0
-1.91658,-0.00293064,-0.0109901,-1.42332,0.0015708,0,0
-1.91668,-0.00879097,-0.0109901,-1.42314,0.00785398,0,0
-1.91658,-0.00879097,-0.0109901,-1.42314,-0.000349066,0,0
-1.91668,-0.0146523,-0.0109901,-1.42314,0.00680679,0,0
-1.91668,-0.00879097,-0.0109901,-1.42314,0.00680679,0,0
-1.91668,-0.00879097,-0.0109901,-1.42314,-0.00471239,0,0
-1.91658,-0.00879097,-0.0109901,-1.42314,-0.00575959,0,0
-1.91658,-0.00879097,-0.0109901,-1.42314,-0.0015708,0,0
-1.91668,-0.00879097,-0.0109901,-1.42314,0.00785398,0,0
-1.91668,-0.00879097,-0.0109901,-1.42314,0.002618,0,0
-1.91668,-0.00879097,0.0109901,-1.42314,0.000523599,0,0
-1.91677,-0.00879097,0.0109901,-1.42314,0.00366519,0,0
-1.91668,-0.00879097,-0.0109901,-1.42314,0.000523599,0,0
-1.91677,-0.00879097,0.0109901,-1.42314,-0.00785398,0,0
-1.91668,-0.00879097,-0.0109901,-1.42314,-0.0015708,0,0
-1.91668,-0.00879097,-0.0109901,-1.42314,-0.002618,0,0
-1.91668,-0.00879097,-0.0109901,-1.42314,-0.00575959,0,0
-1.91668,-0.00293064,-0.0109901,-1.42314,-0.002618,0,0
-1.91668,-0.00293064,-0.0109901,-1.42314,0.00785398,0,0
-1.91658,-0.00293064,-0.0109901,-1.42314,-0.000349066,0,0
-1.91668,-0.00293064,-0.0329666,-1.42314,-0.00994838,0,0
-1.91668,-0.00293064,-0.0109901,-1.42332,-0.002618,0,0
-1.91658,-0.00293064,-0.0329666,-1.42314,0.00575959,0,0
-1.91649,-0.00293064,-0.0329666,-1.42314,0.00471239,0,0
-1.91658,-0.00879097,-0.0109901,-1.42314,0.000523599,0,0
-1.91668,-0.00879097,-0.0109901,-1.42314,-0.002618,0,0
-1.91658,-0.00879097,-0.0329666,-1.42314,0.002618,0,0
-1.91658,-0.00879097,-0.0329666,-1.42314,-0.00366519,0,0
-1.91668,-0.00879097,-0.0109901,-1.42332,-0.00890118,0,0
-1.91658,-0.00879097,-0.0109901,-1.42332,-0.00366519,0,0
-1.91658,-0.00293064,-0.0329666,-1.42332,-0.000349066,0,0
-1.91649,-0.00293064,-0.0329666,-1.42332,0.002618,0,0
-1.91658,-0.00293064,-0.0109901,-1.42332,0.002618,0,0
-1.91668,-0.00293064,0.0109901,-1.42314,0.0015708,0,0
-1.91649,-0.00293064,-0.0109901,-1.42314,0.0015708,0,0
-1.91668,-0.00879097,0.0109901,-1.42332,-0.0015708,0,0
-1.91668,-0.00879097,-0.0109901,-1.42332,-0.00366519,0,0
-1.91649,-0.00293064,-0.0109901,-1.42332,-0.002618,0,0
-1.91649,-0.00293064,-0.0549469,-1.42332,0.002618,0,0
-1.91668,-0.00293064,-0.0109901,-1.42332,-0.000349066,0,0
-1.91668,-0.00293064,0.0109901,-1.42332,-0.00366519,0,0
-1.91668,-0.00879097,-0.0109901,-1.42332,-0.000349066,0,0
-1.91668,-0.00879097,-0.0109901,-1.42332,0.002618,0,0
-1.91668,-0.00879097,-0.0109901,-1.42332,-0.000349066,0,0
-1.91668,-0.00879097,-0.0109901,-1.42332,-0.0015708,0,0
-1.91668,-0.00879097,-0.0329666,-1.42314,0.00785398,0,0
-1.91668,-0.00879097,-0.0109901,-1.42314,0.00680679,0,0
-1.91668,-0.00293064,-0.0109901,-1.42314,0.002618,0,0
-1.91649,-0.00293064,-0.0329666,-1.42314,-0.00366519,0,0
-1.91658,-0.00293064,-0.0109901,-1.42314,0.002618,0,0
-1.91639,-0.00293064,-0.0329666,-1.42314,0.000523599,0,0
-1.91658,-0.00293064,-0.0109901,-1.42314,0.000523599,0,0
-1.91639,-0.00879097,-0.0329666,-1.42314,-0.00785398,0,0
-1.91668,-0.00879097,0.0109901,-1.42314,-0.0015708,0,0
-1.91668,-0.00879097,-0.0109901,-1.42314,0.00907572,0,0
-1.91668,-0.00879097,0.0109901,-1.42314,0.002618,0,0
-1.91668,-0.00879097,-0.0109901,-1.42314,-0.000349066,0,0
-1.91668,-0.00293064,-0.0329666,-1.42314,-0.00575959,0,0
-1.91658,-0.00293064,-0.0109901,-1.42314,-0.000349066,0,0
-1.91668,-0.00293064,0.0109901,-1.42314,0.0015708,0,0
-1.91668,-0.00293064,-0.0109901,-1.42314,0.00575959,0,0
-1.91668,-0.00293064,-0.0109901,-1.42314,0.00575959,0,0
-1.91677,-0.00879097,0.0109901,-1.42314,-0.00471239,0,0
-1.91668,-0.00293064,-0.0109901,-1.42314,-0.00471239,0,0
-1.91658,-0.00293064,-0.0109901,-1.42314,-0.000349066,0,0
-1.91668,-0.00293064,-0.0109901,-1.42314,-0.00366519,0,0
-1.91649,-0.00879097,-0.0329666,-1.42314,-0.000349066,0,0
-1.91658,-0.00879097,0.0109901,-1.42314,-0.00366519,0,0
-1.91658,-0.00879097,-0.0109901,-1.42314,0.00680679,0,0
-1.91658,-0.0146523,-0.0109901,-1.42314,0.00366519,0,0
-1.91668,-0.0146523,0.0109901,-1.42314,-0.002618,0,0
-1.91668,-0.0146523,-0.0109901,-1.42314,-0.0015708,0,0
-1.91668,-0.00879097,-0.0109901,-1.42314,-0.00890118,0,0
-1.91668,-0.0146523,-0.0329666,-1.42314,-0.000349066,0,0
-1.91658,-0.0146523,-0.0109901,-1.42314,0.0101229,0,0
-1.91668,-0.00879097,0.0109901,-1.42314,0.0153589,0,0
-1.91668,-0.00879097,-0.0109901,-1.42314,-0.00366519,0,0
-1.91658,-0.00879097,0.0109901,-1.42314,-0.000349066,0,0
-1.91639,-0.00879097,-0.0549469,-1.42314,-0.002618,0,0
-1.91668,-0.00293064,0.0109901,-1.42314,-0.002618,0,0
-1.91649,-0.00293064,-0.0329666,-1.42314,0.00575959,0,0
-1.91668,-0.00879097,0.0109901,-1.42314,-0.00471239,0,0
-1.91668,-0.00293064,0.0109901,-1.42314,-0.00575959,0,0
-1.91658,0.00293064,-0.0109901,-1.42314,-0.002618,0,0
-1.91658,-0.00293064,-0.0109901,-1.42314,0.000523599,0,0
-1.91658,-0.00879097,-0.0109901,-1.42314,0.0101229,0,0
-1.91658,-0.00879097,-0.0329666,-1.42314,0.0015708,0,0
-1.91668,-0.00879097,-0.0109901,-1.42314,-0.0015708,0,0
-1.91668,-0.0146523,0.0109901,-1.42314,0.00471239,0,0
-1.91658,-0.00879097,-0.0109901,-1.42314,0.00366519,0,0
-1.91658,-0.00879097,-0.0109901,-1.42314,-0.002618,0,0
-1.91668,-0.00879097,-0.0109901,-1.42314,-0.0015708,0,0
-1.91639,-0.00879097,-0.0549469,-1.42314,0.000523599,0,0
-1.91668,-0.00879097,-0.0109901,-1.42314,0.00471239,0,0
-1.91668,-0.00879097,-0.0109901,-1.42314,-0.00366519,0,0
-1.91668,-0.00293064,0.0109901,-1.42314,-0.000349066,0,0
-1.91668,-0.00293064,0.0109901,-1.42314,-0.002618,0,0
-1.91649,-0.00293064,-0.0109901,-1.42314,-0.00366519,0,0
-1.91668,-0.00293064,-0.0109901,-1.42314,0.00680679,0,0
-1.91658,-0.00293064,-0.0109901,-1.42314,0.00575959,0,0
-1.91668,-0.00293064,-0.0109901,-1.42314,0.000523599,0,0
-1.91687,-0.00879097,0.0109901,-1.42314,-0.0015708,0,0
-1.91649,-0.00879097,-0.0549469,-1.42314,-0.00366519,0,0
-1.91658,-0.00879097,-0.0329666,-1.42314,-0.000349066,0,0
-1.91649,-0.0146523,-0.0329666,-1.42314,0.002618,0,0
-1.91687,-0.00879097,0.0329666,-1.42314,0.000523599,0,0
-1.91658,-0.00879097,-0.0109901,-1.42314,-0.002618,0,0
-1.91668,-0.00879097,-0.0109901,-1.42314,0.00575959,0,0
-1.91658,-0.00879097,-0.0329666,-1.42314,0.00575959,0,0
-1.91658,-0.00293064,-0.0329666,-1.42314,0.0015708,0,0
-1.91677,0.00293064,0.0109901,-1.42314,0.0101229,0,0
-1.91649,-0.00293064,-0.0329666,-1.42314,0.0015708,0,0
-1.91658,-0.00293064,-0.0329666,-1.42314,0.00366519,0,0
-1.91668,-0.00293064,-0.0109901,-1.42314,0.00680679,0,0
-1.91668,-0.00293064,-0.0109901,-1.42314,0.00366519,0,0
-1.91658,-0.00879097,-0.0109901,-1.42314,-0.000349066,0,0
-1.91668,-0.00879097,0.0109901,-1.42314,0.002618,0,0
-1.91658,-0.00879097,0.0109901,-1.42314,-0.0015708,0,0
-1.91668,-0.00879097,-0.0109901,-1.42314,-0.000349066,0,0
-1.91658,-0.00293064,-0.0109901,-1.42314,-0.00680679,0,0
-1.91658,-0.00293064,-0.0109901,-1.42314,-0.0015708,0,0
-1.91677,-0.00293064,0.0109901,-1.42314,-0.000349066,0,0
-1.91649,-0.00293064,-0.0329666,-1.42314,0.0015708,0,0
-1.91668,-0.00293064,-0.0109901,-1.42314,-0.0015708,0,0
-1.91658,-0.00293064,-0.0109901,-1.42314,-0.0015708,0,0
-1.91658,-0.00879097,-0.0109901,-1.42314,0.00366519,0,0
-1.91668,-0.00879097,-0.0109901,-1.42314,-0.002618,0,0
-1.91658,-0.00879097,-0.0109901,-1.42314,-0.00680679,0,0
-1.91649,-0.00879097,-0.0329666,-1.42314,-0.00575959,0,0
-1.91668,-0.00879097,-0.0109901,-1.42314,0.00785398,0,0
-1.91668,-0.00879097,-0.0109901,-1.42314,0.0015708,0,0
-1.91668,-0.00879097,-0.0109901,-1.42314,-0.000349066,0,0
-1.91668,-0.00293064,-0.0329666,-1.42314,-0.002618,0,0
-1.91668,-0.00293064,-0.0109901,-1.42314,-0.000349066,0,0
-1.91649,-0.00293064,-0.0549469,-1.42314,0.00471239,0,0
-1.91668,-0.00293064,0.0109901,-1.42314,-0.0015708,0,0
-1.91668,-0.00879097,-0.0109901,-1.42314,-0.00471239,0,0
-1.91658,-0.00879097,-0.0109901,-1.42314,0.0015708,0,0
-1.91668,-0.00879097,-0.0109901,-1.42314,0.0015708,0,0
-1.91668,-0.00879097,-0.0109901,-1.42314,-0.00366519,0,0
-1.91668,-0.00293064,0.0109901,-1.42314,-0.0015708,0,0
-1.91668,-0.00293064,-0.0109901,-1.42314,-0.0015708,0,0
-1.91668,-0.00879097,-0.0109901,-1.42314,0.00575959,0,0
-1.91668,-0.00293064,-0.0109901,-1.42314,0.000523599,0,0
-1.91658,-0.00879097,-0.0109901,-1.42314,-0.00890118,0,0
-1.91668,-0.00879097,-0.0109901,-1.42314,-0.00471239,0,0
-1.91668,-0.00879097,-0.0109901,-1.42314,0.0015708,0,0
-1.91668,-0.0146523,0.0109901,-1.42314,-0.00575959,0,0
-1.91668,-0.00879097,-0.0329666,-1.42314,-0.00575959,0,0
-1.91668,-0.00879097,-0.0109901,-1.42314,-0.000349066,0,0
-1.91668,-0.00879097,0.0109901,-1.42314,0.0015708,0,0
-1.91658,-0.00293064,-0.0109901,-1.42314,0.00785398,0,0
-1.91668,-0.00293064,0.0109901,-1.42314,0.00366519,0,0
-1.91668,-0.00293064,-0.0109901,-1.42314,-0.002618,0,0
-1.91658,-0.00879097,-0.0109901,-1.42314,0.00575959,0,0
-1.91658,-0.00879097,-0.0109901,-1.42314,0.00366519,0,0
-1.91649,-0.00879097,-0.0329666,-1.42314,0.0015708,0,0
-1.91658,-0.00879097,-0.0109901,-1.42314,0.000523599,0,0
-1.91668,-0.00879097,0.0109901,-1.42314,-0.00890118,0,0
-1.91668,-0.00293064,-0.0109901,-1.42314,-0.0015708,0,0
-1.91639,-0.00293064,-0.0549469,-1.42314,-0.00366519,0,0
-1.91649,-0.00879097,-0.0109901,-1.42314,0.0015708,0,0
-1.91668,-0.00293064,0.0109901,-1.42314,0.00907572,0,0
-1.91668,-0.00879097,-0.0109901,-1.42314,0.00471239,0,0
-1.91668,-0.00293064,0.0109901,-1.42314,0.00366519,0,0
-1.91668,-0.00879097,0.0109901,-1.42314,0.000523599,0,0
-1.91668,-0.00879097,0.0109901,-1.42314,-0.002618,0,0
-1.91668,-0.00879097,-0.0109901,-1.42314,-0.0015708,0,0
-1.91668,-0.00879097,-0.0109901,-1.42314,0.002618,0,0
-1.91658,-0.00879097,-0.0329666,-1.42314,-0.00680679,0,0
-1.91668,-0.00879097,-0.0109901,-1.42314,-0.00575959,0,0
-1.91658,-0.00879097,-0.0109901,-1.42314,0.000523599,0,0
-1.91668,-0.00879097,-0.0109901,-1.42314,-0.00890118,0,0
-1.91668,-0.00879097,-0.0109901,-1.42314,0.00785398,0,0
-1.91668,-0.00879097,-0.0329666,-1.42314,0.00575959,0,0
-1.91658,-0.00879097,-0.0329666,-1.42314,0.00366519,0,0
-1.91668,-0.00293064,-0.0109901,-1.42314,0.000523599,0,0
-1.91668,-0.00293064,-0.0329666,-1.42314,-0.000349066,0,0
-1.91658,-0.00879097,-0.0329666,-1.42314,0.00471239,0,0
-1.91658,-0.00293064,-0.0109901,-1.42314,-0.002618,0,0
-1.91658,-0.00293064,-0.0329666,-1.42314,-0.00471239,0,0
-1.91668,0.00293064,0.0109901,-1.42314,-0.0132645,0,0
-1.91649,-0.00293064,-0.0109901,-1.42314,-0.0015708,0,0
-1.91658,-0.00293064,-0.0109901,-1.42314,0.00366519,0,0
-1.91668,-0.00879097,-0.0109901,-1.42314,0.0122173,0,0
-1.91668,-0.00879097,-0.0109901,-1.42314,0.00575959,0,0
-1.91668,-0.0146523,-0.0109901,-1.42314,-0.00471239,0,0
-1.91668,-0.00879097,-0.0109901,-1.42314,-0.00890118,0,0
-1.91677,-0.00879097,0.0109901,-1.42314,-0.0015708,0,0
-1.91658,-0.00879097,-0.0329666,-1.42314,0.00366519,0,0
-1.91668,-0.00293064,-0.0109901,-1.42314,0.00907572,0,0
-1.91649,-0.00293064,-0.0329666,-1.42314,-0.00680679,0,0
-1.91668,-0.00879097,-0.0109901,-1.42314,-0.00785398,0,0
-1.91658,-0.00879097,-0.0109901,-1.42314,0.000523599,0,0
-1.91658,-0.00879097,-0.0329666,-1.42314,0.0153589,0,0
-1.91649,-0.00293064,-0.0329666,-1.42314,0.00575959,0,0
-1.91668,-0.00293064,0.0109901,-1.42314,-0.00680679,0,0
-1.91658,-0.00293064,-0.0109901,-1.42314,-0.0015708,0,0
-1.91668,-0.00293064,-0.0109901,-1.42314,0.00575959,0,0
-1.91668,-0.00293064,0.0109901,-1.42314,0.000523599,0,0
-1.91668,-0.00293064,0.0109901,-1.42314,-0.00366519,0,0
-1.91668,-0.00293064,-0.0109901,-1.42314,0.0015708,0,0
-1.91677,-0.00879097,0.0109901,-1.42314,0.0111701,0,0
-1.91668,-0.00879097,0.0109901,-1.42314,0.00471239,0,0
-1.91668,-0.0146523,-0.0109901,-1.42314,0.002618,0,0
-1.91649,-0.00879097,-0.0109901,-1.42314,-0.00575959,0,0
-1.91658,-0.00879097,-0.0329666,-1.42314,0.00366519,0,0
-1.91668,-0.00293064,-0.0109901,-1.42314,0.00366519,0,0
-1.91658,-0.00293064,-0.0109901,-1.42314,-0.00994838,0,0
-1.91668,-0.00293064,-0.0109901,-1.42314,-0.0015708,0,0
-1.91658,-0.00293064,-0.0329666,-1.42314,-0.00680679,0,0
-1.91668,-0.00293064,-0.0109901,-1.42314,-0.00366519,0,0
-1.91668,-0.00293064,-0.0109901,-1.42314,0.00907572,0,0
-1.91668,-0.00293064,-0.0329666,-1.42314,0.00471239,0,0
-1.91658,-0.00293064,-0.0109901,-1.42314,0.002618,0,0
-1.91668,-0.00293064,-0.0109901,-1.42314,0.00366519,0,0
-1.91658,-0.00879097,-0.0329666,-1.42314,-0.00366519,0,0
-1.91658,-0.00293064,-0.0109901,-1.42314,-0.00575959,0,0
-1.91668,-0.00879097,-0.0109901,-1.42314,-0.00680679,0,0
-1.91649,-0.00879097,-0.0329666,-1.42314,-0.00366519,0,0
-1.91658,-0.00879097,-0.0109901,-1.42314,-0.0015708,0,0
-1.91649,-0.0146523,-0.0329666,-1.42314,-0.00471239,0,0
-1.91668,-0.0146523,0.0109901,-1.42314,-0.000349066,0,0
-1.91658,-0.00879097,-0.0329666,-1.42314,0.0015708,0,0
-1.91658,-0.00879097,-0.0109901,-1.42314,0.00680679,0,0
-1.91649,-0.00879097,-0.0329666,-1.42314,0.00366519,0,0
-1.91668,-0.00293064,-0.0109901,-1.42314,-0.0015708,0,0
-1.91658,-0.00293064,-0.0109901,-1.42314,0.00680679,0,0
-1.91668,-0.00293064,0.0109901,-1.42314,-0.000349066,0,0
-1.91677,-0.00293064,0.0109901,-1.42314,-0.00890118,0,0
-1.91668,-0.00293064,-0.0109901,-1.42314,-0.00366519,0,0
-1.91658,-0.00293064,-0.0329666,-1.42314,-0.000349066,0,0
-1.91658,-0.00293064,-0.0329666,-1.42314,-0.0015708,0,0
-1.91658,-0.00293064,-0.0109901,-1.42314,0.002618,0,0
-1.91658,-0.00293064,-0.0109901,-1.42314,-0.002618,0,0
-1.91668,-0.00293064,0.0109901,-1.42314,-0.00680679,0,0
-1.91668,-0.00879097,-0.0109901,-1.42314,0.00366519,0,0
-1.91658,-0.00879097,-0.0109901,-1.42314,0.00575959,0,0
-1.91668,-0.00879097,-0.0109901,-1.42314,0.00907572,0,0
-1.91658,-0.00879097,-0.0109901,-1.42297,0.0122173,0,0
-1.91668,-0.00879097,-0.0109901,-1.42297,0.000523599,0,0
-1.91658,-0.00879097,-0.0329666,-1.42314,-0.00471239,0,0
-1.91668,-0.00879097,-0.0109901,-1.42297,0.00680679,0,0
-1.91668,-0.00879097,-0.0109901,-1.42297,0.00575959,0,0
-1.91668,-0.00879097,-0.0109901,-1.42297,-0.0015708,0,0
-1.91668,-0.00293064,-0.0109901,-1.42297,0.002618,0,0
-1.91658,-0.00293064,-0.0329666,-1.42297,0.000523599,0,0
-1.91649,-0.00293064,-0.0109901,-1.42297,0.000523599,0,0
-1.91668,-0.00293064,-0.0109901,-1.42297,0.002618,0,0
-1.91668,-0.00293064,0.0109901,-1.42297,0.00907572,0,0
-1.91658,-0.00293064,-0.0109901,-1.42297,-0.000349066,0,0
-1.91668,-0.00293064,-0.0109901,-1.42297,-0.0132645,0,0
-1.91658,-0.00293064,-0.0329666,-1.42297,-0.00680679,0,0
-1.91668,0.00293064,-0.0109901,-1.42297,0.0015708,0,0
-1.91668,-0.00293064,0.0109901,-1.42297,-0.00471239,0,0
-1.91649,-0.00293064,-0.0109901,-1.42314,-0.00471239,0,0
-1.91668,-0.00879097,0.0109901,-1.42314,-0.002618,0,0
-1.91668,-0.00293064,-0.0109901,-1.42314,0.0015708,0,0
-1.91668,-0.00879097,-0.0109901,-1.42297,0.00471239,0,0
-1.91658,-0.00293064,-0.0109901,-1.42297,0.00575959,0,0
-1.91649,-0.00879097,-0.0109901,-1.42297,-0.00366519,0,0
-1.91658,-0.00879097,-0.0329666,-1.42314,-0.00471239,0,0
-1.91668,-0.00879097,0.0109901,-1.42314,0.000523599,0,0
-1.91658,-0.00879097,-0.0109901,-1.42297,0.000523599,0,0
-1.91668,-0.00879097,-0.0109901,-1.42314,-0.00680679,0,0
-1.91658,-0.00293064,-0.0109901,-1.42314,0.000523599,0,0
-1.91668,-0.00293064,0.0109901,-1.42314,0.000523599,0,0
-1.91668,-0.00293064,-0.0109901,-1.42314,-0.002618,0,0
-1.91658,-0.00293064,-0.0329666,-1.42314,0.00366519,0,0
-1.91668,-0.00879097,-0.0109901,-1.42297,0.00471239,0,0
-1.91668,-0.00879097,-0.0109901,-1.42297,0.00366519,0,0
-1.91649,-0.00879097,-0.0329666,-1.42297,0.00366519,0,0
-1.91668,-0.00293064,0.0109901,-1.42297,-0.0015708,0,0
-1.91649,-0.00879097,-0.0329666,-1.42297,-0.00471239,0,0
-1.91658,-0.00293064,-0.0109901,-1.42297,0.002618,0,0
-1.91649,-0.00293064,-0.0329666,-1.42297,0.002618,0,0
-1.91658,-0.00293064,-0.0329666,-1.42314,-0.00785398,0,0
-1.91668,-0.00293064,-0.0109901,-1.42297,0.000523599,0,0
-1.91649,-0.00879097,-0.0329666,-1.42297,0.002618,0,0
-1.91658,-0.00879097,-0.0109901,-1.42297,0.0015708,0,0
-1.91668,-0.00879097,-0.0109901,-1.42297,0.000523599,0,0
-1.91658,-0.00879097,-0.0109901,-1.42297,0.00366519,0,0
-1.91658,-0.00879097,-0.0329666,-1.42297,0.00471239,0,0
-1.91649,-0.00879097,-0.0109901,-1.42297,-0.00366519,0,0
-1.91649,-0.00879097,-0.0109901,-1.42297,0.0015708,0,0
-1.91658,-0.00879097,-0.0109901,-1.42297,0.000523599,0,0
-1.91658,-0.00879097,0.0109901,-1.42297,0.00471239,0,0
-1.91668,-0.00879097,0.0109901,-1.42297,0.00471239,0,0
-1.91668,-0.00879097,-0.0109901,-1.42297,-0.00680679,0,0
-1.91668,-0.00879097,-0.0109901,-1.42297,-0.00575959,0,0
-1.91658,-0.00879097,-0.0109901,-1.42297,0.00575959,0,0
-1.91668,-0.0146523,-0.0109901,-1.42297,0.00785398,0,0
-1.91668,-0.00879097,0.0109901,-1.42297,0.00471239,0,0
-1.91668,-0.00293064,-0.0109901,-1.42297,0.0015708,0,0
-1.91668,-0.00293064,0.0109901,-1.42297,-0.0015708,0,0
-1.91658,-0.00293064,-0.0329666,-1.42297,0.000523599,0,0
-1.91668,-0.00293064,-0.0109901,-1.42297,-0.000349066,0,0
-1.91668,-0.00879097,0.0109901,-1.42297,-0.00366519,0,0
-1.91658,-0.00293064,-0.0109901,-1.42297,0.0015708,0,0
-1.91658,-0.00879097,-0.0109901,-1.42297,-0.002618,0,0
-1.91668,-0.00879097,0.0109901,-1.42297,0.00785398,0,0
-1.91668,-0.00879097,0.0109901,-1.42297,0.00366519,0,0
-1.91649,-0.00879097,-0.0329666,-1.42297,-0.002618,0,0
-1.91668,-0.00293064,-0.0109901,-1.42297,-0.00471239,0,0
-1.91668,-0.00879097,-0.0109901,-1.42297,-0.00680679,0,0
-1.91668,-0.00879097,0.0109901,-1.42297,0.0015708,0,0
-1.91658,-0.00879097,-0.0109901,-1.42297,0.00575959,0,0
-1.91668,-0.00879097,-0.0109901,-1.42297,-0.002618,0,0
-1.91668,-0.00879097,-0.0109901,-1.42297,0.0101229,0,0
-1.91658,-0.00879097,-0.0329666,-1.42297,0.00785398,0,0
-1.91658,-0.00879097,-0.0109901,-1.42297,-0.00680679,0,0
-1.91658,-0.00293064,-0.0109901,-1.42297,-0.002618,0,0
-1.91658,-0.00879097,-0.0109901,-1.42297,0.0015708,0,0
-1.91668,-0.00879097,0.0109901,-1.42297,-0.0015708,0,0
-1.91658,-0.00879097,-0.0329666,-1.42297,0.0015708,0,0
-1.91668,-0.00879097,0.0109901,-1.42297,0.00575959,0,0
-1.91658,-0.00293064,-0.0329666,-1.42297,0.0015708,0,0
-1.91658,-0.00879097,-0.0329666,-1.42297,-0.00680679,0,0
-1.91668,-0.00293064,-0.0109901,-1.42297,-0.0015708,0,0
-1.91658,-0.00293064,-0.0109901,-1.42297,0.00366519,0,0
-1.91668,-0.00293064,-0.0109901,-1.42297,0.000523599,0,0
-1.91658,-0.00293064,-0.0109901,-1.42297,-0.00471239,0,0
-1.91649,-0.00879097,-0.0329666,-1.42297,0.000523599,0,0
-1.91658,-0.00879097,-0.0109901,-1.42297,0.00366519,0,0
-1.91668,-0.00879097,0.0329666,-1.42297,-0.0015708,0,0
-1.91668,-0.00879097,-0.0329666,-1.42297,-0.0015708,0,0
-1.91668,-0.00879097,-0.0109901,-1.42297,0.00366519,0,0
-1.91639,-0.00879097,-0.0329666,-1.42297,-0.000349066,0,0
-1.91658,-0.00879097,0.0109901,-1.42297,-0.00366519,0,0
-1.91658,-0.00879097,-0.0109901,-1.42297,-0.00785398,0,0
-1.91649,-0.00293064,-0.0329666,-1.42297,0.00575959,0,0
-1.91668,-0.00293064,-0.0109901,-1.42297,0.0122173,0,0
-1.91668,-0.00293064,-0.0109901,-1.42297,-0.00471239,0,0
-1.91668,0.00293064,-0.0109901,-1.42297,-0.002618,0,0
-1.91658,0.00293064,-0.0109901,-1.42297,0.00366519,0,0
-1.91649,-0.00293064,-0.0329666,-1.42297,-0.0015708,0,0
-1.91658,-0.00293064,-0.0109901,-1.42297,-0.00471239,0,0
-1.91658,-0.00293064,-0.0109901,-1.42297,-0.000349066,0,0
-1.91668,-0.00879097,0.0109901,-1.42297,-0.00471239,0,0
-1.91668,-0.00879097,-0.0109901,-1.42297,-0.0153589,0,0
-1.91658,-0.00879097,-0.0109901,-1.42297,-0.00471239,0,0
-1.91658,-0.00293064,-0.0109901,-1.42297,0.00907572,0,0
-1.91658,-0.00293064,-0.0109901,-1.42297,0.0111701,0,0
-1.91639,-0.00293064,-0.0549469,-1.42297,0.00907572,0,0
-1.91649,-0.00879097,-0.0109901,-1.42297,0.00785398,0,0
-1.91668,-0.00879097,-0.0109901,-1.42297,0.0015708,0,0
-1.91668,-0.00293064,-0.0109901,-1.42297,-0.00785398,0,0
-1.91668,-0.00293064,-0.0109901,-1.42297,0.00907572,0,0
-1.91668,0.00293064,0.0109901,-1.42297,0.00366519,0,0
-1.91668,0.00293064,0.0109901,-1.42297,-0.000349066,0,0
-1.91668,-0.00293064,-0.0109901,-1.42297,-0.0015708,0,0
-1.91649,-0.00293064,-0.0329666,-1.42297,-0.0015708,0,0
-1.91658,-0.00293064,-0.0109901,-1.42297,0.0015708,0,0
-1.91658,-0.00293064,-0.0109901,-1.42297,0.00366519,0,0
-1.91658,-0.00879097,-0.0109901,-1.42297,-0.000349066,0,0
-1.91668,-0.00879097,-0.0329666,-1.42297,-0.0015708,0,0
-1.91668,-0.00879097,0.0109901,-1.42297,0.0015708,0,0
-1.91658,-0.00879097,-0.0109901,-1.42297,-0.0015708,0,0
-1.91658,-0.00879097,-0.0109901,-1.42297,0.00907572,0,0
-1.91658,-0.00293064,-0.0109901,-1.42297,0.00366519,0,0
-1.91668,-0.00293064,0.0329666,-1.42297,-0.00471239,0,0
-1.91658,-0.00293064,-0.0329666,-1.42297,-0.000349066,0,0
-1.91658,-0.00879097,-0.0109901,-1.42297,-0.00366519,0,0
-1.91668,-0.00879097,-0.0109901,-1.42297,-0.0015708,0,0
-1.91668,-0.00293064,-0.0329666,-1.42297,0.0015708,0,0
-1.91649,-0.00293064,-0.0109901,-1.42297,0.0015708,0,0
-1.91649,-0.00879097,-0.0109901,-1.42297,-0.0015708,0,0
-1.91668,-0.00879097,0.0109901,-1.42297,0.000523599,0,0
-1.91649,-0.0146523,-0.0329666,-1.42297,-0.00366519,0,0
-1.91668,-0.00879097,0.0109901,-1.42297,-0.00366519,0,0
-1.91658,-0.00879097,-0.0109901,-1.42297,-0.000349066,0,0
-1.91658,-0.00879097,-0.0109901,-1.42297,-0.0015708,0,0
-1.91668,-0.00879097,-0.0109901,-1.42297,-0.00366519,0,0
-1.91668,-0.00879097,-0.0109901,-1.42297,-0.0015708,0,0
-1.91649,-0.00293064,-0.0329666,-1.42297,0.00785398,0,0
-1.91668,-0.00879097,-0.0109901,-1.42297,-0.000349066,0,0
-1.91668,-0.00879097,-0.0109901,-1.42297,-0.00680679,0,0
-1.91668,-0.0146523,-0.0109901,-1.42297,0.00471239,0,0
-1.91668,-0.00879097,0.0109901,-1.42297,0.00366519,0,0
-1.91668,-0.00879097,-0.0109901,-1.42297,-0.000349066,0,0
-1.91668,-0.0146523,0.0109901,-1.42297,0.0015708,0,0
-1.91658,-0.0146523,0.0109901,-1.42297,0.002618,0,0
-1.91649,-0.00879097,-0.0329666,-1.42297,-0.0015708,0,0
-1.91649,-0.00293064,-0.0329666,-1.42297,-0.0015708,0,0
-1.91668,-0.00879097,0.0109901,-1.42297,-0.002618,0,0
-1.91668,-0.00879097,-0.0109901,-1.42297,-0.00575959,0,0
-1.91658,-0.00293064,-0.0109901,-1.42297,-0.0015708,0,0
-1.91677,-0.00293064,0.0109901,-1.42297,0.0132645,0,0
-1.91658,-0.00293064,-0.0329666,-1.42297,0.00575959,0,0
-1.91677,-0.00293064,-0.0109901,-1.42297,-0.00471239,0,0
-1.91658,-0.00879097,-0.0329666,-1.42297,-0.00994838,0,0
-1.91668,-0.00293064,0.0109901,-1.42297,-0.00785398,0,0
-1.91668,-0.00879097,0.0109901,-1.42297,-0.002618,0,0
-1.91658,-0.00879097,-0.0109901,-1.42297,0.0015708,0,0
-1.91658,-0.00879097,-0.0109901,-1.42297,0.002618,0,0
-1.91649,-0.00879097,-0.0329666,-1.42297,0.00471239,0,0
-1.91668,-0.00293064,0.0109901,-1.42297,-0.000349066,0,0
-1.91658,-0.00293064,0.0109901,-1.42297,-0.00366519,0,0
-1.91658,-0.00293064,-0.0109901,-1.42297,0.00471239,0,0
-1.91668,-0.00293064,-0.0109901,-1.42297,0.002618,0,0
-1.91658,-0.00293064,-0.0329666,-1.42297,-0.00471239,0,0
-1.91649,-0.00293064,-0.0109901,-1.42297,0.002618,0,0
-1.91668,-0.00293064,-0.0109901,-1.42297,-0.00575959,0,0
-1.91658,-0.00879097,-0.0109901,-1.42297,-0.000349066,0,0
-1.91668,-0.00879097,0.0109901,-1.42297,-0.00366519,0,0
-1.91658,-0.00293064,-0.0329666,-1.42297,-0.00785398,0,0
-1.91658,-0.00879097,-0.0109901,-1.42297,-0.000349066,0,0
-1.91668,-0.00293064,0.0109901,-1.42297,0.00366519,0,0
-1.91668,-0.00879097,-0.0109901,-1.42297,0.0101229,0,0
-1.91668,-0.00293064,-0.0109901,-1.42297,0.00575959,0,0
-1.91668,-0.00293064,0.0109901,-1.42297,-0.00366519,0,0
-1.91658,-0.00879097,-0.0329666,-1.42297,0.000523599,0,0
-1.91658,-0.00879097,-0.0109901,-1.42297,0.000523599,0,0
-1.91658,-0.00879097,-0.0329666,-1.42297,-0.0015708,0,0
-1.91668,-0.00879097,-0.0109901,-1.42297,0.0015708,0,0
-1.91658,-0.00879097,-0.0109901,-1.42297,0.00471239,0,0
-1.91668,-0.00879097,-0.0109901,-1.42297,0.00575959,0,0
-1.91649,-0.00293064,-0.0329666,-1.42297,0.00471239,0,0
-1.91668,-0.00293064,-0.0109901,-1.42297,-0.00575959,0,0
-1.91668,-0.00879097,0.0109901,-1.42297,-0.000349066,0,0
-1.91668,-0.00879097,-0.0329666,-1.42297,-0.000349066,0,0
-1.91658,-0.00879097,-0.0109901,-1.42297,0.00366519,0,0
-1.91668,-0.00879097,-0.0109901,-1.42297,0.00680679,0,0
-1.91658,-0.00879097,-0.0329666,-1.42297,-0.000349066,0,0
-1.91658,-0.00879097,-0.0329666,-1.42297,-0.00471239,0,0
-1.91668,-0.00879097,-0.0109901,-1.42297,-0.002618,0,0
-1.91658,-0.00879097,-0.0109901,-1.42297,0.00471239,0,0
-1.91658,-0.00879097,-0.0109901,-1.42297,-0.0015708,0,0
-1.91668,-0.00879097,-0.0109901,-1.42297,-0.00366519,0,0
-1.91658,-0.00879097,-0.0109901,-1.42297,0.0143117,0,0
-1.91658,-0.00293064,-0.0109901,-1.42279,0.00680679,0,0
-1.91668,-0.00293064,-0.0109901,-1.42279,-0.0015708,0,0
-1.91639,-0.00293064,-0.0329666,-1.42279,-0.002618,0,0
-1.91658,-0.00879097,-0.0109901,-1.42297,-0.000349066,0,0
-1.91658,-0.00879097,-0.0109901,-1.42297,-0.000349066,0,0
-1.91668,-0.00879097,-0.0109901,-1.42279,0.002618,0,0
-1.91658,-0.00879097,-0.0109901,-1.42297,-0.00575959,0,0
-1.91649,-0.00879097,-0.0329666,-1.42297,-0.00680679,0,0
-1.91649,-0.0146523,-0.0109901,-1.42297,0.00366519,0,0
-1.91668,-0.0146523,0.0109901,-1.42279,0.00680679,0,0
-1.91658,-0.00879097,-0.0109901,-1.42279,0.00575959,0,0
-1.91668,-0.00879097,0.0109901,-1.42279,0.002618,0,0
-1.91658,-0.00293064,-0.0109901,-1.42279,-0.00366519,0,0
-1.91668,0.00293064,0.0109901,-1.42279,-0.00366519,0,0
