yaw_angle_raw,yaw_torque_raw,yaw_vel_motor,yaw_angle_imu,yaw_vel_imu,target_torque,target_velocity
3.09985,-0.00293064,-0.0329666,-2.92308,0.0015708,0,0
3.09985,-0.00293064,0.0109901,-2.92308,-0.00366519,0,0
3.09985,-0.00879097,0.0109901,-2.92308,-0.00575959,0,0
3.09985,-0.00879097,0.0109901,-2.92308,0.000523599,0,0
3.09994,-0.00879097,-0.0109901,-2.92308,0.000523599,0,0
3.09975,-0.0146523,0.0109901,-2.92308,0.00680679,0,0
3.09975,-0.00879097,-0.0109901,-2.92308,0.00471239,0,0
3.09966,-0.00293064,-0.0109901,-2.92308,0.002618,0,0
3.09975,-0.00293064,0.0109901,-2.92308,0.000523599,0,0
3.09985,-0.00879097,-0.0109901,-2.92308,-0.00785398,0,0
3.09975,-0.00293064,-0.0109901,-2.92308,-0.00785398,0,0
3.09985,-0.00879097,-0.0109901,-2.92308,0.00366519,0,0
3.10004,-0.00879097,-0.0109901,-2.92308,-0.00471239,0,0
3.09975,-0.00879097,-0.0109901,-2.92308,-0.00471239,0,0
3.09966,-0.00879097,-0.0329666,-2.92308,0.00471239,0,0
3.09985,-0.00879097,0.0109901,-2.92308,0.002618,0,0
3.09966,-0.00879097,-0.0109901,-2.92308,0.0015708,0,0
3.09985,-0.00293064,-0.0329666,-2.92308,-0.000349066,0,0
3.09985,-0.00293064,-0.0329666,-2.92308,0.00680679,0,0
3.09966,-0.00293064,-0.0109901,-2.92308,0.000523599,0,0
3.09985,-0.00293064,0.0109901,-2.92308,0.0015708,0,0
3.09966,-0.00879097,0.0109901,-2.92308,-0.0015708,0,0
3.09975,-0.00879097,-0.0329666,-2.92308,-0.00575959,0,0
3.09985,-0.00879097,-0.0109901,-2.92308,-0.00785398,0,0
3.09985,-0.00879097,-0.0109901,-2.92308,0.00471239,0,0
3.09975,-0.00879097,-0.0109901,-2.92308,-0.0015708,0,0
3.09975,-0.00879097,-0.0109901,-2.92308,0.0015708,0,0
3.09985,-0.00879097,-0.0329666,-2.92308,-0.002618,0,0
3.09985,-0.00879097,0.0109901,-2.92308,-0.002618,0,0
3.09975,-0.00293064,-0.0109901,-2.92308,-0.000349066,0,0
3.09975,-0.00879097,-0.0109901,-2.92308,0.002618,0,0
3.09985,-0.00879097,-0.0109901,-2.92308,-0.0015708,0,0
3.09966,-0.00879097,-0.0109901,-2.92308,-0.0015708,0,0
3.09985,-0.00879097,-0.0109901,-2.92308,-0.000349066,0,0
3.09994,-0.00879097,-0.0329666,-2.92308,0.0015708,0,0
3.09975,-0.00879097,-0.0109901,-2.92308,-0.00471239,0,0
3.09975,-0.00293064,0.0109901,-2.92308,-0.002618,0,0
3.09985,-0.00293064,0.0109901,-2.92308,0.000523599,0,0
3.09994,-0.00879097,-0.0329666,-2.92308,0.00575959,0,0
3.09985,-0.00879097,0.0109901,-2.92308,-0.00471239,0,0
3.09994,-0.00879097,-0.0329666,-2.92308,0.0015708,0,0
3.09985,-0.00293064,-0.0109901,-2.92308,0.002618,0,0
3.09985,-0.00293064,0.0109901,-2.92308,-0.00471239,0,0
3.09985,-0.00879097,-0.0329666,-2.92308,0.002618,0,0
3.09966,-0.00293064,-0.0109901,-2.92308,0.00471239,0,0
3.09985,-0.00879097,-0.0109901,-2.92308,0.00366519,0,0
3.09994,-0.00879097,-0.0109901,-2.92308,-0.00575959,0,0
3.09994,-0.00879097,-0.0329666,-2.92308,-0.00471239,0,0
3.09985,-0.00879097,0.0109901,-2.92308,0.0015708,0,0
3.09966,-0.00879097,0.0109901,-2.92308,-0.0015708,0,0
3.09985,-0.00293064,-0.0109901,-2.92308,-0.0015708,0,0
3.09985,0.00293064,0.0109901,-2.92308,-0.00471239,0,0
3.09966,-0.00293064,-0.0109901,-2.92308,0.00575959,0,0
3.09985,-0.00293064,-0.0329666,-2.92308,0.0015708,0,0
3.09985,-0.00293064,-0.0109901,-2.92308,0.00471239,0,0
3.09975,-0.00293064,-0.0329666,-2.92308,0.00471239,0,0
3.09975,-0.00293064,-0.0109901,-2.92308,0.000523599,0,0
3.09975,-0.00293064,-0.0109901,-2.92308,-0.00471239,0,0
3.09985,-0.00293064,-0.0329666,-2.92308,0.002618,0,0
3.09985,0.00293064,-0.0109901,-2.92308,0.00366519,0,0
3.09975,-0.00293064,-0.0329666,-2.92308,-0.000349066,0,0
3.09975,-0.00879097,-0.0109901,-2.92308,-0.0015708,0,0
3.09985,-0.00879097,-0.0109901,-2.92308,0.00366519,0,0
3.09985,-0.00879097,-0.0329666,-2.92308,0.000523599,0,0
3.09985,-0.00879097,-0.0109901,-2.92308,0.002618,0,0
3.09975,-0.00879097,-0.0109901,-2.92308,-0.00471239,0,0
3.09985,-0.00879097,-0.0329666,-2.92308,-0.00680679,0,0
3.09985,-0.00879097,-0.0109901,-2.92308,-0.002618,0,0
3.09994,-0.00293064,-0.0109901,-2.92308,0.00366519,0,0
3.09994,-0.0146523,-0.0109901,-2.92308,0.0111701,0,0
3.09985,-0.00879097,-0.0109901,-2.92308,-0.0015708,0,0
3.09985,-0.00879097,-0.0109901,-2.92308,0.000523599,0,0
3.09975,-0.00879097,0.0329666,-2.92308,0.00680679,0,0
3.09985,-0.00879097,-0.0109901,-2.92308,0.00471239,0,0
3.09966,-0.00879097,0.0109901,-2.92308,-0.00994838,0,0
3.09975,-0.00293064,0.0109901,-2.92308,-0.00366519,0,0
3.09975,-0.00293064,-0.0329666,-2.92308,0.00366519,0,0
3.09985,-0.00293064,-0.0109901,-2.92308,0.000523599,0,0
3.09975,-0.00293064,-0.0109901,-2.92308,0.00680679,0,0
3.09985,-0.00879097,-0.0109901,-2.92308,-0.00785398,0,0
3.09985,-0.00293064,-0.0109901,-2.92308,0.002618,0,0
3.09975,-0.00293064,-0.0329666,-2.92308,0.0015708,0,0
3.09985,-0.00293064,-0.0329666,-2.92308,0.00471239,0,0
3.09985,-0.00879097,0.0109901,-2.92308,-0.0015708,0,0
3.09975,-0.00879097,-0.0109901,-2.92308,-0.0015708,0,0
3.09985,-0.00879097,-0.0109901,-2.92308,0.00471239,0,0
3.09985,-0.00293064,0.0109901,-2.92308,-0.0015708,0,0
3.09985,-0.00293064,-0.0329666,-2.92308,0.00680679,0,0
3.09975,-0.00293064,-0.0109901,-2.92308,0.00471239,0,0
3.09985,-0.00293064,-0.0109901,-2.92308,-0.00575959,0,0
3.09985,-0.00293064,-0.0329666,-2.92308,-0.00994838,0,0
3.09975,-0.00879097,-0.0109901,-2.92308,0.000523599,0,0
3.09985,-0.00293064,-0.0109901,-2.92308,0.00366519,0,0
3.09985,-0.00293064,-0.0109901,-2.92308,0.0101229,0,0
3.09994,0.00293064,-0.0109901,-2.92308,0.00680679,0,0
3.09985,-0.00293064,0.0109901,-2.92308,0.0015708,0,0
3.09975,-0.00293064,-0.0109901,-2.92308,-0.000349066,0,0
3.09985,-0.00293064,-0.0329666,-2.92308,0.002618,0,0
3.09975,-0.00293064,-0.0109901,-2.92308,-0.000349066,0,0
3.09985,-0.00293064,-0.0109901,-2.92308,-0.00785398,0,0
3.09975,-0.00293064,-0.0329666,-2.92308,-0.0015708,0,0
3.09985,-0.00293064,0.0109901,-2.92308,0.0015708,0,0
3.09985,-0.00293064,0.0109901,-2.92308,-0.000349066,0,0
3.09994,-0.0146523,-0.0109901,-2.92308,0.00785398,0,0
3.09985,-0.00879097,-0.0109901,-2.9229,0.00785398,0,0
3.09994,-0.00293064,-0.0109901,-2.92308,-0.00785398,0,0
3.09985,-0.00293064,0.0109901,-2.92308,-0.00471239,0,0
3.09975,-0.00293064,-0.0329666,-2.92308,0.00471239,0,0
3.09985,0.00293064,0.0109901,-2.92308,0.000523599,0,0
3.09975,-0.00293064,-0.0109901,-2.92308,-0.00575959,0,0
3.09985,-0.00293064,-0.0329666,-2.92308,-0.00366519,0,0
3.09985,0.00293064,-0.0109901,-2.92308,0.002618,0,0
3.09985,0.00293064,-0.0109901,-2.92308,0.002618,0,0
3.09985,0.00293064,-0.0109901,-2.92308,-0.0015708,0,0
3.09985,0.00293064,-0.0109901,-2.92308,-0.0109956,0,0
3.09985,-0.00293064,-0.0109901,-2.92308,-0.00575959,0,0
3.09966,-0.00879097,0.0109901,-2.92308,0.0015708,0,0
3.09985,-0.00879097,-0.0329666,-2.92308,0.00575959,0,0
3.09975,-0.00293064,-0.0109901,-2.92308,0.000523599,0,0
3.09994,0.00293064,0.0109901,-2.92308,-0.00575959,0,0
3.09985,-0.00293064,0.0109901,-2.92308,-0.00680679,0,0
3.09985,-0.00879097,-0.0109901,-2.92308,0.00785398,0,0
3.09975,-0.00879097,-0.0109901,-2.92308,0.00471239,0,0
3.09985,-0.00879097,-0.0109901,-2.92308,-0.000349066,0,0
3.09985,-0.00879097,-0.0109901,-2.92308,-0.000349066,0,0
3.09985,-0.00293064,-0.0109901,-2.92308,0.00471239,0,0
3.09985,-0.00293064,-0.0109901,-2.92308,0.0015708,0,0
3.09975,0.00293064,0.0109901,-2.92308,-0.000349066,0,0
3.09994,0.00293064,0.0109901,-2.92308,0.0015708,0,0
3.09975,-0.00293064,-0.0109901,-2.92308,-0.0015708,0,0
3.09985,-0.00879097,0.0109901,-2.92308,0.00366519,0,0
3.09985,-0.00879097,-0.0109901,-2.92308,0.000523599,0,0
3.09985,-0.00879097,-0.0109901,-2.92308,-0.00471239,0,0
3.09985,-0.00879097,-0.0329666,-2.92308,-0.002618,0,0
3.09994,-0.00293064,-0.0329666,-2.92308,0.0101229,0,0
3.09975,-0.00293064,-0.0109901,-2.9229,0.00680679,0,0
3.09966,-0.00879097,-0.0109901,-2.9229,-0.0015708,0,0
3.09985,-0.0146523,-0.0329666,-2.9229,0.00366519,0,0
3.09975,-0.00879097,0.0109901,-2.9229,0.00471239,0,0
3.09975,-0.00879097,-0.0109901,-2.9229,-0.000349066,0,0
3.09994,-0.00293064,-0.0549469,-2.9229,0.00366519,0,0
3.09985,-0.00293064,-0.0109901,-2.9229,0.00575959,0,0
3.10004,-0.00879097,-0.0109901,-2.9229,-0.00680679,0,0
3.09985,-0.00879097,0.0109901,-2.9229,-0.002618,0,0
3.09985,-0.0146523,0.0109901,-2.9229,0.00471239,0,0
3.09975,-0.00879097,-0.0109901,-2.9229,0.002618,0,0
3.09994,-0.00293064,-0.0329666,-2.9229,-0.002618,0,0
3.09985,-0.00293064,-0.0109901,-2.9229,0.00785398,0,0
3.09975,0.00293064,0.0109901,-2.9229,-0.000349066,0,0
3.09985,0.00293064,-0.0329666,-2.9229,-0.00366519,0,0
3.09985,-0.00293064,-0.0329666,-2.9229,-0.000349066,0,0
3.09985,-0.00293064,-0.0109901,-2.9229,0.00366519,0,0
3.09985,-0.00293064,-0.0109901,-2.9229,0.00471239,0,0
3.09966,-0.00293064,0.0109901,-2.9229,0.00366519,0,0
3.09985,-0.00293064,0.0109901,-2.9229,-0.00471239,0,0
3.09985,-0.00879097,-0.0109901,-2.9229,-0.000349066,0,0
3.09985,-0.00293064,-0.0109901,-2.9229,0.0015708,0,0
3.09985,-0.00293064,-0.0109901,-2.9229,-0.00366519,0,0
3.09985,-0.00879097,-0.0109901,-2.9229,-0.00366519,0,0
3.09975,-0.00879097,0.0109901,-2.9229,0.00680679,0,0
3.09985,-0.00879097,-0.0329666,-2.9229,0.002618,0,0
3.09985,-0.00879097,-0.0329666,-2.9229,0.0015708,0,0
3.09985,-0.00293064,-0.0109901,-2.9229,0.0015708,0,0
3.09975,-0.00293064,-0.0109901,-2.9229,-0.00890118,0,0
3.09966,-0.00293064,-0.0109901,-2.9229,-0.00575959,0,0
3.09985,-0.00293064,-0.0109901,-2.9229,-0.00890118,0,0
3.09985,-0.00293064,-0.0109901,-2.9229,0.00366519,0,0
3.09966,-0.00293064,0.0109901,-2.9229,0.00366519,0,0
3.09975,-0.00879097,-0.0109901,-2.9229,0.0015708,0,0
3.09985,-0.00293064,-0.0329666,-2.9229,0.00366519,0,0
3.09985,-0.00293064,-0.0329666,-2.9229,0.0015708,0,0
3.09994,-0.00293064,-0.0329666,-2.9229,-0.00680679,0,0
3.09994,-0.00293064,-0.0329666,-2.9229,-0.000349066,0,0
3.09975,-0.00293064,0.0109901,-2.9229,-0.00366519,0,0
3.09975,-0.00293064,-0.0109901,-2.9229,-0.00785398,0,0
3.09975,-0.00879097,-0.0109901,-2.9229,0.00366519,0,0
3.09985,-0.0146523,-0.0329666,-2.9229,0.000523599,0,0
3.09966,-0.0146523,-0.0109901,-2.9229,-0.00471239,0,0
3.09985,-0.0146523,-0.0329666,-2.9229,0.000523599,0,0
3.09975,-0.0146523,0.0109901,-2.9229,0.00366519,0,0
3.09985,-0.00879097,-0.0109901,-2.9229,-0.002618,0,0
3.09985,-0.00293064,-0.0109901,-2.9229,0.002618,0,0
3.09985,-0.00293064,0.0109901,-2.9229,0.00785398,0,0
3.09966,-0.00293064,0.0109901,-2.9229,0.00471239,0,0
3.09985,-0.00293064,-0.0549469,-2.9229,-0.0015708,0,0
3.10004,-0.00879097,-0.0329666,-2.9229,-0.002618,0,0
3.09985,-0.00879097,-0.0109901,-2.9229,-0.00471239,0,0
3.09985,-0.00879097,-0.0109901,-2.9229,0.0015708,0,0
3.09975,-0.00879097,0.0109901,-2.9229,0.002618,0,0
3.09966,-0.00879097,0.0109901,-2.9229,-0.0015708,0,0
3.09994,-0.00879097,-0.0329666,-2.9229,-0.0015708,0,0
3.09985,-0.00879097,-0.0329666,-2.9229,0.00575959,0,0
3.09985,-0.00879097,-0.0109901,-2.9229,-0.00575959,0,0
3.09994,-0.00293064,-0.0109901,-2.9229,-0.00680679,0,0
3.09975,-0.00879097,-0.0109901,-2.9229,0.0015708,0,0
3.09966,-0.00293064,-0.0109901,-2.9229,0.0111701,0,0
3.09985,-0.00293064,0.0109901,-2.9229,0.00366519,0,0
3.09985,-0.00293064,0.0109901,-2.9229,-0.0015708,0,0
3.09985,-0.00879097,-0.0109901,-2.9229,-0.00471239,0,0
3.09985,-0.00879097,-0.0109901,-2.9229,-0.0015708,0,0
3.09975,-0.00293064,-0.0109901,-2.9229,-0.00471239,0,0
3.09985,-0.00293064,-0.0109901,-2.9229,-0.000349066,0,0
3.09994,-0.00293064,-0.0329666,-2.9229,0.002618,0,0
3.09985,0.00293064,-0.0109901,-2.9229,0.0015708,0,0
3.09985,0.00293064,-0.0329666,-2.9229,-0.0015708,0,0
3.09985,-0.00293064,-0.0109901,-2.9229,0.00907572,0,0
3.09985,-0.00293064,-0.0109901,-2.9229,0.0015708,0,0
3.09985,-0.00879097,-0.0109901,-2.9229,-0.0015708,0,0
3.09966,-0.00879097,0.0109901,-2.9229,0.00366519,0,0
3.09985,-0.0146523,-0.0109901,-2.9229,0.000523599,0,0
3.09975,-0.00879097,-0.0329666,-2.9229,-0.000349066,0,0
3.09985,-0.00879097,-0.0109901,-2.9229,0.00366519,0,0
3.09985,-0.00879097,0.0109901,-2.9229,-0.000349066,0,0
3.09975,-0.00879097,-0.0109901,-2.9229,0.0015708,0,0
3.09985,-0.00879097,-0.0109901,-2.9229,0.00907572,0,0
3.09975,-0.00293064,0.0109901,-2.9229,-0.002618,0,0
3.09985,-0.00293064,-0.0109901,-2.9229,-0.00366519,0,0
3.09975,-0.00879097,-0.0329666,-2.9229,-0.000349066,0,0
3.09985,-0.00293064,-0.0109901,-2.9229,-0.00366519,0,0
3.09985,-0.00879097,-0.0109901,-2.9229,0.000523599,0,0
3.09975,-0.0146523,-0.0109901,-2.9229,0.00575959,0,0
3.09994,-0.0146523,-0.0109901,-2.9229,0.00680679,0,0
3.09975,-0.00879097,-0.0109901,-2.9229,-0.00366519,0,0
3.09985,-0.00879097,-0.0109901,-2.9229,-0.000349066,0,0
3.09985,-0.00293064,0.0109901,-2.9229,0.00366519,0,0
3.09966,-0.00293064,0.0109901,-2.9229,0.00366519,0,0
3.09985,-0.00879097,-0.0109901,-2.9229,0.00366519,0,0
3.09975,-0.00293064,-0.0329666,-2.9229,0.000523599,0,0
3.09985,-0.00879097,-0.0109901,-2.9229,0.000523599,0,0
3.09985,-0.00879097,-0.0329666,-2.9229,0.000523599,0,0
3.09985,-0.00293064,-0.0109901,-2.9229,0.000523599,0,0
3.09985,-0.00293064,-0.0109901,-2.9229,-0.0015708,0,0
3.09994,-0.00879097,-0.0329666,-2.9229,-0.000349066,0,0
3.09975,-0.00293064,-0.0109901,-2.9229,0.00680679,0,0
3.09985,-0.00293064,-0.0109901,-2.9229,0.00471239,0,0
3.09985,-0.00293064,-0.0329666,-2.9229,0.0015708,0,0
3.09975,-0.00879097,-0.0109901,-2.9229,0.0015708,0,0
3.09985,-0.00879097,0.0109901,-2.9229,-0.000349066,0,0
3.09975,-0.00879097,-0.0109901,-2.9229,0.0015708,0,0
3.09985,-0.00879097,-0.0329666,-2.9229,-0.002618,0,0
3.09985,-0.00879097,-0.0329666,-2.9229,-0.00471239,0,0
3.09985,-0.00879097,-0.0109901,-2.9229,0.0015708,0,0
3.09985,-0.00293064,-0.0109901,-2.9229,-0.002618,0,0
3.09985,-0.00879097,-0.0109901,-2.9229,-0.002618,0,0
3.09985,-0.00879097,-0.0109901,-2.9229,0.0015708,0,0
3.09985,-0.00293064,-0.0109901,-2.9229,0.000523599,0,0
3.09966,-0.00293064,-0.0109901,-2.9229,-0.00471239,0,0
3.09985,-0.00293064,-0.0109901,-2.9229,0.00785398,0,0
3.09985,-0.00293064,-0.0109901,-2.9229,0.002618,0,0
3.09985,-0.00293064,-0.0109901,-2.9229,-0.00471239,0,0
3.09985,-0.00293064,-0.0329666,-2.9229,-0.0109956,0,0
3.09985,-0.00879097,0.0109901,-2.9229,-0.0015708,0,0
3.09985,-0.00879097,-0.0109901,-2.9229,0.002618,0,0
3.09975,-0.00293064,-0.0109901,-2.9229,0.000523599,0,0
3.09985,-0.00293064,-0.0109901,-2.9229,0.0015708,0,0
3.09975,-0.00879097,0.0109901,-2.9229,-0.00366519,0,0
3.09985,-0.00293064,-0.0329666,-2.9229,0.002618,0,0
3.09985,-0.00879097,0.0109901,-2.9229,0.00366519,0,0
3.09994,-0.00879097,-0.0329666,-2.9229,0.000523599,0,0
3.09966,-0.0146523,-0.0109901,-2.9229,0.00575959,0,0
3.09985,-0.00879097,-0.0329666,-2.9229,-0.00890118,0,0
3.09975,-0.00293064,-0.0329666,-2.9229,0.000523599,0,0
3.09985,-0.00293064,-0.0109901,-2.9229,0.0164061,0,0
3.09994,-0.00293064,-0.0109901,-2.9229,0.00471239,0,0
3.09985,-0.00293064,-0.0329666,-2.9229,-0.00680679,0,0
3.09985,-0.00293064,-0.0109901,-2.9229,-0.000349066,0,0
3.09966,-0.00293064,0.0109901,-2.9229,0.00785398,0,0
3.09985,-0.00879097,-0.0329666,-2.9229,0.000523599,0,0
3.09985,-0.00879097,0.0109901,-2.9229,-0.00575959,0,0
3.09994,-0.00293064,-0.0329666,-2.9229,-0.00471239,0,0
3.09985,-0.00293064,-0.0109901,-2.9229,0.0015708,0,0
3.09985,-0.00293064,-0.0109901,-2.9229,-0.000349066,0,0
3.09985,0.00293064,-0.0109901,-2.9229,-0.00994838,0,0
3.09985,0.00293064,-0.0109901,-2.9229,0.00471239,0,0
3.09985,-0.00879097,-0.0109901,-2.9229,0.00471239,0,0
3.09985,-0.00293064,0.0109901,-2.9229,0.00575959,0,0
3.09985,-0.00293064,-0.0109901,-2.9229,0.000523599,0,0
3.09966,-0.00879097,-0.0109901,-2.9229,-0.00785398,0,0
3.09975,-0.00293064,0.0109901,-2.9229,-0.00471239,0,0
3.09985,-0.00293064,-0.0329666,-2.9229,0.00471239,0,0
3.09985,-0.00293064,-0.0109901,-2.9229,0.0015708,0,0
3.09985,-0.00293064,-0.0109901,-2.9229,-0.002618,0,0
3.09966,-0.00293064,-0.0109901,-2.9229,0.00575959,0,0
3.09975,-0.00879097,-0.0109901,-2.9229,-0.002618,0,0
3.09966,-0.00879097,-0.0109901,-2.9229,-0.002618,0,0
3.09985,-0.0146523,-0.0109901,-2.9229,0.00680679,0,0
3.09975,-0.0146523,-0.0109901,-2.9229,0.000523599,0,0
3.09975,-0.00879097,-0.0329666,-2.9229,-0.00366519,0,0
3.09985,-0.00293064,-0.0329666,-2.9229,-0.00575959,0,0
3.09975,-0.00293064,-0.0109901,-2.9229,0.002618,0,0
3.09975,-0.00293064,-0.0109901,-2.9229,0.000523599,0,0
3.09985,-0.00293064,0.0109901,-2.9229,0.00680679,0,0
3.09975,-0.00293064,-0.0109901,-2.9229,0.00785398,0,0
3.09985,-0.00293064,-0.0109901,-2.9229,-0.00471239,0,0
3.09985,-0.00293064,-0.0109901,-2.9229,0.000523599,0,0
3.09985,-0.00293064,-0.0549469,-2.9229,0.00785398,0,0
3.09985,-0.00293064,0.0109901,-2.9229,0.00680679,0,0
3.09975,-0.00879097,-0.0109901,-2.92273,0.00366519,0,0
3.09994,-0.00293064,-0.0329666,-2.92273,0.000523599,0,0
3.09985,-0.00293064,-0.0109901,-2.9229,-0.00471239,0,0
3.09985,-0.00293064,0.0109901,-2.92273,0.00680679,0,0
3.09966,-0.00293064,-0.0329666,-2.9229,-0.00471239,0,0
3.09985,-0.00293064,-0.0109901,-2.9229,-0.00366519,0,0
3.09985,-0.00293064,-0.0109901,-2.9229,-0.000349066,0,0
3.09985,-0.00879097,-0.0109901,-2.9229,-0.002618,0,0
3.09975,-0.00879097,-0.0109901,-2.9229,-0.0015708,0,0
3.09985,-0.00879097,0.0109901,-2.9229,0.0015708,0,0
3.09994,-0.0146523,0.0109901,-2.92273,0.0101229,0,0
3.09975,-0.00879097,-0.0109901,-2.92273,0.000523599,0,0
3.09985,-0.00879097,-0.0109901,-2.9229,-0.00785398,0,0
3.09975,-0.00293064,-0.0109901,-2.9229,0.002618,0,0
3.09966,-0.00293064,-0.0329666,-2.9229,-0.0015708,0,0
3.09985,-0.00293064,-0.0109901,-2.9229,0.0015708,0,0
3.09985,-0.00293064,-0.0109901,-2.9229,0.000523599,0,0
3.09985,-0.00879097,-0.0109901,-2.9229,-0.000349066,0,0
3.09975,-0.00879097,-0.0109901,-2.92273,0.00785398,0,0
3.09985,-0.0146523,0.0109901,-2.9229,-0.00471239,0,0
3.09975,-0.00879097,0.0109901,-2.9229,-0.00680679,0,0
3.09985,-0.00879097,-0.0329666,-2.9229,0.00366519,0,0
3.09966,-0.00293064,-0.0109901,-2.9229,0.002618,0,0
3.09985,-0.00293064,-0.0329666,-2.9229,0.0015708,0,0
3.09985,-0.00293064,-0.0329666,-2.92273,0.00471239,0,0
3.09966,-0.00293064,-0.0109901,-2.92273,0.002618,0,0
3.09985,-0.00293064,-0.0109901,-2.92273,-0.000349066,0,0
3.09966,-0.00293064,-0.0109901,-2.92273,0.00785398,0,0
3.09975,-0.00879097,-0.0109901,-2.92273,-0.00575959,0,0
3.09985,-0.00879097,-0.0109901,-2.9229,-0.00994838,0,0
3.09985,-0.00879097,-0.0109901,-2.9229,-0.00471239,0,0
3.09985,-0.00879097,-0.0109901,-2.9229,0.00366519,0,0
3.09985,-0.00879097,-0.0329666,-2.92273,0.00785398,0,0
3.09985,-0.00293064,0.0109901,-2.92273,-0.00575959,0,0
3.09975,-0.00293064,-0.0109901,-2.9229,-0.00471239,0,0
3.09994,-0.00293064,-0.0109901,-2.9229,0.000523599,0,0
3.09975,-0.00293064,-0.0109901,-2.92273,0.00680679,0,0
3.09985,-0.00293064,-0.0109901,-2.9229,-0.00471239,0,0
3.09985,-0.00293064,-0.0329666,-2.9229,-0.00785398,0,0
3.09985,-0.00293064,0.0109901,-2.9229,-0.00680679,0,0
3.09985,-0.00293064,-0.0329666,-2.9229,0.002618,0,0
3.09985,-0.00293064,-0.0109901,-2.9229,0.00575959,0,0
3.09975,-0.00293064,0.0109901,-2.9229,-0.00471239,0,0
3.09994,-0.00293064,-0.0329666,-2.9229,0.00471239,0,0
3.09985,-0.00293064,-0.0109901,-2.92273,0.00785398,0,0
3.09975,-0.00293064,0.0109901,-2.9229,-0.00575959,0,0
3.09975,-0.00293064,0.0109901,-2.9229,0.002618,0,0
3.09985,-0.00293064,-0.0329666,-2.92273,0.002618,0,0
3.09985,-0.00293064,-0.0329666,-2.9229,-0.0015708,0,0
3.09985,-0.00293064,-0.0109901,-2.9229,-0.00994838,0,0
3.09985,-0.00293064,0.0109901,-2.9229,-0.00575959,0,0
3.09985,-0.00293064,-0.0109901,-2.9229,0.0015708,0,0
3.09994,-0.00293064,-0.0329666,-2.9229,0.000523599,0,0
3.09994,-0.00293064,-0.0109901,-2.9229,-0.000349066,0,0
3.09985,-0.00293064,0.0109901,-2.9229,-0.00366519,0,0
3.09975,-0.00293064,-0.0109901,-2.9229,-0.00471239,0,0
3.09975,-0.00879097,-0.0109901,-2.9229,-0.0015708,0,0
3.09975,-0.00879097,-0.0109901,-2.9229,-0.00471239,0,0
3.09985,-0.00879097,-0.0109901,-2.9229,-0.00785398,0,0
3.09985,-0.00293064,-0.0549469,-2.9229,-0.002618,0,0
3.09985,-0.00293064,0.0109901,-2.9229,0.00366519,0,0
3.09994,-0.00293064,0.0109901,-2.9229,0.002618,0,0
3.09985,-0.00293064,-0.0109901,-2.9229,-0.00471239,0,0
3.09975,-0.00879097,0.0109901,-2.9229,0.00575959,0,0
3.09985,-0.00879097,0.0109901,-2.9229,0.00680679,0,0
3.09985,-0.00293064,-0.0329666,-2.9229,0.00471239,0,0
3.09985,-0.00293064,-0.0329666,-2.9229,-0.000349066,0,0
3.09985,-0.00293064,0.0109901,-2.9229,-0.002618,0,0
3.09985,-0.00879097,0.0109901,-2.9229,0.002618,0,0
3.09975,-0.00293064,-0.0109901,-2.9229,0.00680679,0,0
3.09985,-0.00293064,-0.0109901,-2.9229,-0.00785398,0,0
3.09985,-0.00293064,-0.0109901,-2.9229,-0.00680679,0,0
3.09985,-0.00293064,-0.0109901,-2.9229,-0.00471239,0,0
3.09985,-0.0146523,-0.0329666,-2.9229,0.0122173,0,0
3.09985,-0.0146523,0.0109901,-2.9229,0.0143117,0,0
3.09985,-0.00879097,-0.0329666,-2.9229,-0.00680679,0,0
3.09985,-0.00879097,-0.0329666,-2.9229,0.002618,0,0
3.09985,-0.00879097,-0.0109901,-2.9229,0.00366519,0,0
3.09985,-0.00293064,0.0109901,-2.9229,-0.00471239,0,0
3.09985,-0.00293064,-0.0109901,-2.9229,-0.0015708,0,0
3.09975,-0.00879097,-0.0109901,-2.9229,0.00785398,0,0
3.09985,-0.00879097,0.0109901,-2.9229,0.0015708,0,0
3.09975,-0.00879097,-0.0109901,-2.9229,-0.000349066,0,0
3.09985,-0.00879097,0.0109901,-2.9229,-0.0015708,0,0
3.09994,-0.00879097,-0.0329666,-2.9229,0.00575959,0,0
3.09994,-0.00879097,-0.0329666,-2.9229,0.0015708,0,0
3.09985,-0.00293064,-0.0109901,-2.92273,0.0101229,0,0
3.09966,0.00293064,-0.0109901,-2.92273,0.00471239,0,0
3.09985,0.00293064,0.0329666,-2.92273,0.00575959,0,0
3.09975,0.00293064,-0.0329666,-2.92273,0.00575959,0,0
3.09985,-0.00293064,-0.0109901,-2.92273,0.000523599,0,0
3.09985,-0.00293064,-0.0109901,-2.92273,-0.00785398,0,0
3.09985,-0.00879097,-0.0109901,-2.92273,0.0015708,0,0
3.09985,-0.00879097,-0.0109901,-2.92273,0.00680679,0,0
3.09985,-0.00879097,-0.0109901,-2.92273,0.00366519,0,0
3.09985,-0.00879097,-0.0329666,-2.92273,-0.000349066,0,0
3.09985,-0.00293064,0.0109901,-2.92273,0.0015708,0,0
3.09975,-0.00879097,0.0109901,-2.92273,-0.000349066,0,0
3.09985,-0.00879097,-0.0329666,-2.92273,-0.00366519,0,0
3.09985,-0.00293064,-0.0109901,-2.92273,-0.00471239,0,0
3.09985,-0.00879097,-0.0329666,-2.92273,-0.00366519,0,0
3.09994,-0.00879097,-0.0109901,-2.92273,-0.00471239,0,0
3.09975,-0.00879097,-0.0109901,-2.92273,0.00680679,0,0
3.09985,-0.00879097,0.0109901,-2.92273,-0.0015708,0,0
3.09985,-0.00879097,-0.0329666,-2.92273,0.00366519,0,0
3.09975,-0.00293064,0.0109901,-2.92273,0.00366519,0,0
3.09975,-0.00293064,0.0109901,-2.92273,-0.002618,0,0
3.09985,-0.00293064,-0.0109901,-2.92273,-0.00366519,0,0
3.09985,-0.00293064,-0.0109901,-2.92273,0.00575959,0,0
3.09985,-0.00879097,0.0109901,-2.92273,0.00907572,0,0
3.09985,-0.00879097,-0.0109901,-2.92273,-0.00471239,0,0
3.09994,-0.00879097,-0.0109901,-2.92273,-0.0015708,0,0
3.09985,-0.00879097,-0.0109901,-2.92273,-0.000349066,0,0
3.09985,-0.00879097,-0.0109901,-2.92273,0.00471239,0,0
3.09985,-0.00293064,-0.0329666,-2.92273,0.00785398,0,0
3.09975,-0.00293064,0.0109901,-2.92273,0.00575959,0,0
3.09985,-0.00293064,-0.0109901,-2.92273,0.002618,0,0
3.09975,-0.00293064,0.0109901,-2.92273,-0.00575959,0,0
3.09985,-0.00293064,-0.0329666,-2.92273,0.00575959,0,0
3.09975,-0.0146523,-0.0109901,-2.92273,-0.002618,0,0
3.09994,-0.00879097,-0.0329666,-2.92273,-0.0015708,0,0
3.09985,-0.00879097,0.0109901,-2.92273,0.000523599,0,0
3.09994,-0.00879097,-0.0109901,-2.92273,0.00366519,0,0
3.09966,-0.00879097,0.0109901,-2.92273,-0.00575959,0,0
3.09975,-0.00293064,0.0109901,-2.92273,0.0015708,0,0
3.09985,-0.00293064,-0.0109901,-2.92273,0.00366519,0,0
3.09985,-0.00293064,-0.0109901,-2.92273,-0.000349066,0,0
3.09985,-0.00293064,-0.0109901,-2.92273,-0.000349066,0,0
3.09985,-0.00293064,0.0109901,-2.92273,0.0015708,0,0
3.09985,-0.00293064,-0.0109901,-2.92273,0.00785398,0,0
3.09994,-0.00293064,-0.0329666,-2.92273,0.0015708,0,0
3.09975,-0.00879097,0.0109901,-2.92273,-0.00366519,0,0
3.09985,-0.00879097,0.0109901,-2.92273,-0.000349066,0,0
3.09994,-0.0146523,-0.0329666,-2.92273,0.00907572,0,0
3.09994,-0.0146523,-0.0109901,-2.92273,0.00907572,0,0
3.09975,-0.0146523,0.0109901,-2.92273,0.0015708,0,0
3.09966,-0.00879097,0.0109901,-2.92273,0.002618,0,0
3.09985,-0.00879097,-0.0109901,-2.92273,-0.000349066,0,0
3.09985,-0.00879097,0.0109901,-2.92273,-0.002618,0,0
3.09985,-0.00879097,-0.0329666,-2.92273,0.00366519,0,0
3.09985,-0.00879097,-0.0329666,-2.92273,-0.000349066,0,0
3.09985,-0.00879097,-0.0109901,-2.92273,-0.00366519,0,0
3.09985,-0.00879097,-0.0109901,-2.92273,-0.000349066,0,0
3.09975,-0.00879097,-0.0109901,-2.92273,0.00366519,0,0
3.09994,-0.00879097,-0.0109901,-2.92273,-0.00575959,0,0
3.09985,-0.0146523,-0.0109901,-2.92273,-0.00575959,0,0
3.09985,-0.0146523,-0.0109901,-2.92273,-0.002618,0,0
3.09985,-0.00879097,0.0109901,-2.92273,-0.002618,0,0
3.09985,-0.00879097,-0.0109901,-2.92273,0.000523599,0,0
3.09985,-0.00879097,-0.0329666,-2.92273,-0.00680679,0,0
3.09985,-0.00293064,-0.0109901,-2.92273,-0.00575959,0,0
3.09985,-0.00293064,-0.0109901,-2.92273,0.0015708,0,0
3.09985,-0.00293064,0.0109901,-2.92273,0.002618,0,0
3.09985,-0.00293064,0.0109901,-2.92273,0.00575959,0,0
3.09985,-0.00293064,-0.0109901,-2.92273,-0.002618,0,0
3.09985,-0.00293064,-0.0109901,-2.92273,-0.00994838,0,0
3.09994,-0.00879097,-0.0109901,-2.92273,0.002618,0,0
3.09985,-0.00879097,-0.0109901,-2.92273,0.0153589,0,0
3.09985,-0.00293064,-0.0109901,-2.92273,0.00366519,0,0
3.09985,-0.00293064,-0.0109901,-2.92273,-0.00890118,0,0
3.09994,-0.00879097,0.0109901,-2.92273,-0.00366519,0,0
3.09985,-0.00293064,-0.0109901,-2.92273,-0.00471239,0,0
3.09994,-0.00879097,-0.0329666,-2.92273,-0.000349066,0,0
3.09975,-0.00879097,-0.0109901,-2.92273,-0.0015708,0,0
3.09985,-0.00879097,-0.0109901,-2.92273,-0.002618,0,0
3.09985,-0.00879097,-0.0109901,-2.92273,0.000523599,0,0
3.09985,-0.00879097,-0.0329666,-2.92273,-0.002618,0,0
3.09985,-0.00293064,-0.0109901,-2.92273,0.0015708,0,0
3.09985,-0.00293064,-0.0109901,-2.92273,-0.002618,0,0
3.09985,-0.00293064,-0.0109901,-2.92273,0.00575959,0,0
3.09985,-0.00293064,-0.0109901,-2.92273,0.0015708,0,0
3.09985,-0.00879097,-0.0329666,-2.92273,-0.002618,0,0
3.09985,-0.00879097,0.0109901,-2.92273,0.0015708,0,0
3.09985,-0.00879097,-0.0109901,-2.92273,0.00680679,0,0
3.09975,-0.00879097,-0.0329666,-2.92273,0.00575959,0,0
3.09985,-0.00293064,-0.0109901,-2.92273,0.00785398,0,0
3.09985,-0.00879097,-0.0109901,-2.92273,0.00907572,0,0
3.09985,-0.00879097,0.0109901,-2.92273,0.0015708,0,0
3.09975,-0.00879097,-0.0109901,-2.92273,-0.00994838,0,0
3.09994,-0.00879097,-0.0109901,-2.92273,-0.00575959,0,0
3.09985,-0.00879097,-0.0109901,-2.92273,0.002618,0,0
3.09985,-0.00293064,-0.0109901,-2.92273,0.00575959,0,0
3.09975,-0.00293064,0.0109901,-2.92273,0.002618,0,0
3.09975,-0.00879097,-0.0109901,-2.92273,0.002618,0,0
3.09994,-0.0146523,-0.0329666,-2.92273,-0.00471239,0,0
3.09975,-0.0146523,-0.0109901,-2.92273,0.00575959,0,0
3.09975,-0.00879097,-0.0329666,-2.92273,0.000523599,0,0
3.09985,-0.00293064,0.0109901,-2.92273,-0.00471239,0,0
3.09985,-0.00293064,-0.0329666,-2.92273,0.0015708,0,0
3.09985,-0.00293064,-0.0109901,-2.92273,0.00785398,0,0
3.09985,-0.00879097,-0.0109901,-2.92273,0.00471239,0,0
3.09994,-0.00879097,-0.0329666,-2.92255,0.002618,0,0
3.09985,-0.00879097,-0.0109901,-2.92255,0.00907572,0,0
3.09985,-0.00293064,0.0109901,-2.92255,0.00575959,0,0
3.09985,-0.00879097,-0.0329666,-2.92255,-0.00575959,0,0
3.09985,-0.00293064,-0.0329666,-2.92255,-0.00785398,0,0
3.09994,-0.00293064,-0.0109901,-2.92255,0.00366519,0,0
3.09975,-0.00879097,0.0109901,-2.92255,0.00680679,0,0
3.09985,-0.00879097,-0.0109901,-2.92255,0.0015708,0,0
3.09975,-0.00879097,-0.0329666,-2.92255,0.000523599,0,0
3.09985,-0.00293064,-0.0109901,-2.92255,-0.00366519,0,0
3.09985,-0.00293064,-0.0109901,-2.92255,-0.00890118,0,0
3.09975,-0.00293064,-0.0329666,-2.92273,-0.00680679,0,0
3.09966,-0.00293064,0.0109901,-2.92255,0.00785398,0,0
3.09994,-0.00293064,-0.0329666,-2.92255,0.0122173,0,0
3.09994,-0.00293064,-0.0329666,-2.92255,0.002618,0,0
3.09985,-0.00293064,-0.0109901,-2.92255,0.000523599,0,0
3.09975,-0.00293064,-0.0109901,-2.92255,-0.00680679,0,0
3.09985,-0.00293064,-0.0109901,-2.92255,0.002618,0,0
3.09985,-0.00293064,-0.0109901,-2.92255,0.00366519,0,0
3.09966,-0.00293064,-0.0109901,-2.92255,0.00471239,0,0
3.09985,-0.00293064,-0.0329666,-2.92255,-0.00575959,0,0
3.09975,-0.00293064,-0.0109901,-2.92255,0.000523599,0,0
3.09985,-0.00293064,-0.0109901,-2.92255,-0.000349066,0,0
3.09985,-0.00879097,-0.0109901,-2.92255,-0.00994838,0,0
3.09985,-0.00879097,-0.0109901,-2.92255,0.00471239,0,0
3.09975,-0.00293064,-0.0109901,-2.92255,0.00785398,0,0
3.09985,-0.00879097,-0.0109901,-2.92255,0.0015708,0,0
3.09985,-0.00293064,-0.0109901,-2.92255,0.000523599,0,0
3.09994,-0.00293064,0.0109901,-2.92255,-0.00785398,0,0
3.09975,-0.00293064,-0.0109901,-2.92255,-0.000349066,0.5,0
3.09985,-0.00879097,-0.0109901,-2.92255,0.00907572,0.5,0
3.09966,0.0380955,-0.0109901,-2.92255,-0.002618,0.5,0
3.09947,0.108425,0.0329666,-2.92255,-0.000349066,0.5,0
3.0987,0.178755,0.12088,-2.92255,0.0015708,0.5,0
3.09736,0.231502,0.274727,-2.92255,0.000523599,0.5,0
3.09554,0.272528,0.472527,-2.92255,-0.000349066,0.5,0
3.09333,0.319414,0.692307,-2.92255,0.00471239,0.5,0
3.09103,0.360439,0.846153,-2.92255,0.000523599,0.5,0
3.08854,0.389744,0.978024,-2.92255,-0.0153589,0.5,0
3.08615,0.430769,1.06593,-2.92255,-0.0153589,0.5,0
3.0848,0.51282,1,-2.92273,-0.0122173,0.5,0
3.08442,0.606593,0.758244,-2.92273,-0.0143117,0.5,0
3.08461,0.665201,0.472527,-2.92273,-0.0376991,0.5,0
3.08528,0.682784,0.20879,-2.9229,-0.0654499,0.5,0
3.08576,0.659341,0.0329666,-2.92308,-0.0802852,0.5,0
3.08605,0.612454,-0.0329666,-2.92325,-0.0834268,0.5,0
3.08567,0.553846,0.0109901,-2.92343,-0.0771436,0.5,0
3.08538,0.542125,0.0329666,-2.92343,-0.0750492,0.5,0
3.08509,0.524542,0.0988998,-2.9236,-0.0963422,0.5,0
3.08471,0.524542,0.12088,-2.92395,-0.113272,0.5,0
3.08432,0.530403,0.142857,-2.92413,-0.118682,0.5,0
3.08413,0.536263,0.142857,-2.9243,-0.11973,0.5,0
3.08365,0.536263,0.164837,-2.92465,-0.141023,0.5,0
3.08356,0.536263,0.12088,-2.925,-0.134565,0.5,0
3.08308,0.530403,0.164837,-2.92517,-0.133518,0.5,0
3.08289,0.530403,0.12088,-2.92552,-0.143117,0.5,0
3.08241,0.536263,0.142857,-2.9257,-0.146433,0.5,0
3.08231,0.536263,0.142857,-2.92605,-0.152716,0.5,0
3.08183,0.536263,0.142857,-2.92639,-0.177326,0.5,0
3.08145,0.536263,0.142857,-2.92674,-0.171915,0.5,0
3.08107,0.536263,0.164837,-2.92709,-0.171915,0.5,0
3.08059,0.530403,0.142857,-2.92744,-0.193208,0.5,0
3.0802,0.530403,0.186813,-2.92779,-0.199666,0.5,0
3.07982,0.530403,0.20879,-2.92814,-0.194255,0.5,0
3.07944,0.530403,0.186813,-2.92866,-0.203855,0.5,0
3.07905,0.530403,0.164837,-2.92901,-0.214501,0.5,0
3.07848,0.536263,0.20879,-2.92954,-0.222006,0.5,0
3.078,0.536263,0.20879,-2.92989,-0.222006,0.5,0
3.07752,0.536263,0.20879,-2.93041,-0.228464,0.5,0
3.07695,0.536263,0.23077,-2.93076,-0.232652,0.5,0
3.07647,0.536263,0.23077,-2.93128,-0.2337,0.5,0
3.07599,0.536263,0.23077,-2.93181,-0.242252,0.5,0
3.07541,0.536263,0.23077,-2.93233,-0.246441,0.5,0
3.07503,0.536263,0.23077,-2.93268,-0.252898,0.5,0
3.07445,0.536263,0.274727,-2.9332,-0.258134,0.5,0
3.07398,0.530403,0.23077,-2.93373,-0.260403,0.5,0
3.07321,0.530403,0.274727,-2.93425,-0.268781,0.5,0
3.07254,0.530403,0.296703,-2.93477,-0.274191,0.5,0
3.07196,0.524542,0.296703,-2.93547,-0.279602,0.5,0
3.0712,0.530403,0.31868,-2.93599,-0.284838,0.5,0
3.07053,0.530403,0.34066,-2.93652,-0.285885,0.5,0
3.06985,0.530403,0.31868,-2.93704,-0.294437,0.5,0
3.06909,0.536263,0.34066,-2.93774,-0.318872,0.5,0
3.06842,0.536263,0.296703,-2.93844,-0.327424,0.5,0
3.06794,0.536263,0.274727,-2.93896,-0.314683,0.5,0
3.06717,0.536263,0.31868,-2.93966,-0.31573,0.5,0
3.0665,0.536263,0.31868,-2.94036,-0.328471,0.5,0
3.06583,0.536263,0.31868,-2.94088,-0.33807,0.5,0
3.06516,0.530403,0.362637,-2.94158,-0.341387,0.5,0
3.0643,0.530403,0.34066,-2.94228,-0.348717,0.5,0
3.06343,0.530403,0.384617,-2.94298,-0.355175,0.5,0
3.06286,0.530403,0.384617,-2.94367,-0.364774,0.5,0
3.062,0.542125,0.362637,-2.94455,-0.376468,0.5,0
3.06133,0.536263,0.34066,-2.94524,-0.374373,0.5,0
3.06037,0.530403,0.362637,-2.94594,-0.37542,0.5,0
3.05951,0.530403,0.384617,-2.94682,-0.393572,0.5,0
3.05874,0.524542,0.406593,-2.94751,-0.399855,0.5,0
3.05768,0.524542,0.406593,-2.94839,-0.392525,0.5,0
3.05692,0.530403,0.406593,-2.94908,-0.406313,0.5,0
3.05596,0.536263,0.42857,-2.94996,-0.411549,0.5,0
3.05539,0.542125,0.406593,-2.95083,-0.423417,0.5,0
3.05452,0.542125,0.406593,-2.9517,-0.419054,0.5,0
3.05366,0.536263,0.406593,-2.95257,-0.430747,0.5,0
3.0527,0.524542,0.42857,-2.95327,-0.434064,0.5,0
3.05155,0.518682,0.42857,-2.95415,-0.438252,0.5,0
3.05059,0.524542,0.472527,-2.95502,-0.44471,0.5,0
3.04944,0.536263,0.494507,-2.95607,-0.458498,0.5,0
3.04868,0.542125,0.472527,-2.95694,-0.463734,0.5,0
3.04772,0.542125,0.42857,-2.95781,-0.466003,0.5,0
3.04686,0.542125,0.45055,-2.95886,-0.477697,0.5,0
3.0458,0.536263,0.472527,-2.95973,-0.474381,0.5,0
3.04465,0.536263,0.494507,-2.96078,-0.477697,0.5,0
3.04379,0.542125,0.472527,-2.96165,-0.487296,0.5,0
3.04293,0.542125,0.45055,-2.9627,-0.492532,0.5,0
3.04197,0.542125,0.45055,-2.96357,-0.506495,0.5,0
3.04101,0.536263,0.45055,-2.96462,-0.516094,0.5,0
3.03977,0.530403,0.494507,-2.96566,-0.517141,0.5,0
3.03852,0.524542,0.516483,-2.96671,-0.524472,0.5,0
3.03737,0.524542,0.53846,-2.96776,-0.520283,0.5,0
3.03612,0.530403,0.56044,-2.96881,-0.530929,0.5,0
3.03517,0.536263,0.56044,-2.96985,-0.533024,0.5,0
3.03402,0.542125,0.53846,-2.9709,-0.539482,0.5,0
3.03296,0.542125,0.53846,-2.97212,-0.548034,0.5,0
3.03191,0.542125,0.516483,-2.97317,-0.552222,0.5,0
3.03076,0.542125,0.53846,-2.97422,-0.55868,0.5,0
3.0297,0.542125,0.56044,-2.97544,-0.573515,0.5,0
3.02855,0.536263,0.516483,-2.97649,-0.569327,0.5,0
3.0275,0.536263,0.53846,-2.97771,-0.572468,0.5,0
3.02597,0.530403,0.582417,-2.97875,-0.582068,0.5,0
3.02482,0.530403,0.582417,-2.97998,-0.583115,0.5,0
3.02347,0.536263,0.604397,-2.9812,-0.589572,0.5,0
3.02233,0.536263,0.604397,-2.98242,-0.600219,0.5,0
3.02118,0.536263,0.604397,-2.98347,-0.605455,0.5,0
3.02012,0.536263,0.582417,-2.98469,-0.605455,0.5,0
3.01878,0.542125,0.604397,-2.98591,-0.604408,0.5,0
3.01773,0.547985,0.582417,-2.98713,-0.61296,0.5,0
3.01638,0.547985,0.56044,-2.98853,-0.636347,0.5,0
3.01504,0.542125,0.582417,-2.98975,-0.631111,0.5,0
3.0138,0.536263,0.626373,-2.99097,-0.617149,0.5,0
3.01245,0.530403,0.64835,-2.99219,-0.624654,0.5,0
3.01121,0.530403,0.626373,-2.99342,-0.641758,0.5,0
3.00977,0.536263,0.626373,-2.99481,-0.646994,0.5,0
3.00843,0.536263,0.626373,-2.99603,-0.645947,0.5,0
3.00718,0.536263,0.64835,-2.99726,-0.654499,0.5,0
3.00575,0.536263,0.67033,-2.99865,-0.660956,0.5,0
3.00431,0.542125,0.67033,-2.99987,-0.660956,0.5,0
3.00316,0.542125,0.64835,-3.00127,-0.660956,0.5,0
3.00191,0.542125,0.64835,-3.00267,-0.67265,0.5,0
3.00038,0.542125,0.64835,-3.00389,-0.679981,0.5,0
2.99904,0.536263,0.64835,-3.00528,-0.683297,0.5,0
2.9976,0.530403,0.626373,-3.00668,-0.685391,0.5,0
2.99626,0.524542,0.714287,-3.00808,-0.685391,0.5,0
2.99463,0.524542,0.692307,-3.00947,-0.69499,0.5,0
2.993,0.518682,0.714287,-3.01087,-0.701448,0.5,0
2.99166,0.530403,0.758244,-3.01226,-0.698132,0.5,0
2.99032,0.536263,0.714287,-3.01366,-0.714189,0.5,0
2.98869,0.542125,0.714287,-3.01506,-0.723788,0.5,0
2.98744,0.547985,0.67033,-3.01645,-0.714189,0.5,0
2.98591,0.536263,0.714287,-3.01785,-0.709826,0.5,0
2.98438,0.530403,0.736263,-3.01942,-0.734435,0.5,0
2.98284,0.518682,0.714287,-3.02082,-0.745081,0.5,0
2.98122,0.518682,0.736263,-3.02221,-0.735482,0.5,0
2.97959,0.530403,0.802197,-3.02378,-0.741765,0.5,0
2.97805,0.536263,0.758244,-3.02518,-0.74927,0.5,0
2.97652,0.542125,0.758244,-3.02675,-0.747176,0.5,0
2.97499,0.547985,0.758244,-3.02832,-0.756775,0.5,0
2.97336,0.536263,0.714287,-3.02972,-0.760964,0.5,0
2.97182,0.536263,0.736263,-3.03129,-0.775974,0.5,0
2.97039,0.530403,0.758244,-3.03286,-0.784526,0.5,0
2.96857,0.530403,0.802197,-3.03443,-0.779115,0.5,0
2.96694,0.536263,0.78022,-3.036,-0.784526,0.5,0
2.96531,0.536263,0.824177,-3.03757,-0.799361,0.5,0
2.96349,0.536263,0.78022,-3.03914,-0.80896,0.5,0
2.96186,0.536263,0.846153,-3.04071,-0.810008,0.5,0
2.96004,0.536263,0.802197,-3.04246,-0.802503,0.5,0
2.9586,0.542125,0.846153,-3.04403,-0.80896,0.5,0
2.95697,0.542125,0.802197,-3.0456,-0.816465,0.5,0
2.95525,0.542125,0.802197,-3.04717,-0.816465,0.5,0
2.95381,0.547985,0.78022,-3.04892,-0.829206,0.5,0
2.95218,0.547985,0.802197,-3.05049,-0.845089,0.5,0
2.95036,0.542125,0.824177,-3.05223,-0.849452,0.5,0
2.94854,0.536263,0.824177,-3.05398,-0.847358,0.5,0
2.94662,0.530403,0.868134,-3.05555,-0.845089,0.5,0
2.94518,0.536263,0.846153,-3.05729,-0.847358,0.5,0
2.94327,0.542125,0.846153,-3.05904,-0.866556,0.5,0
2.94173,0.553846,0.868134,-3.06079,-0.86324,0.5,0
2.94011,0.547985,0.802197,-3.06253,-0.869698,0.5,0
2.93838,0.547985,0.846153,-3.06428,-0.869698,0.5,0
2.93656,0.536263,0.824177,-3.06602,-0.87825,0.5,0
2.93464,0.530403,0.89011,-3.06777,-0.87825,0.5,0
2.93273,0.524542,0.89011,-3.06951,-0.880344,0.5,0
2.931,0.536263,0.912086,-3.07126,-0.887849,0.5,0
2.92918,0.536263,0.956043,-3.073,-0.886802,0.5,0
2.92746,0.542125,0.868134,-3.07475,-0.893085,0.5,0
2.92564,0.536263,0.89011,-3.07649,-0.898496,0.5,0
2.92391,0.536263,0.868134,-3.07841,-0.904779,0.5,0
2.9219,0.530403,0.912086,-3.08016,-0.912284,0.5,0
2.92017,0.524542,0.912086,-3.0819,-0.912284,0.5,0
2.91787,0.524542,0.978024,-3.08382,-0.91019,0.5,0
2.91634,0.524542,0.934067,-3.08557,-0.917695,0.5,0
2.91423,0.536263,0.934067,-3.08749,-0.920836,0.5,0
2.91251,0.542125,0.912086,-3.08923,-0.929388,0.5,0
2.91078,0.542125,0.934067,-3.09115,-0.936719,0.5,0
2.90887,0.542125,0.89011,-3.09307,-0.950681,0.5,0
2.90705,0.536263,0.89011,-3.09499,-0.944224,0.5,0
2.90503,0.530403,0.934067,-3.09674,-0.935671,0.5,0
2.90273,0.524542,0.978024,-3.09866,-0.940035,0.5,0
2.90101,0.524542,0.956043,-3.10058,-0.949634,0.5,0
2.89909,0.536263,0.978024,-3.1025,-0.956964,0.5,0
2.89689,0.536263,0.978024,-3.10442,-0.963422,0.5,0
2.89516,0.536263,0.956043,-3.10634,-0.958012,0.5,0
2.89296,0.536263,1.02198,-3.10826,-0.961328,0.5,0
2.89104,0.536263,0.978024,-3.11018,-0.974069,0.5,0
2.88893,0.542125,0.978024,-3.1121,-0.983668,0.5,0
2.88692,0.542125,0.978024,-3.11402,-0.980526,0.5,0
2.88501,0.542125,1,-3.11594,-0.973021,0.5,0
2.88318,0.536263,0.978024,-3.11786,-0.983668,0.5,0
2.88088,0.536263,1,-3.11995,-0.994314,0.5,0
2.87906,0.542125,1,-3.12187,-0.995362,0.5,0
2.87696,0.536263,0.978024,-3.12397,-1.00391,0.5,0
2.87485,0.542125,0.978024,-3.12589,-1.01037,0.5,0
2.87293,0.542125,1,-3.12798,-1.00182,0.5,0
2.87101,0.542125,1,-3.1299,-1.00601,0.5,0
2.86919,0.547985,0.956043,-3.13199,-1.02102,0.5,0
2.86718,0.542125,0.978024,-3.13391,-1.02625,0.5,0
2.86517,0.547985,0.956043,-3.13601,-1.01665,0.5,0
2.86335,0.542125,0.934067,-3.1381,-1.02102,0.5,0
2.86124,0.536263,0.978024,-3.14002,-1.03166,0.5,0
2.85894,0.518682,1.02198,3.1409,-1.02311,0.5,0
2.85683,0.518682,1.02198,3.1388,-1.02311,0.5,0
2.85453,0.524542,1.06593,3.13671,-1.03585,0.5,0
2.85262,0.530403,1.06593,3.13479,-1.04231,0.5,0
2.85041,0.536263,1.04396,3.13269,-1.04441,0.5,0
2.84802,0.536263,1.08791,3.1306,-1.04441,0.5,0
2.846,0.530403,1.06593,3.1285,-1.04441,0.5,0
2.8438,0.530403,1.06593,3.12641,-1.03899,0.5,0
2.84179,0.536263,1.04396,3.12432,-1.05296,0.5,0
2.83958,0.536263,1.04396,3.12222,-1.0636,0.5,0
2.83728,0.536263,1.06593,3.12013,-1.06779,0.5,0
2.83518,0.536263,1.08791,3.11786,-1.0657,0.5,0
2.83307,0.524542,1.06593,3.11576,-1.07093,0.5,0
2.83058,0.518682,1.08791,3.11367,-1.07216,0.5,0
2.82847,0.524542,1.10989,3.11157,-1.06779,0.5,0
2.82626,0.530403,1.13187,3.10948,-1.07216,0.5,0
2.82416,0.547985,1.10989,3.10721,-1.08594,0.5,0
2.82195,0.547985,1.08791,3.10512,-1.09118,0.5,0
2.81946,0.542125,1.06593,3.10285,-1.08804,0.5,0
2.81754,0.542125,1.08791,3.10075,-1.08804,0.5,0
2.81534,0.536263,1.06593,3.09848,-1.10078,0.5,0
2.81314,0.542125,1.08791,3.09639,-1.10619,0.5,0
2.81084,0.542125,1.08791,3.09412,-1.10183,0.5,0
2.80863,0.536263,1.10989,3.09203,-1.09554,0.5,0
2.80652,0.536263,1.08791,3.08976,-1.10619,0.5,0
2.80413,0.536263,1.10989,3.08749,-1.12434,0.5,0
2.80164,0.536263,1.13187,3.08522,-1.12958,0.5,0
2.79953,0.547985,1.13187,3.08295,-1.12644,0.5,0
2.79742,0.553846,1.13187,3.08086,-1.12748,0.5,0
2.79522,0.553846,1.10989,3.07859,-1.12958,0.5,0
2.79292,0.542125,1.10989,3.07632,-1.13708,0.5,0
2.79062,0.536263,1.08791,3.07405,-1.14982,0.5,0
2.78832,0.536263,1.13187,3.07178,-1.14232,0.5,0
2.78592,0.530403,1.10989,3.06951,-1.14337,0.5,0
2.78333,0.536263,1.1978,3.06707,-1.14982,0.5,0
2.78113,0.536263,1.17582,3.0648,-1.14982,0.5,0
2.77893,0.542125,1.15385,3.06253,-1.15296,0.5,0
2.77663,0.542125,1.13187,3.06026,-1.15733,0.5,0
2.77433,0.542125,1.15385,3.05799,-1.16361,0.5,0
2.77193,0.530403,1.15385,3.05555,-1.15942,0.5,0
2.76944,0.530403,1.15385,3.05328,-1.15419,0.5,0
2.76695,0.530403,1.15385,3.05101,-1.16797,0.5,0
2.76465,0.530403,1.17582,3.04857,-1.18176,0.5,0
2.76235,0.536263,1.17582,3.0463,-1.17426,0.5,0
2.75986,0.524542,1.1978,3.04403,-1.16902,0.5,0
2.75736,0.524542,1.1978,3.04159,-1.16902,0.5,0
2.75497,0.536263,1.1978,3.03932,-1.18281,0.5,0
2.75257,0.542125,1.21978,3.03687,-1.19241,0.5,0
2.75008,0.547985,1.21978,3.03461,-1.20201,0.5,0
2.74769,0.536263,1.1978,3.03216,-1.19677,0.5,0
2.745,0.536263,1.1978,3.02972,-1.1945,0.5,0
2.7427,0.530403,1.21978,3.02745,-1.20096,0.5,0
2.74021,0.542125,1.21978,3.02501,-1.19887,0.5,0
2.73753,0.547985,1.26374,3.02256,-1.21056,0.5,0
2.73532,0.547985,1.21978,3.02012,-1.21597,0.5,0
2.73274,0.542125,1.24176,3.01768,-1.21475,0.5,0
2.73034,0.542125,1.17582,3.01541,-1.20847,0.5,0
2.72804,0.542125,1.1978,3.01296,-1.21475,0.5,0
2.72517,0.542125,1.21978,3.01052,-1.22016,0.5,0
2.72296,0.542125,1.21978,3.00808,-1.23081,0.5,0
2.72066,0.542125,1.1978,3.00563,-1.23936,0.5,0
2.71846,0.536263,1.17582,3.00301,-1.23936,0.5,0
2.71578,0.536263,1.21978,3.00057,-1.23726,0.5,0
2.71319,0.536263,1.21978,2.99813,-1.24355,0.5,0
2.71089,0.542125,1.21978,2.99568,-1.25105,0.5,0
2.70849,0.536263,1.24176,2.99324,-1.2425,0.5,0
2.70552,0.536263,1.24176,2.99062,-1.25001,0.5,0
2.70322,0.536263,1.24176,2.98818,-1.25751,0.5,0
2.70063,0.536263,1.26374,2.98574,-1.2596,0.5,0
2.69814,0.530403,1.26374,2.98312,-1.26589,0.5,0
2.69556,0.524542,1.28571,2.98067,-1.27025,0.5,0
2.69287,0.524542,1.28571,2.97806,-1.26484,0.5,0
2.69029,0.530403,1.30769,2.97561,-1.26379,0.5,0
2.68779,0.536263,1.26374,2.973,-1.26816,0.5,0
2.68492,0.536263,1.24176,2.97055,-1.28945,0.5,0
2.68262,0.530403,1.26374,2.96793,-1.28613,0.5,0
2.67994,0.530403,1.26374,2.96532,-1.28404,0.5,0
2.67744,0.536263,1.28571,2.96287,-1.27653,0.5,0
2.67486,0.542125,1.26374,2.96025,-1.28299,0.5,0
2.67227,0.530403,1.28571,2.95764,-1.29259,0.5,0
2.66968,0.530403,1.28571,2.95519,-1.29905,0.5,0
2.667,0.530403,1.28571,2.95257,-1.29469,0.5,0
2.66422,0.536263,1.32967,2.94996,-1.29905,0.5,0
2.66173,0.542125,1.26374,2.94734,-1.31179,0.5,0
2.65924,0.542125,1.28571,2.94472,-1.31493,0.5,0
2.65655,0.536263,1.28571,2.9421,-1.31284,0.5,0
2.65387,0.536263,1.30769,2.93948,-1.31179,0.5,0
2.65138,0.536263,1.30769,2.93687,-1.32139,0.5,0
2.6486,0.542125,1.30769,2.93425,-1.32348,0.5,0
2.64611,0.536263,1.30769,2.93163,-1.31807,0.5,0
2.64323,0.542125,1.30769,2.92901,-1.32558,0.5,0
2.64084,0.536263,1.30769,2.92639,-1.33204,0.5,0
2.63825,0.536263,1.30769,2.9236,-1.33832,0.5,0
2.63519,0.542125,1.35165,2.92098,-1.34268,0.5,0
2.63269,0.536263,1.32967,2.91837,-1.33518,0.5,0
2.62991,0.530403,1.32967,2.91557,-1.34373,0.5,0
2.62694,0.524542,1.3956,2.91296,-1.35542,0.5,0
2.62407,0.530403,1.3956,2.91034,-1.34059,0.5,0
2.62081,0.530403,1.41758,2.90755,-1.34792,0.5,0
2.61851,0.530403,1.3956,2.90493,-1.35647,0.5,0
2.61573,0.530403,1.35165,2.90213,-1.35752,0.5,0
2.61295,0.530403,1.37363,2.89952,-1.35542,0.5,0
2.61008,0.530403,1.3956,2.89672,-1.35856,0.5,0
2.6072,0.530403,1.41758,2.89411,-1.35647,0.5,0
2.60442,0.542125,1.3956,2.89131,-1.37148,0.5,0
2.60193,0.542125,1.32967,2.88852,-1.37462,0.5,0
2.59887,0.542125,1.37363,2.8859,-1.37672,0.5,0
2.59628,0.530403,1.3956,2.88311,-1.38946,0.5,0
2.59321,0.530403,1.3956,2.88032,-1.39277,0.5,0
2.59043,0.542125,1.41758,2.87753,-1.38736,0.5,0
2.58775,0.547985,1.35165,2.87473,-1.39173,0.5,0
2.58507,0.542125,1.37363,2.87194,-1.39696,0.5,0
2.58229,0.536263,1.37363,2.86915,-1.4097,0.5,0
2.57951,0.536263,1.32967,2.86636,-1.40761,0.5,0
2.57664,0.542125,1.37363,2.86356,-1.4097,0.5,0
2.57395,0.542125,1.3956,2.86077,-1.4193,0.5,0
2.57127,0.542125,1.37363,2.8578,-1.42785,0.5,0
2.56859,0.542125,1.32967,2.85501,-1.41511,0.5,0
2.56562,0.542125,1.3956,2.85222,-1.41197,0.5,0
2.56284,0.542125,1.37363,2.84943,-1.42785,0.5,0
2.56015,0.536263,1.3956,2.84663,-1.43222,0.5,0
2.55728,0.530403,1.3956,2.84367,-1.43536,0.5,0
2.55402,0.530403,1.41758,2.84087,-1.44164,0.5,0
2.55134,0.530403,1.43956,2.83791,-1.44496,0.5,0
2.54856,0.530403,1.43956,2.83511,-1.43536,0.5,0
2.54549,0.530403,1.43956,2.83215,-1.43745,0.5,0
2.54271,0.530403,1.43956,2.82935,-1.44601,0.5,0
2.53965,0.530403,1.46154,2.82639,-1.45124,0.5,0
2.53668,0.542125,1.46154,2.82359,-1.4577,0.5,0
2.53399,0.542125,1.43956,2.82063,-1.44705,0.5,0
2.53093,0.542125,1.3956,2.81766,-1.45561,0.5,0
2.52834,0.536263,1.43956,2.81487,-1.46416,0.5,0
2.52518,0.536263,1.43956,2.8119,-1.46625,0.5,0
2.52211,0.524542,1.43956,2.80893,-1.46625,0.5,0
2.51933,0.524542,1.46154,2.80597,-1.47044,0.5,0
2.51626,0.530403,1.48352,2.80317,-1.47585,0.5,0
2.5131,0.536263,1.50549,2.80021,-1.48964,0.5,0
2.51032,0.536263,1.46154,2.79724,-1.49505,0.5,0
2.50697,0.542125,1.46154,2.79427,-1.49278,0.5,0
2.50429,0.547985,1.48352,2.79131,-1.48754,0.5,0
2.50151,0.547985,1.46154,2.78816,-1.49819,0.5,0
2.49844,0.547985,1.46154,2.7852,-1.494,0.5,0
2.49537,0.542125,1.48352,2.78223,-1.50343,0.5,0
2.4925,0.547985,1.41758,2.77926,-1.50988,0.5,0
2.48953,0.542125,1.46154,2.7763,-1.51093,0.5,0
2.48656,0.542125,1.48352,2.77333,-1.50779,0.5,0
2.4833,0.530403,1.48352,2.77019,-1.50884,0.5,0
2.48014,0.524542,1.50549,2.76722,-1.51198,0.5,0
2.47717,0.524542,1.50549,2.76425,-1.51634,0.5,0
2.4741,0.530403,1.54945,2.76111,-1.5153,0.5,0
2.47084,0.524542,1.54945,2.75814,-1.52489,0.5,0
2.46787,0.524542,1.57143,2.75518,-1.52158,0.5,0
2.46461,0.530403,1.54945,2.75204,-1.51634,0.5,0
2.46155,0.530403,1.59341,2.74907,-1.51634,0.5,0
2.45819,0.536263,1.54945,2.74593,-1.53013,0.5,0
2.45532,0.536263,1.52747,2.74296,-1.54078,0.5,0
2.45235,0.542125,1.54945,2.73982,-1.53118,0.5,0
2.44899,0.547985,1.54945,2.73685,-1.54392,0.5,0
2.44593,0.542125,1.54945,2.73371,-1.54514,0.5,0
2.44286,0.542125,1.54945,2.73074,-1.53764,0.5,0
2.43989,0.542125,1.54945,2.7276,-1.54724,0.5,0
2.43673,0.542125,1.54945,2.72446,-1.56416,0.5,0
2.43347,0.542125,1.54945,2.72132,-1.55683,0.5,0
2.4305,0.542125,1.54945,2.71818,-1.56207,0.5,0
2.42762,0.542125,1.52747,2.71504,-1.56643,0.5,0
2.42456,0.542125,1.52747,2.71207,-1.56207,0.5,0
2.42149,0.547985,1.48352,2.70893,-1.56643,0.5,0
2.41852,0.553846,1.48352,2.70579,-1.57272,0.5,0
2.41565,0.553846,1.48352,2.70264,-1.57603,0.5,0
2.41258,0.547985,1.50549,2.6995,-1.57917,0.5,0
2.40932,0.542125,1.48352,2.69636,-1.58336,0.5,0
2.40616,0.530403,1.52747,2.69322,-1.57272,0.5,0
2.403,0.524542,1.57143,2.69008,-1.57813,0.5,0
2.39974,0.524542,1.59341,2.68694,-1.58441,0.5,0
2.39648,0.518682,1.57143,2.68362,-1.58773,0.5,0
2.39313,0.518682,1.61538,2.68048,-1.58232,0.5,0
2.39006,0.524542,1.61538,2.67734,-1.58877,0.5,0
2.38671,0.524542,1.61538,2.67419,-1.5961,0.5,0
2.38335,0.530403,1.57143,2.67105,-1.59942,0.5,0
2.38048,0.536263,1.57143,2.66774,-1.60361,0.5,0
2.37732,0.542125,1.57143,2.6646,-1.59942,0.5,0
2.37406,0.542125,1.57143,2.66145,-1.60256,0.5,0
2.3709,0.542125,1.57143,2.65814,-1.60693,0.5,0
2.36745,0.536263,1.61538,2.655,-1.60466,0.5,0
2.36428,0.536263,1.61538,2.65185,-1.61757,0.5,0
2.36083,0.530403,1.63736,2.64854,-1.62385,0.5,0
2.35738,0.536263,1.65934,2.6454,-1.61862,0.5,0
2.35422,0.530403,1.63736,2.64208,-1.63031,0.5,0
2.35087,0.536263,1.63736,2.63876,-1.63241,0.5,0
2.34761,0.542125,1.63736,2.63562,-1.63136,0.5,0
2.34445,0.553846,1.63736,2.63231,-1.63782,0.5,0
2.34128,0.559707,1.61538,2.62899,-1.63136,0.5,0
2.33812,0.553846,1.61538,2.62567,-1.64846,0.5,0
2.33477,0.547985,1.59341,2.62253,-1.65056,0.5,0
2.33141,0.542125,1.59341,2.61922,-1.64096,0.5,0
2.32835,0.536263,1.59341,2.6159,-1.64096,0.5,0
2.32499,0.530403,1.63736,2.61258,-1.64515,0.5,0
2.32164,0.524542,1.61538,2.60927,-1.65265,0.5,0
2.31819,0.524542,1.65934,2.60613,-1.6462,0.5,0
2.31474,0.530403,1.68132,2.60281,-1.65265,0.5,0
2.31158,0.524542,1.65934,2.59949,-1.66225,0.5,0
2.30813,0.530403,1.63736,2.59618,-1.66435,0.5,0
2.30458,0.530403,1.65934,2.59286,-1.66435,0.5,0
2.30142,0.536263,1.68132,2.58955,-1.66871,0.5,0
2.29807,0.536263,1.65934,2.58623,-1.66976,0.5,0
2.2949,0.542125,1.65934,2.58274,-1.67395,0.5,0
2.29146,0.542125,1.65934,2.57942,-1.67395,0.5,0
2.28801,0.542125,1.68132,2.57611,-1.67813,0.5,0
2.28475,0.542125,1.65934,2.57279,-1.69629,0.5,0
2.28111,0.542125,1.7033,2.5693,-1.69,0.5,0
2.27746,0.536263,1.72527,2.56598,-1.68878,0.5,0
2.2744,0.536263,1.7033,2.56267,-1.68564,0.5,0
2.27104,0.542125,1.68132,2.55935,-1.69314,0.5,0
2.2675,0.547985,1.68132,2.55586,-1.70589,0.5,0
2.26434,0.542125,1.7033,2.55255,-1.70274,0.5,0
2.26079,0.536263,1.7033,2.54905,-1.7017,0.5,0
2.25734,0.536263,1.68132,2.54574,-1.7017,0.5,0
2.25389,0.536263,1.7033,2.54225,-1.70589,0.5,0
2.24987,0.524542,1.72527,2.53893,-1.70693,0.5,0
2.2467,0.518682,1.72527,2.53544,-1.70589,0.5,0
2.24325,0.524542,1.74725,2.53195,-1.71758,0.5,0
2.23952,0.524542,1.76923,2.52863,-1.71967,0.5,0
2.23588,0.518682,1.79121,2.52514,-1.72299,0.5,0
2.23204,0.524542,1.83516,2.52165,-1.72613,0.5,0
2.2284,0.524542,1.81319,2.51834,-1.72823,0.5,0
2.22486,0.530403,1.81319,2.51485,-1.72718,0.5,0
2.22102,0.524542,1.81319,2.51136,-1.72613,0.5,0
2.21757,0.530403,1.81319,2.50786,-1.73573,0.5,0
2.21403,0.542125,1.76923,2.50437,-1.74324,0.5,0
2.21048,0.542125,1.76923,2.50106,-1.73573,0.5,0
2.20703,0.547985,1.76923,2.49757,-1.74324,0.5,0
2.20387,0.547985,1.72527,2.4939,-1.76017,0.5,0
2.20032,0.553846,1.72527,2.49041,-1.75807,0.5,0
2.19687,0.547985,1.68132,2.48692,-1.75057,0.5,0
2.19323,0.547985,1.7033,2.48343,-1.75283,0.5,0
2.19007,0.542125,1.7033,2.47994,-1.76872,0.5,0
2.18662,0.536263,1.7033,2.47645,-1.77413,0.5,0
2.18307,0.530403,1.7033,2.47296,-1.77203,0.5,0
2.17963,0.530403,1.72527,2.46929,-1.75912,0.5,0
2.17589,0.530403,1.76923,2.4658,-1.76976,0.5,0
2.17225,0.524542,1.79121,2.46231,-1.77622,0.5,0
2.1687,0.530403,1.76923,2.45882,-1.77413,0.5,0
2.16487,0.536263,1.76923,2.45516,-1.77413,0.5,0
2.16142,0.530403,1.76923,2.45167,-1.78041,0.5,0
2.15787,0.536263,1.79121,2.44817,-1.78373,0.5,0
2.15442,0.536263,1.79121,2.44451,-1.78477,0.5,0
2.15078,0.530403,1.76923,2.44102,-1.79106,0.5,0
2.14704,0.524542,1.81319,2.43735,-1.79106,0.5,0
2.1434,0.524542,1.81319,2.43386,-1.78687,0.5,0
2.13967,0.530403,1.81319,2.4302,-1.80502,0.5,0
2.13583,0.530403,1.83516,2.42671,-1.80293,0.5,0
2.13229,0.542125,1.83516,2.42304,-1.79961,0.5,0
2.12855,0.542125,1.79121,2.41938,-1.80816,0.5,0
2.12539,0.553846,1.79121,2.41571,-1.81776,0.5,0
2.12184,0.553846,1.74725,2.41222,-1.81567,0.5,0
2.1183,0.559707,1.74725,2.40856,-1.8209,0.5,0
2.11494,0.559707,1.7033,2.40489,-1.82841,0.5,0
2.11121,0.547985,1.72527,2.40123,-1.82317,0.5,0
2.10708,0.530403,1.81319,2.39756,-1.83905,0.5,0
2.10373,0.524542,1.81319,2.39389,-1.83487,0.5,0
2.09999,0.518682,1.83516,2.39023,-1.8305,0.5,0
2.09597,0.518682,1.87912,2.38656,-1.83801,0.5,0
2.09233,0.524542,1.9011,2.3829,-1.83696,0.5,0
2.08859,0.530403,1.87912,2.37923,-1.82841,0.5,0
2.08495,0.530403,1.83516,2.37557,-1.84551,0.5,0
2.08102,0.530403,1.85714,2.3719,-1.85721,0.5,0
2.07728,0.542125,1.85714,2.36824,-1.8518,0.5,0
2.07393,0.536263,1.81319,2.3644,-1.85616,0.5,0
2.07019,0.542125,1.81319,2.36073,-1.85825,0.5,0
2.06655,0.542125,1.83516,2.35707,-1.85616,0.5,0
2.06281,0.536263,1.83516,2.3534,-1.86576,0.5,0
2.05908,0.536263,1.83516,2.34956,-1.86349,0.5,0
2.05524,0.536263,1.85714,2.3459,-1.87414,0.5,0
2.05151,0.542125,1.85714,2.34206,-1.87745,0.5,0
2.04767,0.542125,1.85714,2.33839,-1.88705,0.5,0
2.04432,0.547985,1.85714,2.33455,-1.88059,0.5,0
2.04058,0.553846,1.81319,2.33089,-1.88496,0.5,0
2.03713,0.547985,1.79121,2.32705,-1.8977,0.5,0
2.03349,0.547985,1.79121,2.32321,-1.8977,0.5,0
2.02975,0.542125,1.79121,2.31954,-1.8956,0.5,0
2.02592,0.536263,1.81319,2.3157,-1.8956,0.5,0
2.02228,0.524542,1.85714,2.31186,-1.90084,0.5,0
2.01806,0.518682,1.9011,2.30802,-1.8977,0.5,0
2.01404,0.518682,1.94505,2.30436,-1.90834,0.5,0
2.0102,0.518682,1.96703,2.30052,-1.91044,0.5,0
2.00627,0.530403,1.94505,2.29668,-1.91358,0.5,0
2.00235,0.536263,1.92308,2.29284,-1.91463,0.5,0
1.99851,0.536263,1.94505,2.289,-1.91794,0.5,0
1.99478,0.553846,1.92308,2.28516,-1.92318,0.5,0
1.99113,0.553846,1.87912,2.28132,-1.92859,0.5,0
1.98692,0.547985,1.87912,2.27748,-1.93173,0.5,0
1.98356,0.547985,1.87912,2.27364,-1.93714,0.5,0
1.97992,0.542125,1.87912,2.26963,-1.94447,0.5,0
1.97571,0.536263,1.9011,2.26579,-1.93924,0.5,0
1.97206,0.530403,1.9011,2.26195,-1.95198,0.5,0
1.96814,0.530403,1.94505,2.25811,-1.95302,0.5,0
1.96411,0.536263,1.94505,2.25409,-1.95407,0.5,0
1.96009,0.536263,1.96703,2.25025,-1.94988,0.5,0
1.95558,0.542125,1.98901,2.24641,-1.94884,0.5,0
1.95232,0.542125,1.92308,2.2424,-1.95407,0.5,0
1.94859,0.536263,1.92308,2.23856,-1.97222,0.5,0
1.94456,0.536263,1.94505,2.23455,-1.97973,0.5,0
1.94063,0.536263,1.94505,2.23053,-1.97118,0.5,0
1.93642,0.524542,1.96703,2.22669,-1.96908,0.5,0
1.93258,0.524542,1.98901,2.22268,-1.98077,0.5,0
1.92856,0.524542,2.01099,2.21866,-1.99247,0.5,0
1.92434,0.530403,1.98901,2.21482,-1.98496,0.5,0
1.92051,0.536263,1.98901,2.21081,-1.97641,0.5,0
1.91639,0.536263,2.01099,2.2068,-1.98933,0.5,0
1.91236,0.536263,2.01099,2.20278,-1.99561,0.5,0
1.90844,0.547985,1.98901,2.19894,-1.99352,0.5,0
1.90489,0.553846,1.94505,2.19493,-1.99456,0.5,0
1.90087,0.547985,1.94505,2.19091,-2.00626,0.5,0
1.89694,0.547985,1.94505,2.1869,-2.00312,0.5,0
1.89291,0.553846,1.94505,2.18288,-2.00626,0.5,0
1.88937,0.553846,1.92308,2.17887,-2.00853,0.5,0
1.88534,0.542125,1.96703,2.17486,-2.01271,0.5,0
1.88141,0.536263,1.96703,2.17084,-2.02336,0.5,0
1.87729,0.530403,1.96703,2.16665,-2.02231,0.5,0
1.87298,0.518682,2.03297,2.16264,-2.01795,0.5,0
1.86876,0.518682,2.03297,2.15862,-2.01481,0.5,0
1.86474,0.524542,2.0989,2.15461,-2.02546,0.5,0
1.86033,0.524542,2.07692,2.1506,-2.04047,0.5,0
1.8564,0.524542,2.05495,2.14658,-2.02755,0.5,0
1.85228,0.530403,2.03297,2.14239,-2.02755,0.5,0
1.84835,0.536263,2.05495,2.13838,-2.04256,0.5,0
1.84404,0.536263,2.07692,2.13436,-2.04256,0.5,0
1.83992,0.542125,2.05495,2.13018,-2.05006,0.5,0
1.8357,0.536263,2.07692,2.12616,-2.05216,0.5,0
1.83149,0.542125,2.0989,2.12197,-2.05321,0.5,0
1.82746,0.547985,2.03297,2.11778,-2.06385,0.5,0
1.82344,0.547985,2.03297,2.11377,-2.06595,0.5,0
1.81951,0.553846,2.03297,2.10958,-2.07555,0.5,0
1.81548,0.553846,2.01099,2.10539,-2.07136,0.5,0
1.81146,0.542125,2.01099,2.10138,-2.07136,0.5,0
1.80743,0.542125,2.01099,2.09719,-2.07031,0.5,0
1.80322,0.530403,2.03297,2.093,-2.07555,0.5,0
1.79919,0.518682,2.03297,2.08881,-2.07659,0.5,0
1.79421,0.51282,2.0989,2.08462,-2.08305,0.5,0
1.79038,0.518682,2.0989,2.08043,-2.08933,0.5,0
1.78616,0.51282,2.12088,2.07642,-2.08515,0.5,0
1.78175,0.524542,2.12088,2.07223,-2.08933,0.5,0
1.77763,0.536263,2.12088,2.06804,-2.09474,0.5,0
1.77342,0.542125,2.0989,2.06385,-2.09684,0.5,0
1.7692,0.547985,2.14286,2.05966,-2.09893,0.5,0
1.76479,0.547985,2.14286,2.05547,-2.10225,0.5,0
1.76058,0.547985,2.0989,2.05111,-2.10644,0.5,0
1.75665,0.547985,2.07692,2.04692,-2.10958,0.5,0
1.75253,0.542125,2.07692,2.04273,-2.11063,0.5,0
1.74821,0.536263,2.07692,2.03855,-2.11709,0.5,0
1.744,0.547985,2.07692,2.03418,-2.12145,0.5,0
1.73997,0.547985,2.05495,2.02999,-2.12564,0.5,0
1.73566,0.536263,2.07692,2.0258,-2.12668,0.5,0
1.73154,0.542125,2.05495,2.02144,-2.13314,0.5,0
1.72713,0.536263,2.05495,2.01725,-2.14152,0.5,0
1.72311,0.524542,2.0989,2.01289,-2.12668,0.5,0
1.7186,0.518682,2.12088,2.0087,-2.12983,0.5,0
1.71429,0.518682,2.14286,2.00451,-2.13838,0.5,0
1.70988,0.50696,2.16484,2.00015,-2.13733,0.5,0
1.70528,0.51282,2.20879,1.99578,-2.14379,0.5,0
1.70088,0.524542,2.16484,1.9916,-2.14152,0.5,0
1.69637,0.530403,2.18681,1.98723,-2.13838,0.5,0
1.69177,0.536263,2.25275,1.98304,-2.14152,0.5,0
1.68756,0.542125,2.23077,1.97868,-2.15758,0.5,0
1.68315,0.547985,2.16484,1.97432,-2.15653,0.5,0
1.67903,0.553846,2.18681,1.97013,-2.15758,0.5,0
1.67481,0.559707,2.16484,1.96577,-2.16403,0.5,0
1.67059,0.565568,2.0989,1.9614,-2.16927,0.5,0
1.66628,0.559707,2.12088,1.95704,-2.16403,0.5,0
1.66216,0.553846,2.0989,1.95268,-2.16822,0.5,0
1.65756,0.542125,2.0989,1.94849,-2.16613,0.5,0
1.65344,0.530403,2.14286,1.94412,-2.16403,0.5,0
1.64894,0.518682,2.16484,1.93976,-2.17678,0.5,0
1.64453,0.518682,2.16484,1.9354,-2.18323,0.5,0
1.64012,0.530403,2.20879,1.93103,-2.17241,0.5,0
1.63562,0.518682,2.18681,1.92667,-2.17137,0.5,0
1.63131,0.530403,2.18681,1.92231,-2.17241,0.5,0
1.6269,0.536263,2.20879,1.91794,-2.17782,0.5,0
1.62201,0.530403,2.18681,1.91358,-2.17887,0.5,0
1.61789,0.536263,2.18681,1.90922,-2.17678,0.5,0
1.61358,0.536263,2.20879,1.90485,-2.18637,0.5,0
1.60907,0.536263,2.20879,1.90049,-2.19388,0.5,0
1.60467,0.542125,2.20879,1.89613,-2.19161,0.5,0
1.60045,0.553846,2.18681,1.89176,-2.19493,0.5,0
1.59614,0.559707,2.18681,1.8874,-2.19597,0.5,0
1.59192,0.559707,2.14286,1.88286,-2.20016,0.5,0
1.58742,0.559707,2.14286,1.8785,-2.19597,0.5,0
1.58349,0.547985,2.14286,1.87414,-2.20226,0.5,0
1.57898,0.536263,2.14286,1.86977,-2.20016,0.5,0
1.57419,0.524542,2.18681,1.86541,-2.20121,0.5,0
1.56959,0.518682,2.23077,1.86087,-2.19597,0.5,0
1.5649,0.518682,2.23077,1.85651,-2.20226,0.5,0
1.56039,0.51282,2.2967,1.85214,-2.20453,0.5,0
1.5556,0.518682,2.2967,1.84761,-2.20662,0.5,0
1.55071,0.530403,2.27473,1.84324,-2.21413,0.5,0
1.54659,0.530403,2.2967,1.83888,-2.20976,0.5,0
1.54228,0.536263,2.25275,1.83434,-2.20872,0.5,0
1.53768,0.547985,2.25275,1.82998,-2.21622,0.5,0
1.53337,0.547985,2.23077,1.82562,-2.21517,0.5,0
1.52896,0.547985,2.20879,1.82108,-2.21413,0.5,0
1.52446,0.547985,2.23077,1.81671,-2.21936,0.5,0
1.52015,0.547985,2.20879,1.81218,-2.22582,0.5,0
1.51545,0.547985,2.16484,1.80781,-2.23856,0.5,0
1.51133,0.542125,2.18681,1.80327,-2.2321,0.5,0
1.50683,0.536263,2.18681,1.79891,-2.21936,0.5,0
1.50232,0.536263,2.23077,1.79437,-2.23751,0.5,0
1.49772,0.524542,2.25275,1.78984,-2.22582,0.5,0
1.49303,0.524542,2.25275,1.78547,-2.22041,0.5,0
1.48862,0.524542,2.2967,1.78093,-2.23647,0.5,0
1.48392,0.524542,2.2967,1.77657,-2.2438,0.5,0
1.47884,0.524542,2.31868,1.77203,-2.2417,0.5,0
1.47453,0.530403,2.34066,1.7675,-2.24065,0.5,0
1.46984,0.542125,2.31868,1.76296,-2.23647,0.5,0
1.46533,0.547985,2.25275,1.75859,-2.24065,0.5,0
1.46073,0.542125,2.25275,1.75406,-2.24816,0.5,0
1.45623,0.547985,2.2967,1.74952,-2.25235,0.5,0
1.45192,0.553846,2.23077,1.74498,-2.25566,0.5,0
1.44741,0.542125,2.25275,1.74044,-2.25985,0.5,0
1.44234,0.547985,2.20879,1.73608,-2.25566,0.5,0
1.43841,0.542125,2.23077,1.73154,-2.2534,0.5,0
1.43371,0.536263,2.23077,1.727,-2.25671,0.5,0
1.4294,0.536263,2.23077,1.72247,-2.25566,0.5,0
1.4248,0.536263,2.27473,1.71793,-2.25881,0.5,0
1.4201,0.530403,2.25275,1.71339,-2.26195,0.5,0
1.4157,0.536263,2.23077,1.70885,-2.26404,0.5,0
1.41119,0.530403,2.25275,1.70431,-2.25985,0.5,0
1.4065,0.536263,2.25275,1.69978,-2.26736,0.5,0
1.40218,0.542125,2.25275,1.69524,-2.25776,0.5,0
1.39768,0.530403,2.25275,1.6907,-2.26509,0.5,0
1.39308,0.536263,2.27473,1.68616,-2.27591,0.5,0
1.38838,0.536263,2.27473,1.68163,-2.26945,0.5,0
1.38369,0.542125,2.31868,1.67709,-2.27469,0.5,0
1.37919,0.547985,2.27473,1.67255,-2.27905,0.5,0
1.37468,0.547985,2.25275,1.66801,-2.28429,0.5,0
1.36979,0.547985,2.23077,1.6633,-2.28219,0.5,0
1.36567,0.547985,2.27473,1.65876,-2.2705,0.5,0
1.36117,0.536263,2.23077,1.65422,-2.278,0.5,0
1.35638,0.536263,2.2967,1.64969,-2.29389,0.5,0
1.35159,0.530403,2.2967,1.64515,-2.29284,0.5,0
1.3468,0.518682,2.31868,1.64044,-2.2897,0.5,0
1.342,0.518682,2.34066,1.6359,-2.28219,0.5,0
1.33721,0.518682,2.38462,1.63136,-2.29598,0.5,0
1.33223,0.530403,2.36264,1.62665,-2.2993,0.5,0
1.32782,0.542125,2.36264,1.62211,-2.2897,0.5,0
1.32322,0.542125,2.34066,1.61757,-2.28865,0.5,0
1.31843,0.547985,2.34066,1.61303,-2.29075,0.5,0
1.31374,0.547985,2.34066,1.60832,-2.30034,0.5,0
1.30894,0.547985,2.34066,1.60378,-2.31099,0.5,0
1.30425,0.547985,2.34066,1.59907,-2.31204,0.5,0
1.29965,0.547985,2.34066,1.59453,-2.30785,0.5,0
1.29495,0.553846,2.34066,1.58982,-2.31309,0.5,0
1.29074,0.559707,2.2967,1.58528,-2.31413,0.5,0
1.28614,0.547985,2.2967,1.58057,-2.30785,0.5,0
1.28173,0.547985,2.27473,1.57603,-2.31413,0.5,0
1.27713,0.542125,2.25275,1.57132,-2.31518,0.5,0
1.27243,0.530403,2.27473,1.56661,-2.31309,0.5,0
1.26783,0.524542,2.27473,1.56207,-2.32478,0.5,0
1.26314,0.518682,2.27473,1.55736,-2.3185,0.5,0
1.25777,0.524542,2.31868,1.55282,-2.3185,0.5,0
1.25394,0.530403,2.2967,1.54811,-2.33438,0.5,0
1.24905,0.530403,2.34066,1.5434,-2.32164,0.5,0
1.24445,0.530403,2.31868,1.53868,-2.32583,0.5,0
1.23947,0.536263,2.36264,1.53415,-2.3281,0.5,0
1.23477,0.542125,2.36264,1.52943,-2.3281,0.5,0
1.22998,0.542125,2.36264,1.52472,-2.33333,0.5,0
1.22529,0.542125,2.36264,1.52001,-2.33979,0.5,0
1.2203,0.542125,2.36264,1.5153,-2.34188,0.5,0
1.21599,0.542125,2.36264,1.51076,-2.34398,0.5,0
1.21111,0.530403,2.34066,1.50605,-2.34503,0.5,0
1.20612,0.530403,2.38462,1.50133,-2.34084,0.5,0
1.20124,0.524542,2.42857,1.49662,-2.33874,0.5,0
1.19635,0.518682,2.42857,1.49191,-2.34607,0.5,0
1.19146,0.518682,2.45055,1.4872,-2.34712,0.5,0
1.18609,0.51282,2.49451,1.48248,-2.34503,0.5,0
1.18102,0.524542,2.47253,1.47777,-2.34084,0.5,0
1.17632,0.536263,2.49451,1.47306,-2.34712,0.5,0
1.17134,0.542125,2.47253,1.46835,-2.34503,0.5,0
1.16683,0.547985,2.38462,1.46363,-2.34939,0.5,0
1.16223,0.547985,2.36264,1.4591,-2.34834,0.5,0
1.15744,0.553846,2.36264,1.45438,-2.34834,0.5,0
1.15284,0.553846,2.36264,1.44967,-2.34834,0.5,0
1.14824,0.547985,2.31868,1.44496,-2.34712,0.5,0
1.14316,0.547985,2.34066,1.44025,-2.35358,0.5,0
1.13876,0.542125,2.34066,1.43553,-2.35899,0.5,0
1.13396,0.542125,2.34066,1.43082,-2.34939,0.5,0
1.12927,0.542125,2.36264,1.42611,-2.34084,0.5,0
1.12457,0.536263,2.31868,1.4214,-2.34607,0.5,0
1.11988,0.536263,2.36264,1.41668,-2.35148,0.5,0
1.11528,0.536263,2.34066,1.41197,-2.36318,0.5,0
1.11058,0.530403,2.34066,1.40709,-2.36737,0.5,0
1.10579,0.542125,2.2967,1.40237,-2.37382,0.5,0
1.10138,0.536263,2.31868,1.39766,-2.35672,0.5,0
1.0965,0.530403,2.31868,1.39295,-2.36004,0.5,0
1.0918,0.530403,2.36264,1.38824,-2.37173,0.5,0
1.08682,0.524542,2.38462,1.38352,-2.36859,0.5,0
1.08174,0.530403,2.40659,1.37881,-2.36108,0.5,0
1.07704,0.542125,2.40659,1.37392,-2.35462,0.5,0
1.07254,0.553846,2.34066,1.36921,-2.35358,0.5,0
1.06727,0.565568,2.34066,1.3645,-2.37173,0.5,0
1.06344,0.559707,2.31868,1.35979,-2.37173,0.5,0
1.05865,0.553846,2.31868,1.35507,-2.37487,0.5,0
1.05385,0.542125,2.34066,1.35019,-2.37382,0.5,0
1.04906,0.524542,2.36264,1.34547,-2.37487,0.5,0
1.04418,0.518682,2.38462,1.34076,-2.37068,0.5,0
1.0389,0.518682,2.47253,1.33605,-2.37487,0.5,0
1.03411,0.518682,2.45055,1.33116,-2.37923,0.5,0
1.02894,0.530403,2.42857,1.32645,-2.37278,0.5,0
1.02434,0.530403,2.42857,1.32174,-2.37697,0.5,0
1.01955,0.547985,2.40659,1.31703,-2.37487,0.5,0
1.01476,0.547985,2.40659,1.31214,-2.37697,0.5,0
1.01006,0.547985,2.38462,1.30743,-2.39197,0.5,0
1.00527,0.547985,2.38462,1.30254,-2.39512,0.5,0
1.00057,0.542125,2.38462,1.29783,-2.39616,0.5,0
0.995879,0.547985,2.34066,1.29294,-2.39093,0.5,0
0.991087,0.553846,2.34066,1.28823,-2.39302,0.5,0
0.986583,0.547985,2.34066,1.28334,-2.40367,0.5,0
0.981984,0.547985,2.34066,1.27863,-2.40157,0.5,0
0.977097,0.536263,2.36264,1.27374,-2.40157,0.5,0
0.972305,0.530403,2.36264,1.26903,-2.39721,0.5,0
0.967418,0.524542,2.40659,1.26414,-2.40053,0.5,0
0.962531,0.518682,2.40659,1.25926,-2.40262,0.5,0
0.957644,0.518682,2.42857,1.25454,-2.40053,0.5,0
0.952373,0.524542,2.45055,1.24966,-2.39948,0.5,0
0.947774,0.530403,2.45055,1.24494,-2.39407,0.5,0
0.943078,0.542125,2.40659,1.24006,-2.40053,0.5,0
0.938191,0.536263,2.40659,1.23517,-2.41327,0.5,0
0.933208,0.536263,2.45055,1.23046,-2.41327,0.5,0
0.928321,0.536263,2.40659,1.22557,-2.41117,0.5,0
0.923338,0.542125,2.45055,1.22068,-2.41013,0.5,0
0.918642,0.553846,2.42857,1.21597,-2.41013,0.5,0
0.913755,0.553846,2.40659,1.21108,-2.40786,0.5,0
0.909155,0.553846,2.38462,1.2062,-2.42077,0.5,0
0.904364,0.553846,2.38462,1.20131,-2.43037,0.5,0
0.899669,0.547985,2.38462,1.1966,-2.41746,0.5,0
0.894973,0.542125,2.38462,1.19171,-2.41327,0.5,0
0.890278,0.542125,2.34066,1.18682,-2.41327,0.5,0
0.885582,0.542125,2.34066,1.18194,-2.42287,0.5,0
0.880887,0.542125,2.34066,1.17705,-2.43142,0.5,0
0.875616,0.536263,2.31868,1.17216,-2.43456,0.5,0
0.8714,0.530403,2.34066,1.16745,-2.42077,0.5,0
0.866513,0.530403,2.36264,1.16256,-2.4281,0.5,0
0.861625,0.536263,2.42857,1.15768,-2.4377,0.5,0
0.856834,0.542125,2.40659,1.15279,-2.42915,0.5,0
0.852139,0.536263,2.36264,1.1479,-2.42391,0.5,0
0.847443,0.547985,2.36264,1.14302,-2.42706,0.5,0
0.842748,0.553846,2.34066,1.13813,-2.43666,0.5,0
0.837861,0.542125,2.36264,1.13324,-2.4398,0.5,0
0.833069,0.536263,2.38462,1.12836,-2.43875,0.5,0
0.828086,0.524542,2.40659,1.12347,-2.43142,0.5,0
0.823007,0.524542,2.45055,1.11858,-2.42915,0.5,0
0.818216,0.530403,2.42857,1.1137,-2.4398,0.5,0
0.81352,0.530403,2.42857,1.10881,-2.43247,0.5,0
0.808729,0.536263,2.40659,1.10392,-2.44102,0.5,0
0.803746,0.536263,2.40659,1.09903,-2.44102,0.5,0
0.798763,0.542125,2.38462,1.09415,-2.44207,0.5,0
0.794163,0.542125,2.38462,1.08926,-2.44835,0.5,0
0.789564,0.542125,2.34066,1.08437,-2.44207,0.5,0
0.784772,0.542125,2.36264,1.07949,-2.44625,0.5,0
0.780077,0.547985,2.40659,1.0746,-2.44625,0.5,0
0.775382,0.547985,2.34066,1.06971,-2.4398,0.5,0
0.77059,0.553846,2.36264,1.06483,-2.44311,0.5,0
0.765703,0.547985,2.36264,1.05976,-2.4473,0.5,0
0.760816,0.547985,2.34066,1.05488,-2.4494,0.5,0
0.756216,0.542125,2.36264,1.04999,-2.45585,0.5,0
0.751329,0.524542,2.42857,1.0451,-2.45271,0.5,0
0.746442,0.524542,2.45055,1.04022,-2.44835,0.5,0
0.741363,0.524542,2.45055,1.03533,-2.45376,0.5,0
0.73638,0.530403,2.45055,1.03027,-2.45795,0.5,0
0.731684,0.542125,2.45055,1.02538,-2.45376,0.5,0
0.726797,0.542125,2.42857,1.02049,-2.46336,0.5,0
0.721335,0.542125,2.40659,1.01561,-2.46231,0.5,0
0.716831,0.536263,2.45055,1.01055,-2.4569,0.5,0
0.711848,0.536263,2.47253,1.00566,-2.45795,0.5,0
0.706865,0.536263,2.45055,1.00077,-2.45585,0.5,0
0.701882,0.530403,2.47253,0.995885,-2.45481,0.5,0
0.696995,0.542125,2.47253,0.990824,-2.46126,0.5,0
0.692012,0.542125,2.47253,0.985937,-2.4665,0.5,0
0.687029,0.547985,2.47253,0.98105,-2.46441,0.5,0
0.681471,0.547985,2.45055,0.975989,-2.4665,0.5,0
0.677159,0.542125,2.45055,0.971102,-2.46755,0.5,0
0.672368,0.542125,2.45055,0.966215,-2.46755,0.5,0
0.667481,0.536263,2.42857,0.961153,-2.46441,0.5,0
0.662593,0.536263,2.45055,0.956266,-2.4665,0.5,0
0.657706,0.542125,2.45055,0.951379,-2.46231,0.5,0
0.652627,0.536263,2.45055,0.946318,-2.46231,0.5,0
0.64774,0.536263,2.42857,0.941431,-2.47069,0.5,0
0.64247,0.542125,2.42857,0.936544,-2.47401,0.5,0
0.637966,0.542125,2.47253,0.931483,-2.47296,0.5,0
0.633175,0.547985,2.42857,0.926596,-2.48256,0.5,0
0.628192,0.547985,2.47253,0.921534,-2.48029,0.5,0
0.623305,0.547985,2.40659,0.916647,-2.48134,0.5,0
0.618418,0.542125,2.45055,0.911586,-2.4857,0.5,0
0.613338,0.536263,2.49451,0.906699,-2.48675,0.5,0
0.608164,0.530403,2.49451,0.901637,-2.48989,0.5,0
0.602798,0.524542,2.47253,0.896576,-2.48465,0.5,0
0.598006,0.524542,2.51648,0.891689,-2.48029,0.5,0
0.592927,0.524542,2.51648,0.886628,-2.47715,0.5,0
0.587849,0.51282,2.51648,0.881741,-2.4836,0.5,0
0.582674,0.524542,2.51648,0.876679,-2.48884,0.5,0
0.577691,0.524542,2.53846,0.871792,-2.49425,0.5,0
0.572612,0.536263,2.53846,0.866731,-2.50053,0.5,0
0.567533,0.542125,2.51648,0.861669,-2.49635,0.5,0
0.56188,0.542125,2.53846,0.856782,-2.4932,0.5,0
0.557376,0.547985,2.51648,0.851721,-2.49844,0.5,0
0.552489,0.553846,2.49451,0.84666,-2.49635,0.5,0
0.547601,0.559707,2.49451,0.841598,-2.50385,0.5,0
0.54281,0.559707,2.42857,0.836711,-2.50699,0.5,0
0.538019,0.553846,2.42857,0.83165,-2.49635,0.5,0
0.533132,0.547985,2.42857,0.826588,-2.50053,0.5,0
0.528149,0.536263,2.42857,0.821527,-2.51013,0.5,0
0.522686,0.530403,2.45055,0.81664,-2.50699,0.5,0
0.517991,0.518682,2.49451,0.811578,-2.50594,0.5,0
0.512816,0.51282,2.56044,0.806517,-2.50158,0.5,0
0.50745,0.530403,2.51648,0.801455,-2.5145,0.5,0
0.502659,0.524542,2.51648,0.796394,-2.4953,0.5,0
0.497676,0.536263,2.51648,0.791507,-2.49844,0.5,0
0.49231,0.542125,2.58242,0.786446,-2.5124,0.5,0
0.487422,0.542125,2.56044,0.781384,-2.50699,0.5,0
0.481673,0.553846,2.51648,0.776323,-2.50804,0.5,0
0.477456,0.553846,2.51648,0.771261,-2.51869,0.5,0
0.472473,0.559707,2.49451,0.7662,-2.51973,0.5,0
0.46749,0.553846,2.49451,0.761138,-2.51764,0.5,0
0.462507,0.547985,2.47253,0.756077,-2.51973,0.5,0
0.457237,0.536263,2.51648,0.751015,-2.52183,0.5,0
0.452062,0.530403,2.53846,0.745954,-2.52183,0.5,0
0.446984,0.524542,2.53846,0.740893,-2.5241,0.5,0
0.441234,0.530403,2.58242,0.736006,-2.51869,0.5,0
0.436538,0.524542,2.6044,0.730944,-2.51554,0.5,0
0.431268,0.530403,2.58242,0.725883,-2.52305,0.5,0
0.426285,0.530403,2.56044,0.720821,-2.52514,0.5,0
0.421302,0.542125,2.53846,0.715585,-2.53038,0.5,0
0.416415,0.547985,2.51648,0.710524,-2.5337,0.5,0
0.411432,0.547985,2.49451,0.705462,-2.52619,0.5,0
0.406545,0.553846,2.49451,0.700401,-2.52933,0.5,0
0.401178,0.542125,2.47253,0.695339,-2.53038,0.5,0
0.396579,0.547985,2.49451,0.690278,-2.53788,0.5,0
0.3915,0.542125,2.45055,0.685217,-2.53998,0.5,0
0.386517,0.536263,2.49451,0.680155,-2.53579,0.5,0
0.381246,0.530403,2.51648,0.675094,-2.54103,0.5,0
0.376168,0.518682,2.51648,0.669858,-2.53788,0.5,0
0.371089,0.524542,2.51648,0.664796,-2.5337,0.5,0
0.365914,0.524542,2.56044,0.659735,-2.54329,0.5,0
0.360452,0.524542,2.56044,0.654673,-2.54853,0.5,0
0.355373,0.524542,2.58242,0.649437,-2.55063,0.5,0
0.350486,0.524542,2.56044,0.644376,-2.54329,0.5,0
0.345216,0.530403,2.58242,0.639314,-2.54434,0.5,0
0.339945,0.536263,2.58242,0.634253,-2.55063,0.5,0
0.334675,0.542125,2.6044,0.629017,-2.55063,0.5,0
0.329596,0.547985,2.56044,0.623955,-2.55063,0.5,0
0.324517,0.547985,2.58242,0.618894,-2.54958,0.5,0
0.319151,0.559707,2.53846,0.613658,-2.55708,0.5,0
0.314455,0.553846,2.49451,0.608597,-2.55708,0.5,0
0.309185,0.553846,2.56044,0.603361,-2.56232,0.5,0
0.304298,0.553846,2.51648,0.598299,-2.55272,0.5,0
0.29941,0.542125,2.49451,0.593238,-2.55813,0.5,0
0.294427,0.542125,2.51648,0.588002,-2.56668,0.5,0
0.289253,0.530403,2.49451,0.58294,-2.56563,0.5,0
0.284078,0.530403,2.51648,0.577704,-2.56337,0.5,0
0.278425,0.524542,2.51648,0.572643,-2.56337,0.5,0
0.273921,0.530403,2.51648,0.567407,-2.56668,0.5,0
0.268746,0.536263,2.56044,0.562345,-2.56232,0.5,0
0.263571,0.530403,2.56044,0.557109,-2.56878,0.5,0
0.258492,0.536263,2.56044,0.552048,-2.57419,0.5,0
0.253126,0.536263,2.56044,0.546812,-2.56459,0.5,0
0.248143,0.542125,2.56044,0.54175,-2.56982,0.5,0
0.243064,0.547985,2.53846,0.536514,-2.57087,0.5,0
0.237794,0.542125,2.53846,0.531453,-2.57838,0.5,0
0.233002,0.542125,2.49451,0.526217,-2.57087,0.5,0
0.227828,0.524542,2.53846,0.520981,-2.57942,0.5,0
0.22227,0.518682,2.56044,0.51592,-2.57192,0.5,0
0.216808,0.518682,2.64835,0.510684,-2.56878,0.5,0
0.211537,0.518682,2.64835,0.505622,-2.58047,0.5,0
0.206267,0.524542,2.64835,0.500386,-2.57733,0.5,0
0.200996,0.524542,2.64835,0.49515,-2.58152,0.5,0
0.195055,0.536263,2.64835,0.490089,-2.58693,0.5,0
0.190168,0.542125,2.67033,0.484853,-2.58361,0.5,0
0.184802,0.547985,2.64835,0.479617,-2.58152,0.5,0
0.179627,0.553846,2.64835,0.474555,-2.59112,0.5,0
0.174261,0.547985,2.64835,0.469319,-2.59007,0.5,0
0.169086,0.559707,2.64835,0.464083,-2.59426,0.5,0
0.164007,0.553846,2.6044,0.458847,-2.60072,0.5,0
0.158737,0.553846,2.58242,0.453611,-2.59862,0.5,0
0.153179,0.553846,2.56044,0.448375,-2.59548,0.5,0
0.148292,0.542125,2.6044,0.443314,-2.59653,0.5,0
0.143117,0.542125,2.6044,0.438078,-2.59862,0.5,0
0.137847,0.530403,2.64835,0.432842,-2.59653,0.5,0
0.132385,0.536263,2.62637,0.427606,-2.59967,0.5,0
0.127114,0.536263,2.6044,0.42237,-2.60717,0.5,0
0.121844,0.530403,2.6044,0.417134,-2.60717,0.5,0
0.116669,0.542125,2.62637,0.411898,-2.60176,0.5,0
0.111111,0.542125,2.6044,0.406662,-2.60613,0.5,0
0.106224,0.547985,2.58242,0.401426,-2.59757,0.5,0
0.101049,0.547985,2.6044,0.396364,-2.59653,0.5,0
0.0958745,0.542125,2.58242,0.391128,-2.60717,0.5,0
0.0906041,0.547985,2.6044,0.385892,-2.60613,0.5,0
0.0854297,0.542125,2.6044,0.380656,-2.60717,0.5,0
0.0803506,0.542125,2.58242,0.37542,-2.61677,0.5,0
0.0750802,0.524542,2.58242,0.37001,-2.61573,0.5,0
0.0690429,0.524542,2.6044,0.364774,-2.61677,0.5,0
0.0643475,0.518682,2.62637,0.359538,-2.61241,0.5,0
0.0590773,0.524542,2.64835,0.354302,-2.6145,0.5,0
0.0537107,0.530403,2.62637,0.349066,-2.6145,0.5,0
0.0485361,0.536263,2.62637,0.34383,-2.6241,0.5,0
0.0430741,0.547985,2.64835,0.338594,-2.61991,0.5,0
0.0381868,0.547985,2.58242,0.333358,-2.61136,0.5,0
0.0332038,0.559707,2.56044,0.328122,-2.61573,0.5,0
0.0279336,0.559707,2.51648,0.322886,-2.62201,0.5,0
0.0233338,0.559707,2.49451,0.31765,-2.61573,0.5,0
0.018255,0.559707,2.49451,0.312414,-2.61991,0.5,0
0.013272,0.542125,2.47253,0.307178,-2.62515,0.5,0
0.00800157,0.530403,2.56044,0.301768,-2.62742,0.5,0
0.00263524,0.524542,2.53846,0.296532,-2.6145,0.5,0
-0.00244355,0.518682,2.56044,0.291296,-2.61991,0.5,0
-0.00809717,0.51282,2.6044,0.28606,-2.6241,0.5,0
-0.0136554,0.50696,2.64835,0.280824,-2.6241,0.5,0
-0.0186381,0.518682,2.64835,0.275588,-2.62742,0.5,0
-0.0240045,0.518682,2.62637,0.270177,-2.63161,0.5,0
-0.029371,0.530403,2.67033,0.264941,-2.62951,0.5,0
-0.0347371,0.530403,2.67033,0.259705,-2.63475,0.5,0
-0.0401993,0.536263,2.69231,0.254469,-2.62742,0.5,0
-0.0455656,0.542125,2.69231,0.249059,-2.64226,0.5,0
-0.0506444,0.547985,2.64835,0.243823,-2.6433,0.5,0
-0.0563941,0.559707,2.64835,0.238587,-2.63161,0.5,0
-0.0612812,0.559707,2.62637,0.233176,-2.63597,0.5,0
-0.06636,0.565568,2.6044,0.22794,-2.63597,0.5,0
-0.0712473,0.559707,2.56044,0.222704,-2.64662,0.5,0
-0.0763259,0.547985,2.51648,0.217294,-2.6433,0.5,0
-0.0815964,0.542125,2.56044,0.212058,-2.64435,0.5,0
-0.0868671,0.530403,2.56044,0.206647,-2.65726,0.5,0
-0.0919456,0.536263,2.56044,0.201411,-2.6529,0.5,0
-0.0975037,0.530403,2.58242,0.196175,-2.64662,0.5,0
-0.102295,0.530403,2.58242,0.190765,-2.65936,0.5,0
-0.107661,0.536263,2.58242,0.185354,-2.66355,0.5,0
-0.113028,0.536263,2.62637,0.180118,-2.6529,0.5,0
-0.118394,0.536263,2.62637,0.174708,-2.65081,0.5,0
-0.123664,0.530403,2.62637,0.169472,-2.65185,0.5,0
-0.128743,0.536263,2.62637,0.164236,-2.65185,0.5,0
-0.134205,0.536263,2.62637,0.158825,-2.655,0.5,0
-0.140146,0.536263,2.64835,0.153415,-2.6646,0.5,0
-0.144746,0.530403,2.62637,0.148179,-2.67001,0.5,0
-0.150113,0.524542,2.64835,0.142768,-2.65936,0.5,0
-0.155287,0.530403,2.62637,0.137532,-2.6646,0.5,0
-0.160558,0.530403,2.62637,0.132121,-2.67105,0.5,0
-0.16602,0.530403,2.64835,0.126711,-2.66791,0.5,0
-0.171194,0.530403,2.67033,0.1213,-2.67315,0.5,0
-0.176656,0.536263,2.67033,0.116064,-2.67001,0.5,0
-0.182502,0.536263,2.67033,0.110654,-2.6625,0.5,0
-0.187389,0.547985,2.64835,0.105243,-2.66896,0.5,0
-0.192468,0.553846,2.62637,0.100007,-2.68379,0.5,0
-0.197834,0.547985,2.64835,0.0945969,-2.68275,0.5,0
-0.203105,0.547985,2.64835,0.0891864,-2.6892,0.5,0
-0.208375,0.542125,2.64835,0.0837758,-2.6817,0.5,0
-0.213646,0.542125,2.62637,0.0783653,-2.67856,0.5,0
-0.219299,0.536263,2.64835,0.0729548,-2.6892,0.5,0
-0.224953,0.530403,2.64835,0.0677188,-2.6892,0.5,0
-0.229936,0.524542,2.67033,0.0623083,-2.6988,0.5,0
-0.235302,0.524542,2.62637,0.0568978,-2.69339,0.5,0
-0.240669,0.530403,2.64835,0.0514872,-2.69549,0.5,0
-0.246131,0.530403,2.69231,0.0460767,-2.68589,0.5,0
-0.251593,0.536263,2.69231,0.0406662,-2.69653,0.5,0
-0.256863,0.542125,2.69231,0.0352557,-2.70195,0.5,0
-0.26223,0.542125,2.67033,0.0298451,-2.69444,0.5,0
-0.267979,0.553846,2.69231,0.0244346,-2.70195,0.5,0
-0.272866,0.559707,2.64835,0.0190241,-2.70718,0.5,0
-0.277849,0.565568,2.62637,0.013439,-2.71678,0.5,0
-0.28312,0.553846,2.6044,0.00802852,-2.71905,0.5,0
-0.288486,0.547985,2.62637,0.002618,-2.70509,0.5,0
-0.293948,0.530403,2.62637,-0.002618,-2.70613,0.5,0
-0.299698,0.518682,2.71429,-0.00802852,-2.71469,0.5,0
-0.30516,0.518682,2.73626,-0.013439,-2.7105,0.5,0
-0.311101,0.518682,2.73626,-0.0190241,-2.71364,0.5,0
-0.316276,0.536263,2.73626,-0.0244346,-2.7201,0.5,0
-0.321642,0.542125,2.71429,-0.0298451,-2.7201,0.5,0
-0.327104,0.547985,2.69231,-0.0352557,-2.7105,0.5,0
-0.332183,0.547985,2.67033,-0.0408407,-2.72219,0.5,0
-0.337837,0.547985,2.69231,-0.0462512,-2.7297,0.5,0
-0.343203,0.542125,2.69231,-0.0516618,-2.71364,0.5,0
-0.348569,0.542125,2.71429,-0.0570723,-2.71469,0.5,0
-0.354607,0.536263,2.67033,-0.0624828,-2.71364,0.5,0
-0.359494,0.536263,2.71429,-0.0680679,-2.72743,0.5,0
-0.36486,0.536263,2.69231,-0.0734784,-2.72865,0.5,0
-0.370322,0.524542,2.71429,-0.0790635,-2.73703,0.5,0
-0.375784,0.530403,2.73626,-0.084474,-2.72865,0.5,0
-0.381629,0.524542,2.73626,-0.0898845,-2.72114,0.5,0
-0.3869,0.536263,2.75824,-0.0954695,-2.72429,0.5,0
-0.392171,0.536263,2.69231,-0.10088,-2.74453,0.5,0
-0.398304,0.536263,2.73626,-0.106291,-2.73703,0.5,0
-0.403478,0.542125,2.71429,-0.111876,-2.74244,0.5,0
-0.408844,0.542125,2.73626,-0.117461,-2.74663,0.5,0
-0.414211,0.547985,2.71429,-0.122871,-2.74994,0.5,0
-0.419769,0.547985,2.71429,-0.128456,-2.7393,0.5,0
-0.425135,0.553846,2.71429,-0.133867,-2.74994,0.5,0
-0.430597,0.547985,2.71429,-0.139452,-2.74663,0.5,0
-0.436155,0.542125,2.71429,-0.144862,-2.75099,0.5,0
-0.442288,0.536263,2.73626,-0.150447,-2.76792,0.5,0
-0.447175,0.530403,2.78022,-0.156032,-2.76582,0.5,0
-0.452829,0.530403,2.75824,-0.161618,-2.74663,0.5,0
-0.458387,0.524542,2.8022,-0.167028,-2.76059,0.5,0
-0.464137,0.524542,2.78022,-0.172613,-2.75832,0.5,0
-0.469599,0.518682,2.75824,-0.178198,-2.75727,0.5,0
-0.475156,0.530403,2.78022,-0.183609,-2.76478,0,0
-0.48081,0.536263,2.8022,-0.189194,-2.76164,0,0
-0.486656,0.495238,2.75824,-0.194779,-2.76164,0,0
-0.491543,0.419047,2.71429,-0.200364,-2.76164,0,0
-0.496143,0.342857,2.6044,-0.205774,-2.76687,0,0
-0.500838,0.278388,2.53846,-0.211359,-2.77228,0,0
-0.505342,0.21392,2.42857,-0.216945,-2.77752,0,0
-0.510037,0.167033,2.38462,-0.22253,-2.76373,0,0
-0.514541,0.126007,2.34066,-0.228115,-2.75954,0,0
-0.519045,0.0849819,2.31868,-0.233525,-2.75954,0,0
-0.524124,0.0498171,2.31868,-0.23911,-2.75623,0,0
-0.528724,0.0263739,2.31868,-0.244521,-2.74348,0,0
-0.533611,0.00293064,2.40659,-0.250106,-2.73703,0,0
-0.538785,-0.00879097,2.40659,-0.255516,-2.73598,0,0
-0.543577,-0.0205126,2.45055,-0.261101,-2.72743,0,0
-0.548656,-0.0263739,2.47253,-0.266512,-2.72865,0,0
-0.554118,-0.0205126,2.51648,-0.271922,-2.71905,0,0
-0.559196,-0.0263739,2.53846,-0.277333,-2.70718,0,0
-0.565138,-0.0146523,2.58242,-0.282743,-2.69549,0,0
-0.569737,-0.0205126,2.6044,-0.288154,-2.69776,0,0
-0.574912,-0.00293064,2.6044,-0.293564,-2.6988,0,0
-0.580087,0.00293064,2.6044,-0.298975,-2.6817,0,0
-0.585261,0.00879097,2.56044,-0.304386,-2.67629,0,0
-0.590532,0.00293064,2.58242,-0.309622,-2.66355,0,0
-0.595611,-0.00293064,2.58242,-0.315032,-2.66564,0,0
-0.600689,-0.00879097,2.58242,-0.320443,-2.66564,0,0
-0.606439,-0.0205126,2.58242,-0.325679,-2.6529,0,0
-0.61123,-0.0146523,2.58242,-0.331089,-2.64976,0,0
-0.616692,-0.0205126,2.62637,-0.336325,-2.64976,0,0
-0.621867,-0.0263739,2.6044,-0.341561,-2.63807,0,0
-0.627138,-0.0205126,2.64835,-0.346972,-2.62951,0,0
-0.632408,-0.0205126,2.6044,-0.352208,-2.62637,0,0
-0.637679,-0.00879097,2.6044,-0.357444,-2.61991,0,0
-0.643141,-0.00879097,2.64835,-0.36268,-2.6145,0,0
-0.648603,-0.00293064,2.62637,-0.367916,-2.61346,0,0
-0.65349,0.0146523,2.62637,-0.373152,-2.61573,0,0
-0.658473,0.00879097,2.58242,-0.378388,-2.60508,0,0
-0.663552,0.00879097,2.58242,-0.383624,-2.59426,0,0
-0.668822,0.00293064,2.56044,-0.38886,-2.60072,0,0
-0.674093,-0.00293064,2.58242,-0.393921,-2.58798,0,0
-0.679171,-0.00879097,2.58242,-0.399157,-2.58047,0,0
-0.684538,-0.0146523,2.6044,-0.404393,-2.57628,0,0
-0.69,-0.0146523,2.6044,-0.409454,-2.57192,0,0
-0.695079,-0.0205126,2.6044,-0.41469,-2.56982,0,0
-0.700158,-0.00879097,2.58242,-0.419752,-2.56022,0,0
-0.705524,-0.00293064,2.6044,-0.424813,-2.55708,0,0
-0.710411,0.00293064,2.6044,-0.430049,-2.55167,0,0
-0.715394,0.0146523,2.53846,-0.435111,-2.54853,0,0
-0.720473,0.0146523,2.49451,-0.440172,-2.54539,0,0
-0.725456,0.0205126,2.49451,-0.445234,-2.53998,0,0
-0.730535,0.0205126,2.49451,-0.45047,-2.53684,0,0
-0.735134,0.0146523,2.47253,-0.455531,-2.5337,0,0
-0.740309,0.00879097,2.49451,-0.460593,-2.52619,0,0
-0.745484,-0.00879097,2.49451,-0.465654,-2.52829,0,0
-0.750275,-0.0146523,2.51648,-0.470715,-2.51013,0,0
-0.755641,-0.0263739,2.53846,-0.475602,-2.50053,0,0
-0.76072,-0.0263739,2.51648,-0.480664,-2.49425,0,0
-0.765799,-0.0263739,2.51648,-0.485725,-2.49739,0,0
-0.771261,-0.0205126,2.51648,-0.490612,-2.49216,0,0
-0.775861,-0.0146523,2.51648,-0.495674,-2.48989,0,0
-0.780939,-0.00879097,2.49451,-0.500561,-2.48029,0,0
-0.785826,-0.00293064,2.49451,-0.505622,-2.47715,0,0
-0.790905,0.00293064,2.51648,-0.510509,-2.47191,0,0
-0.795793,0.00879097,2.47253,-0.515396,-2.46004,0,0
-0.800776,0.0146523,2.45055,-0.520457,-2.46545,0,0
-0.805471,0.0205126,2.45055,-0.525344,-2.46004,0,0
-0.810454,0.0205126,2.38462,-0.530231,-2.4494,0,0
-0.814958,0.0146523,2.40659,-0.535118,-2.44625,0,0
-0.819941,-0.00293064,2.42857,-0.540005,-2.4377,0,0
-0.824924,-0.00879097,2.40659,-0.544892,-2.43561,0,0
-0.829811,-0.0146523,2.42857,-0.549779,-2.42915,0,0
-0.834698,-0.0146523,2.45055,-0.554666,-2.4281,0,0
-0.839585,-0.0205126,2.45055,-0.559553,-2.41117,0,0
-0.844568,-0.0263739,2.49451,-0.564265,-2.41117,0,0
-0.85003,-0.0205126,2.49451,-0.569152,-2.40472,0,0
-0.854534,-0.00879097,2.45055,-0.573865,-2.39093,0,0
-0.859709,-0.00293064,2.49451,-0.578751,-2.38656,0,0
-0.864692,0.00293064,2.47253,-0.583464,-2.38656,0,0
-0.869483,0.0146523,2.49451,-0.588351,-2.38028,0,0
-0.874274,0.0263739,2.47253,-0.593063,-2.38238,0,0
-0.879066,0.0322342,2.42857,-0.597776,-2.37923,0,0
-0.883857,0.0263739,2.42857,-0.602662,-2.37173,0,0
-0.888936,0.0263739,2.38462,-0.607375,-2.37592,0,0
-0.893632,0.0146523,2.38462,-0.612087,-2.36004,0,0
-0.898135,0.00293064,2.38462,-0.6168,-2.35148,0,0
-0.903118,-0.00879097,2.38462,-0.621512,-2.34607,0,0
-0.908102,-0.0205126,2.42857,-0.626224,-2.35044,0,0
-0.913084,-0.0263739,2.40659,-0.630937,-2.33543,0,0
-0.917971,-0.0205126,2.45055,-0.635475,-2.3281,0,0
-0.922763,-0.0205126,2.45055,-0.640187,-2.33019,0,0
-0.927841,-0.0146523,2.40659,-0.644899,-2.32914,0,0
-0.932249,-0.00293064,2.38462,-0.649612,-2.32164,0,0
-0.936849,0.00293064,2.36264,-0.65415,-2.31518,0,0
-0.941545,0.0146523,2.34066,-0.658862,-2.31309,0,0
-0.945953,0.0146523,2.31868,-0.6634,-2.31745,0,0
-0.950457,0.0146523,2.25275,-0.668112,-2.30244,0,0
-0.954961,0.0205126,2.25275,-0.67265,-2.29598,0,0
-0.95956,0.00879097,2.25275,-0.677188,-2.28656,0,0
-0.964639,-0.00293064,2.27473,-0.6819,-2.28429,0,0
-0.968663,-0.00293064,2.25275,-0.686438,-2.29075,0,0
-0.973168,-0.0146523,2.27473,-0.690976,-2.28534,0,0
-0.977671,-0.0146523,2.27473,-0.695514,-2.27469,0,0
-0.98208,-0.0205126,2.25275,-0.700052,-2.26841,0,0
-0.986775,-0.0205126,2.27473,-0.70459,-2.25776,0,0
-0.990991,-0.0146523,2.23077,-0.709128,-2.25444,0,0
-0.995783,-0.0205126,2.27473,-0.713665,-2.2534,0,0
-1.00057,-0.0146523,2.25275,-0.718203,-2.24921,0,0
-1.00498,-0.0146523,2.27473,-0.722741,-2.2342,0,0
-1.00939,-0.00879097,2.2967,-0.727104,-2.23001,0,0
-1.01409,-0.00293064,2.27473,-0.731642,-2.23542,0,0
-1.01849,0.00879097,2.25275,-0.736006,-2.2321,0,0
-1.02271,0.0146523,2.23077,-0.740544,-2.2225,0,0
-1.02712,0.0263739,2.20879,-0.745081,-2.22041,0,0
-1.03133,0.0263739,2.16484,-0.749445,-2.21727,0,0
-1.03603,0.0146523,2.14286,-0.753808,-2.20662,0,0
-1.04015,0.00293064,2.16484,-0.758346,-2.21186,0,0
-1.04465,-0.00293064,2.23077,-0.762709,-2.20121,0,0
-1.04925,-0.00879097,2.23077,-0.767073,-2.19388,0,0
-1.05366,-0.0146523,2.20879,-0.771436,-2.20016,0,0
-1.05807,-0.0205126,2.20879,-0.775974,-2.18637,0,0
-1.06257,-0.0205126,2.20879,-0.780337,-2.17782,0,0
-1.06669,-0.00879097,2.16484,-0.784526,-2.17032,0,0
-1.0711,-0.00879097,2.14286,-0.788889,-2.17573,0,0
-1.07532,-0.00293064,2.16484,-0.793252,-2.16613,0,0
-1.07973,-0.00293064,2.16484,-0.797616,-2.16403,0,0
-1.08404,-0.00293064,2.16484,-0.801979,-2.16299,0,0
-1.08826,0.00293064,2.14286,-0.806342,-2.16177,0,0
-1.09276,0.00879097,2.16484,-0.810706,-2.15234,0,0
-1.09678,0.00293064,2.0989,-0.814895,-2.14484,0,0
-1.101,0.00879097,2.0989,-0.819258,-2.1321,0,0
-1.10531,0.00879097,2.0989,-0.823447,-2.13087,0,0
-1.10915,0.00293064,2.05495,-0.82781,-2.1321,0,0
-1.11336,0.00293064,2.07692,-0.831999,-2.12354,0,0
-1.11758,-0.00293064,2.0989,-0.836188,-2.12354,0,0
-1.12179,-0.0146523,2.07692,-0.840551,-2.11499,0,0
-1.12611,-0.0146523,2.0989,-0.84474,-2.1012,0,0
-1.13042,-0.0205126,2.12088,-0.848929,-2.09893,0,0
-1.13454,-0.0205126,2.07692,-0.853117,-2.0937,0,0
-1.13904,-0.00879097,2.07692,-0.857306,-2.09056,0,0
-1.14297,-0.00879097,2.07692,-0.861495,-2.08829,0,0
-1.14681,-0.00879097,2.07692,-0.865684,-2.08096,0,0
-1.15121,-0.00293064,2.07692,-0.869872,-2.08096,0,0
-1.15524,-0.00293064,2.07692,-0.874061,-2.07764,0,0
-1.15926,-0.00293064,2.05495,-0.878076,-2.0745,0,0
-1.16338,0.00879097,2.03297,-0.882264,-2.06699,0,0
-1.16741,0.00879097,2.07692,-0.886453,-2.06176,0,0
-1.17153,0.00293064,2.01099,-0.890467,-2.06595,0,0
-1.17536,0.00879097,1.98901,-0.894656,-2.05739,0,0
-1.17948,0.00879097,2.01099,-0.898845,-2.0457,0,0
-1.18351,0.00879097,2.03297,-0.902859,-2.04884,0,0
-1.18763,0.00293064,2.01099,-0.907048,-2.04151,0,0
-1.19165,0.00293064,2.01099,-0.911062,-2.02982,0,0
-1.19568,-0.00879097,2.01099,-0.915076,-2.02546,0,0
-1.19951,-0.00879097,1.96703,-0.919091,-2.02336,0,0
-1.20392,-0.0146523,2.01099,-0.923105,-2.01481,0,0
-1.20775,-0.0205126,1.98901,-0.927294,-2.01271,0,0
-1.21168,-0.0205126,2.01099,-0.931308,-2.00102,0,0
-1.2157,-0.0146523,2.01099,-0.935148,-1.99561,0,0
-1.21973,-0.0146523,1.98901,-0.939162,-1.99997,0,0
-1.22366,-0.00293064,1.96703,-0.943176,-1.99666,0,0
-1.2274,0.00293064,1.96703,-0.947191,-1.99037,0,0
-1.23142,-0.00293064,1.98901,-0.951205,-1.97868,0,0
-1.23545,0.00879097,1.96703,-0.955219,-1.97973,0,0
-1.23909,0.00879097,1.92308,-0.959059,-1.97763,0,0
-1.24282,0.0146523,1.92308,-0.963073,-1.96803,0,0
-1.24694,0.0205126,1.92308,-0.966913,-1.96577,0,0
-1.25039,0.0205126,1.9011,-0.970927,-1.96158,0,0
-1.25413,0.0146523,1.85714,-0.974767,-1.95739,0,0
-1.25806,0.00293064,1.9011,-0.978781,-1.94988,0,0
-1.26199,-0.00293064,1.92308,-0.982621,-1.94447,0,0
-1.26592,-0.00293064,1.9011,-0.986461,-1.94028,0,0
-1.26966,-0.0146523,1.9011,-0.990475,-1.93173,0,0
-1.27368,-0.0205126,1.94505,-0.994314,-1.92423,0,0
-1.27742,-0.0146523,1.94505,-0.998154,-1.91149,0,0
-1.28135,-0.0146523,1.92308,-1.00199,-1.91253,0,0
-1.28528,-0.00879097,1.9011,-1.00583,-1.91899,0,0
-1.28901,-0.00879097,1.9011,-1.00967,-1.91253,0,0
-1.29265,-0.00879097,1.87912,-1.01334,-1.9073,0,0
-1.29687,-0.00879097,1.87912,-1.01718,-1.90398,0,0
-1.30032,-0.0146523,1.87912,-1.02102,-1.89229,0,0
-1.30425,-0.00879097,1.92308,-1.02486,-1.89229,0,0
-1.30789,-0.00293064,1.85714,-1.02852,-1.88915,0,0
-1.31144,0.00293064,1.85714,-1.03236,-1.8785,0,0
-1.31527,0.00879097,1.87912,-1.0362,-1.87745,0,0
-1.31881,0.00879097,1.85714,-1.03987,-1.8689,0,0
-1.32246,0.0146523,1.83516,-1.04353,-1.86035,0,0
-1.3261,0.0205126,1.83516,-1.04737,-1.86244,0,0
-1.32945,0.0146523,1.76923,-1.05104,-1.8593,0,0
-1.33319,0.00879097,1.76923,-1.0547,-1.85406,0,0
-1.33664,0.00293064,1.76923,-1.05854,-1.8518,0,0
-1.34038,-0.00293064,1.79121,-1.06221,-1.84115,0,0
-1.34402,-0.0146523,1.79121,-1.06587,-1.83801,0,0
-1.34795,-0.0146523,1.81319,-1.06954,-1.83382,0,0
-1.3514,-0.0205126,1.81319,-1.0732,-1.82422,0,0
-1.35513,-0.0263739,1.85714,-1.07687,-1.82317,0,0
-1.35849,-0.0263739,1.81319,-1.08053,-1.8113,0,0
-1.36242,-0.0146523,1.79121,-1.08402,-1.80921,0,0
-1.36577,-0.00879097,1.81319,-1.08769,-1.80816,0,0
-1.36931,-0.00879097,1.76923,-1.09135,-1.80711,0,0
-1.37296,-0.00293064,1.76923,-1.09502,-1.80293,0,0
-1.3765,-0.00293064,1.76923,-1.09851,-1.79437,0,0
-1.38005,-0.00293064,1.76923,-1.10218,-1.79333,0,0
-1.38379,-0.00293064,1.76923,-1.10567,-1.79106,0,0
-1.38704,0.00293064,1.79121,-1.10933,-1.78146,0,0
-1.39078,0.00879097,1.76923,-1.11282,-1.78477,0,0
-1.39423,0.0146523,1.76923,-1.11649,-1.78041,0,0
-1.39768,0.0146523,1.72527,-1.11998,-1.76872,0,0
-1.40103,0.0146523,1.7033,-1.12347,-1.76558,0,0
-1.40439,0.00879097,1.74725,-1.12713,-1.76976,0,0
-1.40803,0.00293064,1.7033,-1.13062,-1.75388,0,0
-1.41138,0.00293064,1.68132,-1.13412,-1.74952,0,0
-1.41474,-0.00293064,1.68132,-1.13761,-1.75179,0,0
-1.41828,-0.0146523,1.72527,-1.1411,-1.75283,0,0
-1.42173,-0.0146523,1.72527,-1.14459,-1.73783,0,0
-1.42499,-0.00879097,1.74725,-1.14808,-1.72508,0,0
-1.42863,-0.0146523,1.7033,-1.15157,-1.73468,0,0
-1.43208,-0.0146523,1.7033,-1.15488,-1.72508,0,0
-1.43544,-0.0146523,1.68132,-1.15838,-1.71339,0,0
-1.43917,-0.0146523,1.7033,-1.16187,-1.71234,0,0
-1.44214,-0.0205126,1.7033,-1.16518,-1.71234,0,0
-1.44559,-0.0146523,1.7033,-1.16867,-1.6996,0,0
-1.44914,-0.00879097,1.7033,-1.17199,-1.69838,0,0
-1.45249,-0.00293064,1.72527,-1.17548,-1.7113,0,0
-1.45585,-0.00293064,1.65934,-1.1788,-1.6921,0,0
-1.4591,0.00879097,1.68132,-1.18229,-1.68355,0,0
-1.46227,0.00879097,1.65934,-1.1856,-1.68564,0,0
-1.46572,0.00879097,1.65934,-1.18892,-1.68355,0,0
-1.46888,0.00879097,1.63736,-1.19241,-1.67185,0,0
-1.47223,0.00293064,1.65934,-1.19573,-1.67813,0,0
-1.47559,0.00293064,1.63736,-1.19904,-1.6729,0,0
-1.47865,0.00293064,1.63736,-1.20236,-1.65789,0,0
-1.48201,0.00293064,1.61538,-1.20567,-1.65161,0,0
-1.48536,0.00293064,1.63736,-1.20899,-1.65789,0,0
-1.48862,-0.00293064,1.63736,-1.21231,-1.6537,0,0
-1.49216,-0.00879097,1.65934,-1.21562,-1.64846,0,0
-1.49514,-0.00879097,1.61538,-1.21894,-1.64305,0,0
-1.4982,-0.00879097,1.61538,-1.22225,-1.63241,0,0
-1.50156,-0.00879097,1.61538,-1.2254,-1.63031,0,0
-1.50472,-0.0146523,1.61538,-1.22871,-1.61862,0,0
-1.50788,-0.0146523,1.61538,-1.23185,-1.62281,0,0
-1.51114,-0.0146523,1.61538,-1.23517,-1.62176,0,0
-1.5144,-0.0146523,1.59341,-1.23849,-1.61321,0,0
-1.51785,-0.0146523,1.57143,-1.24163,-1.60902,0,0
-1.52091,-0.00879097,1.61538,-1.24477,-1.59837,0,0
-1.52417,-0.00293064,1.61538,-1.24809,-1.59837,0,0
-1.52724,-0.00293064,1.57143,-1.25123,-1.59506,0,0
-1.5305,0.00293064,1.61538,-1.25437,-1.59837,0,0
-1.53356,0.00293064,1.59341,-1.25768,-1.5961,0,0
-1.53682,0.00293064,1.54945,-1.26083,-1.58441,0,0
-1.53998,0.00879097,1.57143,-1.26397,-1.58127,0,0
-1.54295,0.0146523,1.54945,-1.26711,-1.59087,0,0
-1.54583,0.0205126,1.50549,-1.27025,-1.58546,0,0
-1.54889,0.0205126,1.52747,-1.27357,-1.57376,0,0
-1.55215,0.00879097,1.52747,-1.27653,-1.56102,0,0
-1.55522,-0.00293064,1.52747,-1.27968,-1.55579,0,0
-1.55838,-0.00293064,1.57143,-1.28282,-1.55998,0,0
-1.56173,-0.00879097,1.59341,-1.28596,-1.55038,0,0
-1.5649,-0.00879097,1.57143,-1.2891,-1.54078,0,0
-1.56835,-0.00879097,1.57143,-1.29207,-1.53659,0,0
-1.57103,-0.00879097,1.52747,-1.29521,-1.53223,0,0
-1.5741,-0.00293064,1.52747,-1.29835,-1.54392,0,0
-1.57726,-0.00293064,1.54945,-1.30132,-1.54078,0,0
-1.58013,-0.00293064,1.50549,-1.30446,-1.52594,0,0
-1.58301,0.00293064,1.50549,-1.30743,-1.52053,0,0
-1.58598,0.00293064,1.48352,-1.31057,-1.51303,0,0
-1.58895,-0.00879097,1.48352,-1.31354,-1.51198,0,0
-1.59221,-0.0146523,1.48352,-1.3165,-1.51093,0,0
-1.59508,-0.00879097,1.52747,-1.31947,-1.50029,0,0
-1.59805,-0.00293064,1.50549,-1.32261,-1.494,0,0
-1.60102,-0.00293064,1.48352,-1.32558,-1.49069,0,0
-1.60419,-0.00293064,1.50549,-1.32855,-1.48336,0,0
-1.60697,0.00879097,1.48352,-1.33151,-1.48336,0,0
-1.60994,0.00879097,1.43956,-1.33448,-1.4844,0,0
-1.61281,0.00879097,1.46154,-1.33745,-1.4769,0,0
-1.61578,0.00879097,1.43956,-1.34041,-1.48004,0,0
-1.61837,0.00293064,1.41758,-1.34338,-1.46835,0,0
-1.62134,0.00293064,1.3956,-1.34617,-1.46189,0,0
-1.62412,0.00293064,1.41758,-1.34914,-1.47044,0,0
-1.62699,0.00293064,1.41758,-1.35211,-1.45019,0,0
-1.62977,0.00879097,1.43956,-1.35507,-1.45246,0,0
-1.63274,0.00293064,1.46154,-1.35787,-1.45124,0,0
-1.63581,-0.00293064,1.43956,-1.36083,-1.4406,0,0
-1.63878,-0.00879097,1.43956,-1.36363,-1.43641,0,0
-1.64127,-0.00879097,1.3956,-1.36659,-1.43431,0,0
-1.64434,-0.0146523,1.46154,-1.36939,-1.42785,0,0
-1.64721,-0.0146523,1.43956,-1.37218,-1.42367,0,0
-1.65009,-0.0146523,1.43956,-1.37515,-1.41721,0,0
-1.65296,-0.0205126,1.43956,-1.37794,-1.41616,0,0
-1.65593,-0.0146523,1.43956,-1.38073,-1.41197,0,0
-1.65862,-0.0146523,1.41758,-1.38352,-1.40866,0,0
-1.66168,-0.0146523,1.3956,-1.38632,-1.39906,0,0
-1.66427,-0.0205126,1.3956,-1.38911,-1.39382,0,0
-1.66705,-0.00879097,1.41758,-1.3919,-1.38841,0,0
-1.66983,-0.00293064,1.37363,-1.39469,-1.38527,0,0
-1.67261,-0.00293064,1.35165,-1.39749,-1.38632,0,0
-1.67529,-0.00293064,1.3956,-1.40028,-1.38213,0,0
-1.67797,0.00293064,1.3956,-1.40307,-1.37148,0,0
-1.68075,0.00293064,1.37363,-1.40569,-1.37567,0,0
-1.68372,0.00879097,1.35165,-1.40848,-1.36921,0,0
-1.68612,0.00879097,1.37363,-1.41127,-1.36921,0,0
-1.68899,0.00879097,1.37363,-1.41389,-1.35752,0,0
-1.69148,0.00879097,1.32967,-1.41668,-1.34373,0,0
-1.69417,0.00879097,1.32967,-1.4193,-1.35647,0,0
-1.69695,0.00879097,1.32967,-1.42209,-1.34687,0,0
-1.69934,0.00879097,1.30769,-1.42471,-1.34268,0,0
-1.70203,-0.00293064,1.28571,-1.42733,-1.32994,0,0
-1.7049,-0.00293064,1.28571,-1.43012,-1.32453,0,0
-1.7073,-0.00293064,1.35165,-1.43274,-1.32558,0,0
-1.71017,-0.00293064,1.32967,-1.43536,-1.32139,0,0
-1.71276,-0.00293064,1.35165,-1.43798,-1.31284,0,0
-1.71515,-0.00879097,1.30769,-1.4406,-1.30324,0,0
-1.71784,-0.00879097,1.26374,-1.44321,-1.30865,0,0
-1.72033,-0.0146523,1.28571,-1.44583,-1.31074,0,0
-1.72311,-0.0146523,1.32967,-1.44845,-1.29678,0,0
-1.72569,-0.0146523,1.28571,-1.45107,-1.2905,0,0
-1.72809,-0.00879097,1.28571,-1.45351,-1.28404,0,0
-1.73058,-0.00879097,1.24176,-1.45613,-1.27653,0,0
-1.73317,-0.00879097,1.26374,-1.45875,-1.2788,0,0
-1.73585,-0.0146523,1.28571,-1.46119,-1.27549,0,0
-1.73834,-0.0205126,1.28571,-1.46381,-1.27235,0,0
-1.74093,-0.0146523,1.26374,-1.46643,-1.26693,0,0
-1.74342,-0.00879097,1.28571,-1.46887,-1.26484,0,0
-1.7462,-0.00293064,1.26374,-1.47149,-1.25856,0,0
-1.7486,-0.00293064,1.28571,-1.47393,-1.24355,0,0
-1.75118,-0.00293064,1.21978,-1.47637,-1.24791,0,0
-1.75348,0.00293064,1.24176,-1.47882,-1.25105,0,0
-1.75578,0.00879097,1.21978,-1.48144,-1.235,0,0
-1.75818,0.0146523,1.1978,-1.48388,-1.23604,0,0
-1.76048,0.0146523,1.17582,-1.48632,-1.2425,0,0
-1.76297,0.00879097,1.1978,-1.48877,-1.23395,0,0
-1.76546,0.00293064,1.1978,-1.49121,-1.21807,0,0
-1.76776,0.00293064,1.17582,-1.49365,-1.21911,0,0
-1.77016,0.00293064,1.15385,-1.4961,-1.21807,0,0
-1.77246,-0.00293064,1.17582,-1.49854,-1.2137,0,0
-1.77505,-0.00879097,1.21978,-1.50098,-1.21161,0,0
-1.77744,-0.00879097,1.1978,-1.50343,-1.20515,0,0
-1.77984,-0.00293064,1.21978,-1.50587,-1.19887,0,0
-1.78223,0.00293064,1.1978,-1.50814,-1.18281,0,0
-1.78482,0.00293064,1.1978,-1.51058,-1.18927,0,0
-1.78712,-0.00293064,1.1978,-1.51285,-1.18508,0,0
-1.78932,-0.00879097,1.17582,-1.5153,-1.17862,0,0
-1.79172,-0.0146523,1.17582,-1.51756,-1.17321,0,0
-1.79411,-0.0146523,1.17582,-1.52001,-1.17007,0,0
-1.79651,-0.0146523,1.21978,-1.52228,-1.16902,0,0
-1.79891,-0.0146523,1.17582,-1.52455,-1.15942,0,0
-1.80121,-0.0146523,1.1978,-1.52699,-1.15087,0,0
-1.80351,-0.0146523,1.13187,-1.52926,-1.15087,0,0
-1.80581,-0.0146523,1.13187,-1.53153,-1.14773,0,0
-1.80839,-0.00879097,1.15385,-1.5338,-1.14127,0,0
-1.81031,-0.00293064,1.17582,-1.53606,-1.13167,0,0
-1.8128,0.00293064,1.15385,-1.53833,-1.14127,0,0
-1.8151,-0.00293064,1.13187,-1.5406,-1.13604,0,0
-1.8173,-0.00293064,1.13187,-1.54287,-1.12103,0,0
-1.8196,-0.00879097,1.13187,-1.54514,-1.12434,0,0
-1.82219,-0.00879097,1.15385,-1.54741,-1.12329,0,0
-1.8242,-0.00293064,1.13187,-1.54968,-1.11893,0,0
-1.82631,0.00293064,1.10989,-1.55177,-1.11474,0,0
-1.82861,0.00293064,1.13187,-1.55404,-1.1041,0,0
-1.83072,0.00879097,1.13187,-1.55631,-1.10619,0,0
-1.83302,0.00879097,1.08791,-1.55841,-1.09973,0,0
-1.83503,0.00879097,1.08791,-1.56067,-1.09869,0,0
-1.83743,0.00879097,1.10989,-1.56294,-1.09659,0,0
-1.83954,0.00879097,1.04396,-1.56504,-1.08909,0,0
-1.84126,0.00879097,1.04396,-1.56731,-1.08699,0,0
-1.84337,0.00879097,1.04396,-1.5694,-1.0828,0,0
-1.84567,0.00879097,1.02198,-1.5715,-1.07739,0,0
-1.84768,0.00293064,1.04396,-1.57376,-1.06989,0,0
-1.84989,-0.00293064,1.04396,-1.57586,-1.06465,0,0
-1.8518,-0.00879097,1.02198,-1.57795,-1.0636,0,0
-1.8541,-0.00293064,1.06593,-1.58005,-1.0561,0,0
-1.85631,0.00293064,1.06593,-1.58214,-1.054,0,0
-1.85813,0.00293064,1.04396,-1.58424,-1.054,0,0
-1.86033,-0.00293064,1.02198,-1.58633,-1.04859,0,0
-1.86263,-0.00879097,1.06593,-1.58842,-1.04004,0,0
-1.86474,-0.0146523,1.04396,-1.59052,-1.04004,0,0
-1.86675,-0.0146523,1.06593,-1.59261,-1.03795,0,0
-1.86876,-0.00879097,1.04396,-1.59471,-1.04126,0,0
-1.87097,-0.00293064,1.06593,-1.5968,-1.03376,0,0
-1.87308,-0.00879097,1.02198,-1.5989,-1.03062,0,0
-1.87499,-0.00879097,1.02198,-1.60099,-1.02416,0,0
-1.8771,-0.0146523,1.02198,-1.60291,-1.01665,0,0
-1.87911,-0.0146523,1,-1.60501,-1.02207,0,0
-1.88113,-0.0146523,0.978024,-1.6071,-1.01875,0,0
-1.88314,-0.0146523,1,-1.60902,-1.01456,0,0
-1.88515,-0.00879097,1,-1.61111,-1.00391,0,0
-1.88707,-0.0146523,1,-1.61303,-1.00182,0,0
-1.88937,-0.00879097,1.02198,-1.61513,-1.00915,0,0
-1.89128,-0.00879097,1,-1.61705,-1.00287,0,0
-1.8933,-0.00879097,1,-1.61914,-0.995362,0,0
-1.89531,-0.00879097,1.04396,-1.62106,-0.991173,0,0
-1.89761,-0.00879097,1.04396,-1.62298,-0.98681,0,0
-1.89943,-0.00293064,1.02198,-1.62508,-0.988904,0,0
-1.90154,-0.00293064,1,-1.627,-0.990126,0,0
-1.90345,0.00293064,1.02198,-1.62892,-0.98681,0,0
-1.90556,0.00293064,1,-1.63101,-0.976163,0,0
-1.90748,-0.00293064,1,-1.63293,-0.974069,0,0
-1.90959,-0.00293064,0.978024,-1.63485,-0.976163,0,0
-1.9116,0.00293064,1.02198,-1.63677,-0.97721,0,0
-1.91342,0.00293064,0.956043,-1.63869,-0.97721,0,0
-1.91534,0.00293064,0.978024,-1.64078,-0.96988,0,0
-1.91725,0.00879097,0.934067,-1.6427,-0.964469,0,0
-1.91917,0.00879097,0.934067,-1.64462,-0.962375,0,0
-1.92128,0.00293064,0.978024,-1.64654,-0.953823,0,0
-1.92329,0.00293064,0.978024,-1.64846,-0.953823,0,0
-1.92521,0.00879097,0.978024,-1.65021,-0.95487,0,0
-1.92712,-0.00293064,0.978024,-1.65213,-0.943176,0,0
-1.92904,-0.00293064,0.956043,-1.65405,-0.940035,0,0
-1.93086,-0.00293064,0.978024,-1.65597,-0.946318,0,0
-1.93268,-0.00293064,0.956043,-1.65789,-0.930435,0,0
-1.9345,-0.00293064,0.912086,-1.65963,-0.927119,0,0
-1.9367,-0.00879097,0.912086,-1.66155,-0.922931,0,0
-1.93862,-0.0146523,0.934067,-1.6633,-0.921883,0,0
-1.94035,-0.0146523,0.956043,-1.66522,-0.917695,0,0
-1.94245,-0.00879097,0.956043,-1.66696,-0.91019,0,0
-1.94418,-0.00879097,0.956043,-1.66888,-0.908095,0,0
-1.946,-0.00293064,0.89011,-1.67063,-0.903732,0,0
-1.94801,-0.00879097,0.934067,-1.67255,-0.902685,0,0
-1.94993,-0.00879097,0.934067,-1.6743,-0.903732,0,0
-1.95204,-0.0146523,0.934067,-1.67604,-0.901637,0,0
-1.95367,-0.0146523,0.956043,-1.67796,-0.897449,0,0
-1.95558,-0.0146523,0.956043,-1.67971,-0.884533,0,0
-1.95721,-0.00293064,0.912086,-1.68145,-0.882439,0,0
-1.95913,0.00879097,0.912086,-1.6832,-0.877203,0,0
-1.96085,0.00293064,0.89011,-1.68494,-0.882439,0,0
-1.96277,-0.00293064,0.89011,-1.68669,-0.877203,0,0
-1.96449,-0.00879097,0.89011,-1.68843,-0.867604,0,0
-1.96651,-0.00879097,0.912086,-1.69018,-0.869698,0,0
-1.96804,-0.0146523,0.89011,-1.69192,-0.880344,0,0
-1.96996,-0.0146523,0.912086,-1.69367,-0.866556,0,0
-1.97168,-0.00293064,0.89011,-1.69541,-0.854688,0,0
-1.9735,-0.00293064,0.89011,-1.69716,-0.850499,0,0
-1.97513,0.00879097,0.846153,-1.69873,-0.852594,0,0
-1.97666,0.00879097,0.846153,-1.70047,-0.859051,0,0
-1.97829,0.00879097,0.824177,-1.70222,-0.860099,0,0
-1.98002,0.00879097,0.802197,-1.70397,-0.847358,0,0
-1.98165,0.00293064,0.802197,-1.70554,-0.837758,0,0
-1.98328,0.00293064,0.846153,-1.70728,-0.842994,0,0
-1.98519,-0.00293064,0.846153,-1.70903,-0.836711,0,0
-1.98673,-0.00293064,0.868134,-1.7106,-0.831301,0,0
-1.98836,0.00293064,0.802197,-1.71234,-0.826065,0,0
-1.98989,0.00879097,0.802197,-1.71391,-0.81856,0,0
-1.99133,0.0146523,0.758244,-1.71566,-0.823796,0,0
-1.99295,0.00879097,0.736263,-1.71723,-0.821701,0,0
-1.99468,0.00293064,0.758244,-1.7188,-0.810008,0,0
-1.99631,0.00293064,0.802197,-1.72037,-0.80355,0,0
-1.99784,-0.00293064,0.802197,-1.72212,-0.806866,0,0
-1.99957,-0.00293064,0.824177,-1.72369,-0.810008,0,0
-2.00091,-0.00879097,0.802197,-1.72526,-0.805819,0,0
-2.00263,-0.00879097,0.78022,-1.727,-0.810008,0,0
-2.00426,-0.00879097,0.78022,-1.72857,-0.791856,0,0
-2.0058,-0.00879097,0.78022,-1.73015,-0.778068,0,0
-2.00752,-0.00879097,0.802197,-1.73172,-0.784526,0,0
-2.00896,-0.00293064,0.78022,-1.73329,-0.78121,0,0
-2.01059,-0.00293064,0.758244,-1.73468,-0.780163,0,0
-2.01231,-0.00293064,0.78022,-1.73625,-0.779115,0,0
-2.01375,-0.00293064,0.802197,-1.73783,-0.773879,0,0
-2.01538,-0.00293064,0.78022,-1.7394,-0.772658,0,0
-2.01672,-0.00293064,0.758244,-1.74097,-0.769516,0,0
-2.01854,-0.00293064,0.758244,-1.74254,-0.760964,0,0
-2.01979,-0.00293064,0.758244,-1.74393,-0.755728,0,0
-2.02122,-0.00293064,0.736263,-1.7455,-0.753633,0,0
-2.02285,-0.00879097,0.758244,-1.74708,-0.751365,0,0
-2.02429,-0.0146523,0.736263,-1.74847,-0.74927,0,0
-2.02592,-0.0205126,0.736263,-1.75004,-0.739671,0,0
-2.02736,-0.0146523,0.758244,-1.75144,-0.744034,0,0
-2.02889,-0.0205126,0.78022,-1.75301,-0.739671,0,0
-2.03061,-0.00879097,0.758244,-1.75441,-0.741765,0,0
-2.03186,-0.00879097,0.736263,-1.75598,-0.739671,0,0
-2.03301,-0.00293064,0.714287,-1.75737,-0.725883,0,0
-2.03474,-0.00879097,0.692307,-1.75877,-0.724836,0,0
-2.03617,-0.00879097,0.714287,-1.76034,-0.721519,0,0
-2.0379,-0.0146523,0.714287,-1.76174,-0.717331,0,0
-2.03934,-0.0146523,0.736263,-1.76313,-0.710873,0,0
-2.04087,-0.0146523,0.736263,-1.76453,-0.715236,0,0
-2.0425,-0.0146523,0.758244,-1.76592,-0.706684,0,0
-2.04393,-0.0146523,0.758244,-1.76732,-0.703543,0,0
-2.04518,-0.00879097,0.714287,-1.76872,-0.696038,0,0
-2.04662,-0.00293064,0.758244,-1.77011,-0.702495,0,0
-2.04796,-0.00293064,0.692307,-1.77151,-0.697085,0,0
-2.04911,0.00293064,0.714287,-1.77308,-0.70459,0,0
-2.05055,0.00293064,0.64835,-1.77448,-0.697085,0,0
-2.05218,0.00293064,0.714287,-1.7757,-0.684344,0,0
-2.05323,-0.00293064,0.626373,-1.77709,-0.690627,0,0
-2.05476,-0.00293064,0.64835,-1.77849,-0.681202,0,0
-2.0561,-0.00293064,0.67033,-1.77989,-0.688533,0,0
-2.05773,-0.00293064,0.692307,-1.78128,-0.681202,0,0
-2.05898,-0.00293064,0.67033,-1.78251,-0.668287,0,0
-2.06042,0.00293064,0.714287,-1.7839,-0.678933,0,0
-2.06147,0.00879097,0.67033,-1.7853,-0.683297,0,0
-2.06281,0.0146523,0.67033,-1.78669,-0.669334,0,0
-2.06406,0.0205126,0.604397,-1.78792,-0.659735,0,0
-2.06502,0.0146523,0.582417,-1.78931,-0.656593,0,0
-2.06617,0.00879097,0.56044,-1.79053,-0.65764,0,0
-2.06751,-0.00879097,0.582417,-1.79193,-0.65764,0,0
-2.06895,-0.0146523,0.64835,-1.79315,-0.645947,0,0
-2.07019,-0.0146523,0.64835,-1.79455,-0.649088,0,0
-2.07182,-0.00879097,0.692307,-1.79577,-0.645947,0,0
-2.07297,-0.00293064,0.64835,-1.79699,-0.626748,0,0
-2.07422,0.00879097,0.626373,-1.79839,-0.632159,0,0
-2.07537,0.00293064,0.604397,-1.79961,-0.630064,0,0
-2.07652,0.00293064,0.582417,-1.80083,-0.630064,0,0
-2.07767,0.00293064,0.582417,-1.80205,-0.617149,0,0
-2.07891,-0.00293064,0.582417,-1.80327,-0.61296,0,0
-2.08025,-0.0146523,0.582417,-1.8045,-0.617149,0,0
-2.08159,-0.0146523,0.626373,-1.80572,-0.614007,0,0
-2.08284,-0.00879097,0.626373,-1.80694,-0.593761,0,0
-2.08409,-0.00293064,0.604397,-1.80816,-0.591667,0,0
-2.08514,-0.00293064,0.604397,-1.80938,-0.589572,0,0
-2.0861,-0.00293064,0.56044,-1.81061,-0.59062,0,0
-2.08734,-0.00293064,0.582417,-1.81165,-0.594809,0,0
-2.08859,-0.00293064,0.56044,-1.81287,-0.587304,0,0
-2.08955,-0.00293064,0.56044,-1.8141,-0.576657,0,0
-2.09089,-0.00879097,0.53846,-1.81514,-0.57561,0,0
-2.09204,-0.0146523,0.53846,-1.81636,-0.572468,0,0
-2.09338,-0.0146523,0.604397,-1.81759,-0.578926,0,0
-2.09424,-0.0146523,0.56044,-1.81863,-0.57561,0,0
-2.09559,-0.0146523,0.56044,-1.81986,-0.568279,0,0
-2.09664,-0.00879097,0.582417,-1.8209,-0.555364,0,0
-2.09769,-0.00879097,0.53846,-1.82195,-0.552222,0,0
-2.09875,-0.00293064,0.582417,-1.82317,-0.555364,0,0
-2.10009,-0.00879097,0.56044,-1.82422,-0.557633,0,0
-2.10114,-0.00879097,0.53846,-1.82544,-0.559727,0,0
-2.10229,-0.00293064,0.53846,-1.82649,-0.548034,0,0
-2.10316,-0.00293064,0.516483,-1.82754,-0.541576,0,0
-2.10411,-0.00293064,0.516483,-1.82858,-0.540529,0,0
-2.10526,-0.00879097,0.494507,-1.82963,-0.538434,0,0
-2.10622,-0.0146523,0.53846,-1.83085,-0.527788,0,0
-2.10737,-0.0146523,0.53846,-1.8319,-0.531977,0,0
-2.10843,-0.00879097,0.516483,-1.83295,-0.526741,0,0
-2.10929,-0.0146523,0.494507,-1.83399,-0.520283,0,0
-2.11053,-0.0146523,0.516483,-1.83504,-0.517141,0,0
-2.11159,-0.00879097,0.516483,-1.83609,-0.518188,0,0
-2.11264,-0.00879097,0.516483,-1.83696,-0.513825,0,0
-2.1136,-0.00879097,0.53846,-1.83801,-0.512778,0,0
-2.11475,-0.00293064,0.516483,-1.83905,-0.514872,0,0
-2.11561,-0.00293064,0.494507,-1.8401,-0.501084,0,0
-2.11657,-0.00293064,0.494507,-1.84115,-0.49899,0,0
-2.11753,-0.00293064,0.494507,-1.84202,-0.504226,0,0
-2.11868,0.00293064,0.472527,-1.84307,-0.495848,0,0
-2.11954,0.00293064,0.472527,-1.84412,-0.487296,0,0
-2.1205,0.00293064,0.472527,-1.84499,-0.490438,0,0
-2.12146,0.00293064,0.472527,-1.84604,-0.48398,0,0
-2.12232,-0.00293064,0.472527,-1.84691,-0.482933,0,0
-2.12337,-0.00879097,0.472527,-1.84796,-0.492532,0,0
-2.12452,-0.00879097,0.494507,-1.849,-0.480838,0,0
-2.12548,-0.00879097,0.516483,-1.84988,-0.46705,0,0
-2.12663,-0.00293064,0.516483,-1.85075,-0.470192,0,0
-2.1274,-0.00293064,0.494507,-1.8518,-0.471239,0,0
-2.12845,-0.00293064,0.472527,-1.85267,-0.470192,0,0
-2.12922,0.00293064,0.45055,-1.85371,-0.475602,0,0
-2.13008,0.00293064,0.42857,-1.85459,-0.458498,0,0
-2.13104,0.00293064,0.45055,-1.85546,-0.449946,0,0
-2.13181,0.00293064,0.45055,-1.85633,-0.458498,0,0
-2.13277,0.00293064,0.406593,-1.85738,-0.46164,0,0
-2.13363,0.00293064,0.42857,-1.85825,-0.449946,0,0
-2.1343,0.00293064,0.406593,-1.85913,-0.449946,0,0
-2.13526,0.00293064,0.406593,-1.86,-0.446804,0,0
-2.13622,-0.00293064,0.45055,-1.86087,-0.436158,0,0
-2.13717,-0.00293064,0.42857,-1.86174,-0.432842,0,0
-2.13804,-0.00293064,0.45055,-1.86262,-0.4297,0,0
-2.13899,0.00293064,0.42857,-1.86349,-0.441394,0,0
-2.13967,0.00293064,0.45055,-1.86436,-0.437205,0,0
-2.14043,0.00293064,0.362637,-1.86523,-0.428653,0,0
-2.14129,0.00293064,0.384617,-1.86611,-0.4297,0,0
-2.14197,-0.00879097,0.42857,-1.86698,-0.414865,0,0
-2.14312,-0.00879097,0.406593,-1.86768,-0.416959,0,0
-2.14379,-0.00879097,0.42857,-1.86855,-0.420101,0,0
-2.14465,-0.00879097,0.42857,-1.86942,-0.411549,0,0
-2.14532,-0.00293064,0.384617,-1.8703,-0.405266,0,0
-2.14599,0.00293064,0.362637,-1.87099,-0.404218,0,0
-2.14676,0.00879097,0.362637,-1.87187,-0.400902,0,0
-2.14762,0.00879097,0.384617,-1.87256,-0.386067,0,0
-2.14819,0.00293064,0.34066,-1.87344,-0.391303,0,0
-2.14896,-0.00293064,0.384617,-1.87414,-0.393572,0,0
-2.14982,-0.00293064,0.384617,-1.87501,-0.399855,0,0
-2.15049,-0.00293064,0.362637,-1.87571,-0.386067,0,0
-2.15126,0.00293064,0.384617,-1.87658,-0.371057,0,0
-2.15193,-0.00293064,0.34066,-1.87728,-0.382925,0,0
-2.1527,-0.00293064,0.34066,-1.87797,-0.373326,0,0
-2.15327,-0.00293064,0.362637,-1.87867,-0.360411,0,0
-2.15413,-0.0146523,0.362637,-1.87955,-0.363727,0,0
-2.155,-0.00879097,0.34066,-1.88024,-0.356222,0,0
-2.15586,-0.00879097,0.384617,-1.88094,-0.356222,0,0
-2.15663,-0.00879097,0.406593,-1.88164,-0.348717,0,0
-2.1572,-0.00293064,0.362637,-1.88234,-0.352033,0,0
-2.15787,0.00293064,0.362637,-1.88304,-0.350811,0,0
-2.15854,0.00293064,0.34066,-1.88373,-0.341387,0,0
-2.15912,-0.00293064,0.296703,-1.88443,-0.333882,0,0
-2.1596,-0.00293064,0.31868,-1.88496,-0.327424,0,0
-2.16036,-0.00293064,0.31868,-1.88565,-0.332834,0,0
-2.16104,-0.00879097,0.296703,-1.88635,-0.328471,0,0
-2.16171,-0.00879097,0.34066,-1.88705,-0.323235,0,0
-2.16238,-0.00879097,0.296703,-1.88757,-0.314683,0,0
-2.16286,-0.00293064,0.296703,-1.88827,-0.313636,0,0
-2.16343,-0.00293064,0.296703,-1.88897,-0.31573,0,0
-2.16401,-0.00293064,0.296703,-1.88949,-0.305084,0,0
-2.16477,-0.00293064,0.296703,-1.89019,-0.299673,0,0
-2.16516,-0.00879097,0.296703,-1.89072,-0.302989,0,0
-2.16592,-0.0146523,0.296703,-1.89124,-0.300895,0,0
-2.16659,-0.0146523,0.296703,-1.89194,-0.296532,0,0
-2.16736,-0.0146523,0.31868,-1.89246,-0.285885,0,0
-2.16803,-0.0146523,0.31868,-1.89298,-0.282743,0,0
-2.1687,-0.00879097,0.31868,-1.89368,-0.284838,0,0
-2.16918,-0.00293064,0.296703,-1.89421,-0.284838,0,0
-2.16966,0.00293064,0.274727,-1.89473,-0.27838,0,0
-2.17033,0.00293064,0.296703,-1.89525,-0.275239,0,0
-2.17052,0.00293064,0.252747,-1.89578,-0.265639,0,0
-2.1711,-0.00293064,0.23077,-1.8963,-0.272097,0,0
-2.17167,-0.00293064,0.20879,-1.897,-0.276286,0,0
-2.17225,-0.00879097,0.274727,-1.89752,-0.267734,0,0
-2.17282,-0.00879097,0.252747,-1.89805,-0.27105,0,0
-2.17321,-0.00879097,0.252747,-1.89857,-0.25604,0,0
-2.17378,-0.00293064,0.252747,-1.89909,-0.250804,0,0
-2.17435,-0.00293064,0.252747,-1.89962,-0.251851,0,0
-2.17474,0.00293064,0.252747,-1.89997,-0.253946,0,0
-2.17531,0.00293064,0.252747,-1.90049,-0.249757,0,0
-2.1756,-0.00293064,0.23077,-1.90101,-0.245393,0,0
-2.17608,-0.00293064,0.252747,-1.90154,-0.244346,0,0
-2.17665,-0.00293064,0.23077,-1.90206,-0.235794,0,0
-2.17704,-0.00879097,0.20879,-1.90241,-0.231605,0,0
-2.17733,-0.00879097,0.20879,-1.90293,-0.229511,0,0
-2.178,-0.00879097,0.23077,-1.90346,-0.231605,0,0
-2.17828,-0.00879097,0.20879,-1.90381,-0.223053,0,0
-2.17886,-0.00293064,0.20879,-1.90433,-0.2241,0,0
-2.17934,-0.00293064,0.23077,-1.90468,-0.215548,0,0
-2.17982,-0.00879097,0.23077,-1.9052,-0.217817,0,0
-2.1803,-0.00879097,0.20879,-1.90555,-0.225148,0,0
-2.18077,-0.00879097,0.23077,-1.90607,-0.212407,0,0
-2.18125,0.00293064,0.20879,-1.90642,-0.20176,0,0
-2.18135,0.00879097,0.20879,-1.90695,-0.210312,0,0
-2.18183,0.00293064,0.186813,-1.9073,-0.204902,0,0
-2.18202,0.00293064,0.142857,-1.90765,-0.193208,0,0
-2.1826,-0.00293064,0.164837,-1.90799,-0.194255,0,0
-2.18279,-0.00293064,0.164837,-1.90852,-0.202807,0,0
-2.18327,-0.0146523,0.186813,-1.90887,-0.189019,0,0
-2.18365,-0.0146523,0.186813,-1.90922,-0.183609,0,0
-2.18422,-0.0146523,0.20879,-1.90957,-0.187972,0,0
-2.18451,-0.0146523,0.20879,-1.90991,-0.178373,0,0
-2.18499,-0.00293064,0.186813,-1.91026,-0.177326,0,0
-2.18528,-0.00879097,0.164837,-1.91061,-0.171915,0,0
-2.18557,-0.00879097,0.142857,-1.91096,-0.178373,0,0
-2.18595,-0.00293064,0.164837,-1.91131,-0.172962,0,0
-2.18633,-0.00293064,0.164837,-1.91166,-0.167726,0,0
-2.18662,0.00293064,0.164837,-1.91201,-0.15708,0,0
-2.18681,-0.00293064,0.142857,-1.91236,-0.163363,0,0
-2.1872,0.00293064,0.142857,-1.91271,-0.162316,0,0
-2.18767,-0.00293064,0.186813,-1.91306,-0.162316,0,0
-2.18796,-0.00293064,0.164837,-1.91323,-0.156032,0,0
-2.18796,-0.00293064,0.12088,-1.91358,-0.153764,0,0
-2.18844,-0.00879097,0.12088,-1.91393,-0.154811,0,0
-2.18873,-0.00293064,0.142857,-1.91428,-0.152716,0,0
-2.18882,-0.00879097,0.12088,-1.91445,-0.149575,0,0
-2.18902,-0.00879097,0.12088,-1.9148,-0.14207,0,0
-2.1895,-0.00879097,0.12088,-1.91515,-0.139975,0,0
-2.18959,-0.0146523,0.12088,-1.91533,-0.145211,0,0
-2.18998,-0.00879097,0.142857,-1.91567,-0.137881,0,0
-2.19026,-0.00879097,0.12088,-1.91585,-0.12514,0,0
-2.19036,-0.00879097,0.0988998,-1.9162,-0.126187,0,0
-2.19074,-0.00293064,0.12088,-1.91637,-0.129329,0,0
-2.19093,-0.00293064,0.12088,-1.91672,-0.121824,0,0
-2.19112,-0.00293064,0.12088,-1.9169,-0.114319,0,0
-2.19132,-0.00879097,0.0988998,-1.91707,-0.117635,0,0
-2.1918,-0.00879097,0.142857,-1.91742,-0.114319,0,0
-2.19189,-0.00293064,0.0988998,-1.91759,-0.114319,0,0
-2.19218,-0.00293064,0.0988998,-1.91777,-0.103673,0,0
-2.19237,-0.00293064,0.0988998,-1.91794,-0.100531,0,0
-2.19256,-0.00293064,0.0988998,-1.91812,-0.0973894,0,0
-2.19285,0.00293064,0.0988998,-1.91847,-0.102625,0,0
-2.19295,-0.00293064,0.0549469,-1.91864,-0.104894,0,0
-2.19304,-0.00293064,0.0769234,-1.91882,-0.095295,0,0
-2.19323,-0.00293064,0.0769234,-1.91899,-0.0888373,0,0
-2.19342,-0.00293064,0.0769234,-1.91916,-0.0888373,0,0
-2.19352,-0.00293064,0.0549469,-1.91934,-0.0877901,0,0
-2.19362,0.00293064,0.0329666,-1.91951,-0.0888373,0,0
-2.19371,-0.00293064,0.0549469,-1.91969,-0.079238,0,0
-2.19381,-0.00293064,0.0549469,-1.91986,-0.0706859,0,0
-2.194,-0.00293064,0.0549469,-1.92004,-0.0717331,0,0
-2.19419,-0.00293064,0.0329666,-1.92004,-0.0717331,0,0
-2.19419,-0.00879097,0.0769234,-1.92021,-0.0717331,0,0
-2.19457,-0.00879097,0.0329666,-1.92039,-0.0621337,0,0
-2.19448,-0.00879097,0.0329666,-1.92056,-0.0600394,0,0
-2.19457,-0.00879097,0.0549469,-1.92056,-0.0633555,0,0
-2.19467,-0.00293064,0.0329666,-1.92074,-0.0525344,0,0
-2.19467,-0.00293064,0.0329666,-1.92091,-0.0441568,0,0
-2.19467,-0.00293064,0.0329666,-1.92091,-0.0462512,0,0
-2.19496,-0.00293064,0.0329666,-1.92108,-0.0483456,0,0
-2.19505,-0.00879097,0.0329666,-1.92108,-0.0387463,0,0
-2.19505,-0.00293064,0.0329666,-1.92126,-0.0418879,0,0
-2.19515,-0.00293064,0.0329666,-1.92126,-0.0431097,0,0
-2.19505,-0.00293064,0.0109901,-1.92126,-0.029147,0,0
-2.19515,-0.00293064,0.0109901,-1.92143,-0.0301942,0,0
-2.19515,-0.00293064,-0.0109901,-1.92143,-0.0280998,0,0
-2.19534,-0.00293064,0.0109901,-1.92143,-0.0280998,0,0
-2.19515,-0.00879097,-0.0109901,-1.92161,-0.0260054,0,0
-2.19515,-0.00293064,-0.0109901,-1.92161,-0.00890118,0,0
-2.19534,-0.00879097,0.0109901,-1.92161,-0.0122173,0,0
-2.19525,-0.00879097,0.0109901,-1.92161,-0.0132645,0,0
-2.19553,-0.00879097,0.0109901,-1.92161,0.00471239,0,0
-2.19534,-0.00879097,0.0109901,-1.92161,-0.0015708,0,0
-2.19525,-0.00293064,0.0109901,-1.92161,-0.000349066,0,0
-2.19544,-0.00293064,0.0109901,-1.92161,0.00680679,0,0
-2.19534,-0.00293064,-0.0329666,-1.92161,0.00785398,0,0
-2.19534,-0.00293064,-0.0329666,-1.92161,0.0101229,0,0
-2.19534,-0.00879097,-0.0109901,-1.92161,0.0218166,0,0
-2.19544,-0.00879097,-0.0329666,-1.92143,0.0218166,0,0
-2.19534,-0.00879097,-0.0109901,-1.92143,0.0207694,0,0
-2.19534,-0.00879097,0.0109901,-1.92143,0.0143117,0,0
-2.19534,-0.00879097,-0.0109901,-1.92143,0.00785398,0,0
-2.19515,-0.00879097,-0.0549469,-1.92143,0.0132645,0,0
-2.19515,-0.00293064,-0.0329666,-1.92143,0.00575959,0,0
-2.19515,-0.00879097,-0.0329666,-1.92143,0.0164061,0,0
-2.19515,-0.00293064,0.0109901,-1.92126,0.0185005,0,0
-2.19496,-0.00293064,-0.0329666,-1.92126,0.0228638,0,0
-2.19496,-0.00293064,-0.0549469,-1.92126,0.0197222,0,0
-2.19496,-0.00293064,-0.0329666,-1.92126,0.0197222,0,0
-2.19505,-0.00293064,0.0329666,-1.92108,0.0174533,0,0
-2.19496,-0.00879097,-0.0329666,-1.92108,0.023911,0,0
-2.19496,-0.00879097,-0.0769234,-1.92108,0.0228638,0,0
-2.19496,-0.00293064,-0.0109901,-1.92108,0.0228638,0,0
-2.19477,-0.00293064,-0.0109901,-1.92091,0.0218166,0,0
-2.19486,-0.00879097,-0.0329666,-1.92091,0.023911,0,0
-2.19477,-0.00293064,-0.0109901,-1.92091,0.0218166,0,0
-2.19467,-0.00293064,-0.0549469,-1.92091,0.0197222,0,0
-2.19457,-0.00293064,-0.0329666,-1.92091,0.0164061,0,0
-2.19467,-0.00879097,-0.0109901,-1.92074,0.0207694,0,0
-2.19467,-0.00879097,-0.0109901,-1.92074,0.0260054,0,0
-2.19467,-0.00879097,-0.0329666,-1.92074,0.0260054,0,0
-2.19457,-0.00879097,-0.0109901,-1.92056,0.0207694,0,0
-2.19457,-0.00879097,-0.0549469,-1.92056,0.0218166,0,0
-2.19438,-0.00879097,-0.0329666,-1.92056,0.023911,0,0
-2.19457,-0.00879097,-0.0109901,-1.92056,0.0143117,0,0
-2.19438,-0.00879097,-0.0329666,-1.92056,0.0101229,0,0
-2.19457,-0.00879097,-0.0109901,-1.92039,0.0218166,0,0
-2.19438,-0.00879097,-0.0109901,-1.92039,0.0174533,0,0
-2.19448,-0.0146523,-0.0109901,-1.92039,0.0174533,0,0
-2.19438,-0.0146523,-0.0109901,-1.92039,0.0143117,0,0
-2.19429,-0.0146523,-0.0329666,-1.92039,0.023911,0,0
-2.19438,-0.0146523,-0.0109901,-1.92021,0.0174533,0,0
-2.19438,-0.00879097,-0.0329666,-1.92021,0.0111701,0,0
-2.19438,-0.00879097,-0.0109901,-1.92021,0.0101229,0,0
-2.19419,-0.00293064,-0.0109901,-1.92021,0.0132645,0,0
-2.19429,-0.00293064,-0.0109901,-1.92021,0.0111701,0,0
-2.19419,-0.00879097,-0.0109901,-1.92021,0.00785398,0,0
-2.19419,-0.00879097,0.0109901,-1.92021,0.0153589,0,0
-2.19438,-0.00879097,-0.0109901,-1.92004,0.00366519,0,0
-2.19429,-0.00293064,-0.0109901,-1.92004,0.002618,0,0
-2.194,-0.00879097,-0.0549469,-1.92004,0.0164061,0,0
-2.19419,-0.00293064,-0.0109901,-1.92004,0.00907572,0,0
-2.19419,0.00293064,-0.0329666,-1.92004,0.00471239,0,0
-2.19429,-0.00293064,-0.0109901,-1.92004,-0.000349066,0,0
-2.19419,-0.00293064,-0.0109901,-1.92004,0.0015708,0,0
-2.19429,-0.00879097,0.0109901,-1.92004,0.00366519,0,0
-2.19429,-0.00293064,-0.0329666,-1.92004,-0.0015708,0,0
-2.19419,-0.00879097,0.0109901,-1.92004,0.00575959,0,0
-2.19419,-0.00879097,-0.0109901,-1.92004,0.00575959,0,0
-2.1941,-0.00879097,-0.0329666,-1.92004,-0.00471239,0,0
-2.19429,-0.00879097,-0.0109901,-1.92004,-0.00366519,0,0
-2.19419,-0.00293064,0.0109901,-1.92004,-0.00575959,0,0
-2.19429,-0.00293064,-0.0109901,-1.92004,-0.0015708,0,0
-2.19419,-0.00293064,-0.0109901,-1.92004,0.00366519,0,0
-2.1941,-0.00879097,-0.0109901,-1.92004,0.0015708,0,0
-2.19419,-0.00879097,-0.0109901,-1.92004,-0.00680679,0,0
-2.19419,-0.0146523,-0.0109901,-1.92004,-0.000349066,0,0
-2.19419,-0.00879097,-0.0109901,-1.92004,0.002618,0,0
-2.19419,-0.00879097,-0.0109901,-1.92004,-0.0015708,0,0
-2.19419,-0.00879097,0.0109901,-1.92004,0.0015708,0,0
-2.19419,-0.00293064,0.0109901,-1.92004,0.002618,0,0
-2.19429,-0.00293064,-0.0109901,-1.92004,-0.0015708,0,0
-2.19419,-0.00293064,-0.0109901,-1.92004,-0.00575959,0,0
-2.19419,-0.00293064,-0.0109901,-1.92004,-0.00575959,0,0
-2.19429,-0.00293064,-0.0109901,-1.92004,-0.00366519,0,0
-2.19419,-0.00879097,-0.0109901,-1.92004,0.000523599,0,0
-2.19419,-0.00879097,-0.0109901,-1.92004,0.00366519,0,0
-2.19419,-0.00879097,-0.0109901,-1.92004,-0.0015708,0,0
-2.1941,-0.00293064,-0.0109901,-1.92004,-0.00785398,0,0
-2.19429,-0.00293064,0.0109901,-1.92004,0.0015708,0,0
-2.19419,0.00293064,0.0109901,-1.92004,0.0101229,0,0
-2.19419,-0.00293064,-0.0329666,-1.92004,0.00680679,0,0
-2.19438,-0.00293064,0.0109901,-1.92004,0.00471239,0,0
-2.19419,0.00293064,0.0109901,-1.92004,-0.000349066,0,0
-2.19438,-0.00879097,-0.0109901,-1.92004,-0.0015708,0,0
-2.19419,-0.00879097,-0.0329666,-1.92004,0.00366519,0,0
-2.19419,-0.00879097,-0.0109901,-1.92004,-0.00366519,0,0
-2.1941,-0.00293064,-0.0329666,-1.92004,0.0015708,0,0
-2.19419,-0.00293064,-0.0109901,-1.92004,-0.000349066,0,0
-2.19429,-0.00879097,-0.0109901,-1.92004,-0.0015708,0,0
-2.19419,-0.0146523,-0.0109901,-1.92004,0.00680679,0,0
-2.19429,-0.0146523,-0.0329666,-1.92004,0.00575959,0,0
-2.19429,-0.0146523,-0.0109901,-1.92004,0.002618,0,0
-2.19419,-0.0146523,-0.0329666,-1.92004,0.00366519,0,0
-2.19429,-0.00879097,-0.0109901,-1.92004,0.00575959,0,0
-2.19429,-0.00879097,-0.0329666,-1.92004,0.00366519,0,0
-2.19419,-0.00293064,0.0109901,-1.92004,-0.00680679,0,0
-2.19419,-0.00293064,-0.0329666,-1.92004,-0.00471239,0,0
-2.19419,-0.00879097,-0.0109901,-1.92004,-0.0015708,0,0
-2.19429,-0.00879097,-0.0329666,-1.92004,-0.000349066,0,0
-2.19429,-0.00879097,-0.0109901,-1.92004,-0.0015708,0,0
-2.19429,-0.00879097,-0.0329666,-1.92004,-0.00575959,0,0
-2.19429,-0.00879097,-0.0109901,-1.92004,0.00471239,0,0
-2.19419,-0.00879097,-0.0109901,-1.92004,0.00471239,0,0
-2.19419,-0.00293064,-0.0109901,-1.92004,-0.00366519,0,0
-2.19429,-0.00293064,-0.0109901,-1.92004,-0.000349066,0,0
-2.19419,-0.00879097,-0.0109901,-1.92004,0.00575959,0,0
-2.19419,-0.00879097,-0.0329666,-1.92004,0.00471239,0,0
-2.1941,-0.00879097,-0.0109901,-1.92004,0.00785398,0,0
-2.19419,-0.00879097,-0.0109901,-1.92004,0.00471239,0,0
-2.19438,-0.00293064,0.0549469,-1.92004,-0.00890118,0,0
-2.19419,-0.00879097,-0.0109901,-1.92004,-0.0015708,0,0
-2.19419,-0.00293064,-0.0329666,-1.92004,0.00575959,0,0
-2.19419,-0.00293064,0.0109901,-1.92004,-0.002618,0,0
-2.19429,-0.00879097,-0.0109901,-1.92004,0.002618,0,0
-2.19429,-0.00879097,-0.0109901,-1.92004,0.00680679,0,0
-2.19419,-0.00879097,-0.0109901,-1.92004,-0.00575959,0,0
-2.19438,-0.00879097,-0.0109901,-1.92004,-0.00680679,0,0
-2.19419,-0.00879097,-0.0109901,-1.92004,0.002618,0,0
-2.19419,-0.00879097,-0.0329666,-1.92004,0.002618,0,0
-2.19419,-0.00879097,-0.0109901,-1.92004,0.002618,0,0
-2.19419,-0.00879097,0.0109901,-1.92004,-0.0015708,0,0
-2.19419,-0.00879097,0.0109901,-1.92004,-0.0015708,0,0
-2.19419,-0.00879097,-0.0109901,-1.92004,0.00471239,0,0
-2.19419,-0.00879097,-0.0109901,-1.92004,0.000523599,0,0
-2.19419,-0.00879097,-0.0109901,-1.92004,-0.0143117,0,0
-2.19429,-0.00879097,-0.0109901,-1.92004,-0.00575959,0,0
-2.1941,-0.00293064,-0.0329666,-1.92004,0.0143117,0,0
-2.19438,-0.00293064,0.0109901,-1.92004,0.00471239,0,0
-2.19419,-0.00879097,-0.0329666,-1.92004,-0.00785398,0,0
-2.19429,-0.00879097,0.0109901,-1.92004,-0.0015708,0,0
-2.1941,-0.00879097,0.0109901,-1.92004,0.002618,0,0
-2.19438,-0.00879097,-0.0109901,-1.92004,-0.00575959,0,0
-2.19419,-0.00879097,-0.0109901,-1.92004,0.002618,0,0
-2.19419,-0.00879097,-0.0329666,-1.92004,0.000523599,0,0
-2.19419,-0.00879097,-0.0109901,-1.92004,-0.00366519,0,0
-2.19438,-0.00293064,0.0109901,-1.92004,0.002618,0,0
-2.19429,-0.00879097,-0.0109901,-1.92004,0.00785398,0,0
-2.19419,-0.00879097,-0.0109901,-1.92004,0.0015708,0,0
-2.19419,-0.0146523,-0.0109901,-1.92004,-0.0015708,0,0
-2.19419,-0.0146523,0.0109901,-1.92004,0.002618,0,0
-2.19438,-0.00879097,-0.0329666,-1.92004,-0.00471239,0,0
-2.19429,-0.00879097,0.0109901,-1.92004,-0.000349066,0,0
-2.19419,-0.00879097,-0.0329666,-1.92004,0.0015708,0,0
-2.19419,-0.00293064,-0.0329666,-1.92004,0.00366519,0,0
-2.19429,-0.00293064,-0.0329666,-1.92004,0.00366519,0,0
-2.19419,-0.00879097,-0.0109901,-1.92004,0.00471239,0,0
-2.19419,-0.00293064,-0.0109901,-1.92004,0.000523599,0,0
-2.19419,-0.00879097,-0.0109901,-1.92004,-0.00471239,0,0
-2.19429,-0.00879097,0.0109901,-1.92004,-0.00680679,0,0
-2.19419,-0.00879097,-0.0109901,-1.92004,-0.00366519,0,0
-2.19429,-0.00879097,-0.0109901,-1.92004,-0.00680679,0,0
-2.1941,-0.00879097,-0.0109901,-1.92004,-0.002618,0,0
-2.19419,-0.00879097,-0.0109901,-1.92004,-0.00785398,0,0
-2.19438,-0.00293064,0.0109901,-1.92004,-0.00575959,0,0
-2.19429,-0.00879097,-0.0109901,-1.92004,0.00366519,0,0
-2.19429,-0.00879097,-0.0329666,-1.92004,0.000523599,0,0
-2.19419,-0.00879097,-0.0109901,-1.92004,0.000523599,0,0
-2.19419,-0.00879097,0.0109901,-1.92004,-0.000349066,0,0
-2.19419,-0.00879097,0.0109901,-1.92004,-0.0015708,0,0
-2.19419,-0.00293064,-0.0109901,-1.92004,0.000523599,0,0
-2.19429,-0.00293064,-0.0109901,-1.92004,0.00366519,0,0
-2.19438,-0.00879097,-0.0109901,-1.92004,0.00907572,0,0
-2.19429,-0.00879097,-0.0329666,-1.92004,0.002618,0,0
-2.19429,-0.00879097,-0.0109901,-1.92004,0.002618,0,0
-2.19419,-0.00879097,-0.0329666,-1.92004,-0.00366519,0,0
-2.19438,-0.00879097,-0.0329666,-1.92004,0.00907572,0,0
-2.19429,-0.00879097,-0.0329666,-1.92004,0.000523599,0,0
-2.19419,-0.00293064,-0.0109901,-1.92004,-0.00366519,0,0
-2.19419,-0.00293064,-0.0109901,-1.92004,-0.00575959,0,0
-2.19419,-0.00293064,-0.0109901,-1.92004,0.000523599,0,0
-2.19419,-0.00879097,0.0109901,-1.92004,-0.00471239,0,0
-2.19419,-0.00879097,-0.0329666,-1.92004,-0.00366519,0,0
-2.19419,-0.00879097,0.0109901,-1.92004,-0.000349066,0,0
-2.19438,-0.00879097,-0.0109901,-1.92004,0.00366519,0,0
-2.19419,-0.00879097,-0.0329666,-1.92004,-0.00471239,0,0
-2.19429,-0.00879097,-0.0109901,-1.92004,-0.0015708,0,0
-2.19429,-0.00879097,-0.0109901,-1.92004,-0.0015708,0,0
-2.19419,-0.00293064,-0.0329666,-1.92004,0.00785398,0,0
-2.19419,-0.00293064,-0.0109901,-1.92004,0.00471239,0,0
-2.19438,-0.00293064,0.0109901,-1.92004,-0.002618,0,0
-2.19419,-0.00293064,-0.0329666,-1.92004,-0.002618,0,0
-2.19429,-0.00879097,-0.0329666,-1.92004,-0.000349066,0,0
-2.19419,-0.00879097,0.0109901,-1.92004,-0.002618,0,0
-2.19419,-0.00293064,-0.0109901,-1.92004,0.00471239,0,0
-2.19429,-0.00879097,0.0109901,-1.92004,-0.0132645,0,0
-2.19429,-0.00293064,-0.0109901,-1.92004,-0.002618,0,0
-2.19419,-0.00293064,-0.0329666,-1.92004,0.00680679,0,0
-2.19419,-0.00293064,0.0109901,-1.92004,0.0015708,0,0
-2.19419,-0.00293064,-0.0109901,-1.92004,0.002618,0,0
-2.19429,-0.00293064,0.0109901,-1.92004,-0.00366519,0,0
-2.19438,-0.00293064,0.0109901,-1.92004,-0.000349066,0,0
-2.19419,-0.00879097,-0.0329666,-1.92004,0.000523599,0,0
-2.19419,-0.00879097,0.0109901,-1.92004,0.002618,0,0
-2.1941,-0.00879097,-0.0549469,-1.92004,-0.00366519,0,0
-2.19419,-0.00879097,0.0109901,-1.92004,0.000523599,0,0
-2.19419,-0.0146523,-0.0109901,-1.92004,0.000523599,0,0
-2.19419,-0.00879097,-0.0109901,-1.92004,-0.00366519,0,0
-2.19419,-0.00293064,-0.0109901,-1.92004,0.00366519,0,0
-2.19419,-0.00293064,-0.0329666,-1.92004,0.002618,0,0
-2.19429,-0.00293064,0.0109901,-1.92004,0.0015708,0,0
-2.19429,-0.00293064,-0.0109901,-1.92004,0.0015708,0,0
-2.19419,-0.00879097,-0.0109901,-1.92004,0.002618,0,0
-2.19419,-0.00879097,-0.0109901,-1.92004,0.00366519,0,0
-2.19419,-0.00879097,-0.0109901,-1.92004,-0.000349066,0,0
-2.19419,-0.00879097,-0.0109901,-1.92004,-0.00366519,0,0
-2.1941,-0.00879097,-0.0109901,-1.92004,0.0015708,0,0
-2.19429,-0.00293064,0.0109901,-1.92004,0.00366519,0,0
-2.19419,-0.00293064,-0.0329666,-1.92004,0.002618,0,0
-2.19419,-0.00293064,0.0109901,-1.92004,-0.000349066,0,0
-2.19419,-0.00879097,-0.0109901,-1.92004,-0.0015708,0,0
-2.19419,-0.00879097,-0.0109901,-1.92004,0.000523599,0,0
-2.19438,-0.00879097,0.0109901,-1.92004,-0.0015708,0,0
-2.1941,-0.00293064,-0.0109901,-1.92004,0.00575959,0,0
-2.19419,-0.00293064,-0.0329666,-1.92004,-0.0015708,0,0
-2.19419,-0.00293064,0.0109901,-1.92004,-0.00680679,0,0
-2.19419,-0.00293064,0.0329666,-1.92004,-0.00366519,0,0
-2.19429,-0.00293064,-0.0329666,-1.92004,0.00366519,0,0
-2.19438,-0.00293064,0.0109901,-1.92004,0.0015708,0,0
-2.19429,-0.00293064,-0.0109901,-1.92004,0.000523599,0,0
-2.19419,-0.00879097,-0.0329666,-1.92004,-0.000349066,0,0
-2.19429,-0.00879097,-0.0109901,-1.92004,0.0015708,0,0
-2.19419,-0.00879097,-0.0109901,-1.92004,-0.00785398,0,0
-2.19419,-0.00879097,-0.0109901,-1.92004,0.0015708,0,0
-2.19429,-0.00879097,-0.0109901,-1.92004,0.00366519,0,0
-2.19419,-0.00879097,-0.0109901,-1.92004,0.00575959,0,0
-2.19419,-0.00293064,-0.0109901,-1.92004,-0.000349066,0,0
-2.19419,-0.00293064,-0.0109901,-1.92004,-0.00366519,0,0
-2.19429,-0.00293064,-0.0109901,-1.92004,0.000523599,0,0
-2.19438,-0.00879097,-0.0109901,-1.92004,0.00785398,0,0
-2.19419,-0.00293064,-0.0109901,-1.92004,-0.0015708,0,0
-2.19438,-0.00879097,0.0109901,-1.92004,-0.00680679,0,0
-2.19419,-0.00879097,-0.0329666,-1.92004,0.00907572,0,0
-2.19419,-0.00879097,-0.0329666,-1.92004,-0.000349066,0,0
-2.19419,-0.00879097,-0.0329666,-1.92004,-0.00471239,0,0
-2.19419,-0.00293064,0.0329666,-1.92004,-0.000349066,0,0
-2.19419,-0.00293064,0.0109901,-1.92004,-0.0015708,0,0
-2.19419,-0.00293064,-0.0329666,-1.92004,0.00575959,0,0
-2.1941,0.00293064,-0.0329666,-1.92004,-0.002618,0,0
-2.19419,0.00293064,-0.0109901,-1.92004,-0.002618,0,0
-2.19419,-0.00293064,-0.0109901,-1.92004,-0.00680679,0,0
-2.19429,-0.00879097,0.0109901,-1.92004,0.002618,0,0
-2.19429,-0.00879097,-0.0109901,-1.92004,-0.0015708,0,0
-2.19438,-0.00879097,0.0109901,-1.92004,0.00907572,0,0
-2.19419,-0.00879097,0.0109901,-1.92004,0.0015708,0,0
-2.19429,-0.00879097,-0.0549469,-1.92004,-0.00366519,0,0
-2.19429,-0.00879097,-0.0109901,-1.92004,-0.00471239,0,0
-2.19419,-0.00879097,-0.0109901,-1.92004,-0.00575959,0,0
-2.19438,-0.00879097,-0.0109901,-1.92004,-0.00680679,0,0
-2.19429,-0.00879097,-0.0549469,-1.92004,-0.00366519,0,0
-2.19429,-0.00879097,0.0109901,-1.92004,0.00366519,0,0
-2.19419,-0.00879097,-0.0109901,-1.92004,0.00575959,0,0
-2.19419,-0.00293064,-0.0109901,-1.92004,0.0015708,0,0
-2.19419,-0.00293064,-0.0109901,-1.92004,-0.00366519,0,0
-2.19438,-0.00293064,-0.0549469,-1.92004,0.000523599,0,0
-2.19419,-0.00293064,0.0109901,-1.92004,0.00680679,0,0
-2.19419,-0.00293064,-0.0329666,-1.92004,0.00471239,0,0
-2.19419,-0.00293064,-0.0109901,-1.92004,0.00575959,0,0
-2.1941,-0.00879097,-0.0329666,-1.92004,-0.00680679,0,0
-2.19419,-0.00879097,-0.0109901,-1.92004,0.000523599,0,0
-2.19419,-0.00879097,-0.0109901,-1.92004,0.00680679,0,0
-2.19438,-0.00879097,0.0109901,-1.92004,0.00366519,0,0
-2.19419,-0.00293064,0.0109901,-1.92004,-0.0015708,0,0
-2.19419,-0.00879097,-0.0109901,-1.92004,-0.00366519,0,0
-2.19429,-0.00293064,-0.0109901,-1.92004,0.000523599,0,0
-2.19419,-0.00293064,-0.0109901,-1.92004,0.00366519,0,0
-2.19429,-0.00293064,-0.0109901,-1.92004,-0.0015708,0,0
-2.19419,-0.00293064,-0.0109901,-1.92004,0.000523599,0,0
-2.19429,-0.00879097,-0.0109901,-1.92004,-0.00890118,0,0
-2.1941,-0.00879097,-0.0329666,-1.92004,0.00366519,0,0
-2.19438,-0.00879097,-0.0329666,-1.92004,0.00366519,0,0
-2.19429,-0.00879097,0.0109901,-1.92004,-0.00471239,0,0
-2.19419,-0.00293064,-0.0109901,-1.92004,-0.000349066,0,0
-2.19429,-0.00293064,-0.0109901,-1.92004,0.000523599,0,0
-2.19419,-0.00293064,-0.0329666,-1.92004,-0.002618,0,0
-2.19438,-0.00879097,0.0109901,-1.92004,0.00785398,0,0
-2.19429,-0.00293064,-0.0109901,-1.92004,0.002618,0,0
-2.19429,-0.00293064,0.0109901,-1.92004,0.000523599,0,0
-2.19419,-0.00879097,-0.0109901,-1.92004,-0.000349066,0,0
-2.19429,-0.00879097,-0.0109901,-1.92004,0.0015708,0,0
-2.19419,-0.00879097,-0.0109901,-1.92004,0.00366519,0,0
-2.19429,-0.00879097,0.0109901,-1.92004,-0.00575959,0,0
-2.19419,-0.00879097,-0.0109901,-1.92004,-0.0015708,0,0
-2.19419,-0.00879097,-0.0329666,-1.92004,0.00785398,0,0
-2.19419,-0.00293064,-0.0109901,-1.92004,0.0015708,0,0
-2.19438,-0.00293064,0.0109901,-1.92004,0.0101229,0,0
-2.19419,-0.00879097,0.0109901,-1.92004,0.0111701,0,0
-2.19419,-0.00293064,-0.0109901,-1.92004,0.000523599,0,0
-2.19419,-0.00293064,-0.0329666,-1.92004,0.002618,0,0
-2.194,-0.00879097,0.0109901,-1.92004,0.002618,0,0
-2.19429,-0.00879097,-0.0109901,-1.92004,-0.00471239,0,0
-2.19429,-0.00293064,0.0109901,-1.92004,-0.00890118,0,0
-2.19419,-0.00293064,0.0109901,-1.92004,-0.000349066,0,0
-2.19438,-0.00293064,-0.0109901,-1.92004,-0.000349066,0,0
-2.19429,-0.00293064,-0.0109901,-1.92004,-0.000349066,0,0
-2.19419,-0.00293064,-0.0109901,-1.92004,-0.000349066,0,0
-2.19419,-0.00293064,-0.0109901,-1.92004,0.002618,0,0
-2.19419,-0.00879097,-0.0329666,-1.92004,0.002618,0,0
-2.19419,-0.00879097,-0.0109901,-1.92004,-0.00471239,0,0
-2.19438,-0.00293064,0.0109901,-1.92004,0.00366519,0,0
-2.19419,-0.00879097,-0.0329666,-1.92004,0.00785398,0,0
-2.19419,-0.00879097,-0.0109901,-1.92004,0.000523599,0,0
-2.19429,-0.00293064,0.0109901,-1.92004,-0.00366519,0,0
-2.19429,-0.00879097,-0.0109901,-1.92004,0.00575959,0,0
-2.19419,-0.00879097,-0.0549469,-1.92004,-0.00471239,0,0
-2.19429,-0.0146523,0.0109901,-1.92004,-0.0015708,0,0
-2.19429,-0.00879097,-0.0109901,-1.92004,0.002618,0,0
-2.19438,-0.00879097,-0.0329666,-1.92004,0.00366519,0,0
-2.19419,-0.00879097,0.0109901,-1.92004,0.0015708,0,0
-2.19438,-0.00879097,-0.0329666,-1.92004,-0.00471239,0,0
-2.19438,-0.00879097,-0.0109901,-1.92004,0.00680679,0,0
-2.19419,-0.00293064,-0.0329666,-1.91986,0.00575959,0,0
-2.19429,-0.00293064,-0.0329666,-1.92004,-0.002618,0,0
-2.19419,-0.00293064,-0.0109901,-1.92004,-0.000349066,0,0
-2.19429,-0.00293064,-0.0109901,-1.91986,0.00471239,0,0
-2.19419,-0.00293064,-0.0109901,-1.91986,0.0015708,0,0
-2.19429,-0.00293064,-0.0109901,-1.91986,0.000523599,0,0
-2.19429,-0.00293064,-0.0109901,-1.92004,-0.00785398,0,0
-2.19429,-0.00879097,-0.0109901,-1.92004,-0.00366519,0,0
-2.19419,-0.00879097,-0.0329666,-1.92004,-0.000349066,0,0
-2.19438,-0.00879097,-0.0109901,-1.92004,-0.00575959,0,0
-2.19438,-0.00293064,-0.0109901,-1.92004,-0.00575959,0,0
-2.19438,-0.00879097,0.0109901,-1.92004,0.002618,0,0
-2.19448,-0.00879097,-0.0109901,-1.92004,-0.00471239,0,0
-2.19419,-0.0146523,-0.0109901,-1.92004,-0.00680679,0,0
-2.19429,-0.00879097,-0.0549469,-1.92004,0.0015708,0,0
-2.19438,-0.00879097,-0.0109901,-1.92004,0.00680679,0,0
-2.19419,-0.00879097,-0.0329666,-1.92004,0.0015708,0,0
-2.19419,-0.00293064,-0.0109901,-1.92004,-0.002618,0,0
-2.19419,-0.00293064,-0.0329666,-1.92004,-0.000349066,0,0
-2.19429,-0.00293064,0.0109901,-1.92004,0.000523599,0,0
-2.19429,-0.00293064,-0.0109901,-1.92004,0.00366519,0,0
-2.19419,-0.00879097,-0.0329666,-1.92004,0.002618,0,0
-2.1941,-0.00879097,-0.0109901,-1.92004,-0.00366519,0,0
-2.19419,-0.00879097,0.0109901,-1.92004,-0.00890118,0,0
-2.19429,-0.0146523,-0.0109901,-1.92004,-0.00575959,0,0
-2.19429,-0.00879097,-0.0109901,-1.92004,0.00366519,0,0
-2.19429,-0.00879097,-0.0109901,-1.92004,0.0153589,0,0
-2.19419,-0.00879097,-0.0329666,-1.92004,0.00471239,0,0
-2.19429,-0.00879097,-0.0329666,-1.92004,0.0015708,0,0
-2.19429,-0.00879097,0.0109901,-1.92004,-0.00471239,0,0
-2.19419,-0.00879097,-0.0109901,-1.92004,-0.00366519,0,0
-2.19438,-0.00293064,-0.0109901,-1.92004,0.00680679,0,0
-2.19419,-0.00293064,-0.0329666,-1.92004,0.000523599,0,0
-2.19419,-0.00879097,-0.0109901,-1.92004,0.00366519,0,0
-2.19438,-0.00879097,-0.0109901,-1.92004,0.0015708,0,0
-2.19429,-0.0146523,-0.0109901,-1.92004,-0.00471239,0,0
-2.19429,-0.0146523,-0.0109901,-1.92004,-0.00471239,0,0
-2.19429,-0.00879097,-0.0329666,-1.92004,0.0015708,0,0
-2.19419,-0.0146523,0.0109901,-1.92004,0.002618,0,0
-2.19419,-0.00879097,-0.0109901,-1.92004,-0.000349066,0,0
-2.19419,-0.00293064,-0.0109901,-1.92004,0.00680679,0,0
-2.19419,-0.00293064,-0.0109901,-1.92004,0.00366519,0,0
-2.19419,-0.00293064,-0.0109901,-1.92004,0.002618,0,0
-2.19419,-0.00293064,-0.0329666,-1.92004,-0.00575959,0,0
-2.19438,-0.00293064,-0.0329666,-1.92004,0.000523599,0,0
-2.19438,-0.00293064,-0.0109901,-1.92004,0.002618,0,0
-2.19429,-0.00293064,-0.0109901,-1.91986,0.00680679,0,0
-2.19419,-0.00293064,-0.0109901,-1.91986,0.00366519,0,0
-2.19438,-0.00879097,-0.0109901,-1.91986,0.0015708,0,0
-2.19419,-0.00293064,-0.0109901,-1.91986,-0.002618,0,0
-2.19429,-0.00879097,-0.0109901,-1.91986,-0.00366519,0,0
-2.19438,-0.0146523,0.0109901,-1.91986,0.00575959,0,0
-2.19419,-0.00879097,-0.0109901,-1.91986,0.00366519,0,0
-2.19419,-0.00879097,-0.0329666,-1.91986,-0.00471239,0,0
-2.19438,-0.00293064,-0.0109901,-1.91986,0.00366519,0,0
-2.19419,-0.00293064,-0.0109901,-1.91986,0.00575959,0,0
-2.19429,-0.00293064,-0.0109901,-1.91986,-0.00785398,0,0
-2.19419,-0.00879097,0.0329666,-1.92004,-0.00575959,0,0
-2.19419,-0.00293064,-0.0329666,-1.91986,0.000523599,0,0
-2.1941,-0.00293064,-0.0549469,-1.92004,-0.0015708,0,0
-2.19438,-0.00293064,-0.0329666,-1.92004,-0.00366519,0,0
-2.19419,-0.00293064,0.0109901,-1.92004,-0.000349066,0,0
-2.19419,-0.00293064,-0.0109901,-1.91986,0.00680679,0,0
-2.19419,-0.00879097,-0.0329666,-1.91986,0.00471239,0,0
-2.19429,-0.00879097,0.0109901,-1.91986,-0.000349066,0,0
-2.19438,-0.00879097,-0.0329666,-1.92004,-0.00680679,0,0
-2.19419,-0.00879097,0.0109901,-1.91986,0.0015708,0,0
-2.19429,-0.00293064,-0.0109901,-1.91986,0.002618,0,0
-2.19429,-0.00293064,-0.0109901,-1.92004,-0.00471239,0,0
-2.19438,-0.00293064,-0.0329666,-1.92004,-0.002618,0,0
-2.19429,-0.00293064,-0.0329666,-1.92004,-0.0015708,0,0
-2.19429,-0.00293064,0.0109901,-1.92004,-0.002618,0,0
-2.19438,-0.00879097,-0.0329666,-1.92004,-0.00471239,0,0
-2.19429,-0.00879097,-0.0109901,-1.92004,0.000523599,0,0
-2.19438,-0.00879097,-0.0109901,-1.92004,0.0015708,0,0
-2.19429,-0.00879097,-0.0109901,-1.92004,0.000523599,0,0
-2.19429,-0.0146523,-0.0109901,-1.92004,0.000523599,0,0
-2.19429,-0.00879097,-0.0329666,-1.92004,0.00680679,0,0
-2.19429,-0.00879097,-0.0109901,-1.92004,0.002618,0,0
-2.19448,-0.00879097,-0.0329666,-1.92004,-0.00366519,0,0
-2.19419,-0.00293064,0.0109901,-1.92004,-0.002618,0,0
-2.19419,-0.00293064,-0.0329666,-1.92004,0.000523599,0,0
-2.19419,-0.00879097,-0.0109901,-1.92004,-0.0015708,0,0
-2.19419,-0.00293064,-0.0109901,-1.92004,-0.00471239,0,0
-2.19438,-0.00293064,-0.0109901,-1.92004,0.00785398,0,0
-2.19419,0.00293064,0.0109901,-1.92004,0.00680679,0,0
-2.19429,0.00293064,-0.0109901,-1.91986,0.00785398,0,0
-2.19419,-0.00293064,-0.0329666,-1.91986,-0.00366519,0,0
-2.19419,-0.00879097,0.0109901,-1.92004,-0.00471239,0,0
-2.19419,-0.00879097,-0.0109901,-1.92004,-0.002618,0,0
-2.19419,-0.00879097,-0.0109901,-1.92004,0.002618,0,0
-2.19448,-0.00879097,0.0329666,-1.92004,-0.000349066,0,0
-2.19419,-0.00879097,-0.0329666,-1.92004,-0.002618,0,0
-2.19419,-0.00879097,-0.0109901,-1.92004,-0.00575959,0,0
-2.19438,-0.0146523,0.0109901,-1.92004,0.00680679,0,0
-2.19419,-0.0146523,-0.0109901,-1.92004,0.002618,0,0
-2.19419,-0.00879097,-0.0329666,-1.92004,-0.0015708,0,0
-2.19419,-0.00879097,-0.0109901,-1.92004,-0.00471239,0,0
-2.19438,-0.00293064,-0.0109901,-1.92004,-0.002618,0,0
-2.19429,-0.00293064,-0.0109901,-1.92004,0.0101229,0,0
-2.19419,-0.00293064,-0.0329666,-1.91986,0.0015708,0,0
-2.19419,-0.00879097,-0.0329666,-1.92004,-0.000349066,0,0
-2.19438,-0.00879097,-0.0109901,-1.91986,0.00680679,0,0
-2.19429,-0.00879097,-0.0109901,-1.91986,-0.0015708,0,0
-2.19419,-0.00879097,-0.0329666,-1.91986,0.002618,0,0
-2.19419,-0.00879097,0.0109901,-1.91986,0.00575959,0,0
-2.19438,-0.00879097,-0.0109901,-1.91986,0.0015708,0,0
-2.19419,-0.00879097,-0.0329666,-1.91986,0.0015708,0,0
-2.19429,-0.00879097,-0.0109901,-1.91986,-0.0015708,0,0
-2.19419,-0.00879097,0.0109901,-1.91986,0.000523599,0,0
-2.19429,-0.00293064,-0.0329666,-1.91986,0.000523599,0,0
-2.19429,-0.00293064,-0.0109901,-1.91986,-0.000349066,0,0
-2.19419,-0.00293064,-0.0549469,-1.91986,0.00366519,0,0
-2.19429,-0.00293064,-0.0109901,-1.91986,0.00471239,0,0
-2.19419,-0.00293064,-0.0109901,-1.91986,0.00471239,0,0
-2.19438,-0.00293064,0.0109901,-1.91986,-0.002618,0,0
-2.19419,-0.00293064,-0.0109901,-1.91986,0.00471239,0,0
-2.19419,-0.00293064,-0.0329666,-1.91986,0.00366519,0,0
-2.19419,-0.00293064,0.0109901,-1.91986,-0.0015708,0,0
-2.19419,-0.00293064,-0.0329666,-1.91986,0.00785398,0,0
-2.19419,-0.00293064,0.0109901,-1.91986,-0.00680679,0,0
-2.19419,-0.00293064,-0.0329666,-1.91986,-0.0109956,0,0
-2.19429,-0.00293064,0.0109901,-1.91986,0.00680679,0,0
-2.19429,-0.00293064,-0.0109901,-1.91986,0.00471239,0,0
-2.19429,-0.00293064,0.0109901,-1.91986,-0.0015708,0,0
-2.19429,-0.00293064,-0.0109901,-1.91986,-0.000349066,0,0
-2.19429,-0.00879097,-0.0109901,-1.91986,0.00366519,0,0
-2.19438,-0.00879097,0.0109901,-1.91986,0.00366519,0,0
-2.19419,-0.00293064,-0.0109901,-1.91986,0.0015708,0,0
-2.19438,-0.00879097,-0.0109901,-1.91986,0.0015708,0,0
-2.19429,-0.00879097,-0.0329666,-1.91986,-0.002618,0,0
-2.19419,-0.00879097,-0.0109901,-1.91986,0.00680679,0,0
-2.1941,-0.00879097,0.0329666,-1.91986,-0.000349066,0,0
-2.19429,-0.00879097,-0.0109901,-1.91986,-0.00366519,0,0
-2.19419,-0.00879097,-0.0109901,-1.91986,-0.0015708,0,0
-2.19419,-0.00293064,-0.0109901,-1.91986,0.000523599,0,0
-2.19419,-0.00293064,-0.0329666,-1.91986,0.00471239,0,0
-2.19419,-0.00293064,0.0109901,-1.91986,0.00575959,0,0
-2.19438,-0.00293064,-0.0109901,-1.91986,-0.00890118,0,0
-2.19429,-0.00293064,-0.0109901,-1.91986,0.000523599,0,0
-2.19419,-0.00879097,-0.0549469,-1.91986,0.00471239,0,0
-2.19419,-0.00879097,-0.0109901,-1.91986,-0.002618,0,0
-2.19429,-0.00879097,-0.0109901,-1.91986,-0.00575959,0,0
-2.19419,-0.00293064,-0.0109901,-1.91986,0.000523599,0,0
-2.19419,-0.00293064,-0.0329666,-1.91986,0.00575959,0,0
-2.19429,-0.00293064,0.0109901,-1.91986,0.0015708,0,0
-2.19419,-0.00293064,-0.0109901,-1.91986,-0.00575959,0,0
-2.19419,-0.00293064,-0.0109901,-1.91986,0.0015708,0,0
-2.19419,-0.00293064,-0.0109901,-1.91986,-0.002618,0,0
-2.19429,-0.00293064,-0.0109901,-1.91986,-0.000349066,0,0
-2.19419,-0.00879097,-0.0109901,-1.91986,-0.0015708,0,0
-2.19429,-0.00879097,0.0109901,-1.91986,0.0015708,0,0
-2.19429,-0.00879097,-0.0329666,-1.91986,0.00366519,0,0
-2.19438,-0.00879097,0.0109901,-1.91986,0.00471239,0,0
-2.19419,-0.00293064,-0.0329666,-1.91986,0.00366519,0,0
-2.19419,-0.00293064,-0.0109901,-1.91986,0.00471239,0,0
-2.19419,-0.00293064,-0.0109901,-1.91986,0.00575959,0,0
-2.19429,-0.00293064,-0.0109901,-1.91986,-0.002618,0,0
-2.19419,-0.00293064,-0.0109901,-1.91986,-0.00471239,0,0
-2.19419,-0.00293064,-0.0109901,-1.91986,0.0015708,0,0
-2.19419,-0.00293064,-0.0109901,-1.91986,0.000523599,0,0
-2.19419,-0.00879097,-0.0109901,-1.91986,0.00471239,0,0
-2.1941,-0.00879097,-0.0329666,-1.91986,0.002618,0,0
-2.19419,-0.00879097,-0.0109901,-1.91986,-0.00890118,0,0
-2.19438,-0.00879097,-0.0109901,-1.91986,-0.00366519,0,0
-2.19419,-0.00293064,-0.0109901,-1.91986,0.00471239,0,0
-2.19419,-0.00293064,-0.0329666,-1.91986,0.00575959,0,0
-2.19419,-0.00293064,0.0109901,-1.91986,0.00366519,0,0
-2.19429,-0.00879097,-0.0109901,-1.91986,-0.00785398,0,0
-2.19419,-0.00293064,-0.0329666,-1.91986,-0.00366519,0,0
-2.19438,-0.00293064,-0.0329666,-1.91986,0.002618,0,0
-2.19419,-0.00879097,-0.0329666,-1.91986,-0.000349066,0,0
-2.19419,-0.00879097,-0.0109901,-1.91986,0.002618,0,0
-2.19429,-0.00879097,-0.0109901,-1.91986,-0.0015708,0,0
-2.19429,-0.00293064,-0.0109901,-1.91986,-0.00575959,0,0
-2.19429,-0.00293064,-0.0329666,-1.91986,-0.00785398,0,0
-2.19419,-0.00293064,0.0109901,-1.91986,0.002618,0,0
-2.19419,-0.00293064,0.0109901,-1.91986,0.000523599,0,0
-2.19438,-0.00293064,-0.0329666,-1.91986,-0.002618,0,0
-2.19438,-0.00293064,-0.0109901,-1.91986,0.002618,0,0
-2.19429,-0.00879097,-0.0329666,-1.91986,0.0111701,0,0
-2.19438,-0.00879097,-0.0109901,-1.91986,0.002618,0,0
-2.19419,-0.00879097,-0.0109901,-1.91986,-0.00890118,0,0
-2.19429,-0.00879097,-0.0329666,-1.91986,0.00471239,0,0
-2.19429,-0.00293064,-0.0109901,-1.91986,0.000523599,0,0
-2.19438,-0.00293064,-0.0109901,-1.91986,-0.00575959,0,0
-2.1941,-0.00293064,-0.0329666,-1.91986,-0.00471239,0,0
-2.19429,-0.00293064,0.0109901,-1.91986,0.00575959,0,0
-2.19438,-0.00293064,0.0109901,-1.91986,0.00575959,0,0
-2.19438,-0.00879097,-0.0109901,-1.91986,-0.00575959,0,0
-2.19419,-0.00293064,0.0109901,-1.91986,-0.00575959,0,0
-2.19438,-0.00293064,0.0109901,-1.91986,0.000523599,0,0
-2.19438,-0.00293064,-0.0109901,-1.91986,0.000523599,0,0
-2.19429,-0.00293064,-0.0109901,-1.91986,-0.0015708,0,0
-2.19419,-0.00293064,-0.0109901,-1.91986,-0.00366519,0,0
-2.19419,-0.00293064,-0.0109901,-1.91986,-0.000349066,0,0
-2.19438,0.00293064,-0.0329666,-1.91986,-0.0015708,0,0
-2.19419,-0.00293064,-0.0109901,-1.91986,0.00366519,0,0
-2.19429,-0.00293064,-0.0329666,-1.91986,0.00366519,0,0
-2.19438,0.00293064,-0.0109901,-1.91986,0.00785398,0,0
-2.19438,-0.00293064,-0.0329666,-1.91986,0.0111701,0,0
-2.19429,-0.00293064,-0.0109901,-1.91986,0.0015708,0,0
-2.19438,0.00293064,-0.0329666,-1.91986,-0.0109956,0,0
-2.19419,-0.00293064,-0.0109901,-1.91986,0.000523599,0,0
-2.19419,-0.00293064,-0.0109901,-1.91986,0.0015708,0,0
-2.19438,-0.00293064,-0.0109901,-1.91986,-0.002618,0,0
-2.19419,-0.00293064,-0.0109901,-1.91986,-0.002618,0,0
-2.19419,-0.00879097,-0.0329666,-1.91986,0.00471239,0,0
-2.19429,-0.00879097,-0.0109901,-1.91986,-0.00575959,0,0
-2.19419,-0.00293064,-0.0109901,-1.91986,-0.00471239,0,0
-2.19438,-0.00293064,-0.0329666,-1.91986,0.00471239,0,0
-2.19429,-0.00293064,-0.0109901,-1.91986,0.00471239,0,0
-2.19438,-0.00879097,-0.0109901,-1.91986,0.00366519,0,0
-2.19419,-0.00293064,-0.0109901,-1.91986,0.000523599,0,0
-2.19429,-0.00293064,0.0109901,-1.91986,-0.00366519,0,0
-2.19419,-0.00879097,-0.0329666,-1.91986,-0.00471239,0,0
-2.19429,-0.00879097,-0.0329666,-1.91986,-0.002618,0,0
-2.19419,-0.0146523,-0.0109901,-1.91986,0.0015708,0,0
-2.19438,-0.00879097,-0.0109901,-1.91986,0.00575959,0,0
-2.19419,-0.00879097,-0.0329666,-1.91986,0.0015708,0,0
-2.1941,-0.00293064,-0.0109901,-1.91986,0.00785398,0,0
-2.19419,-0.00879097,0.0109901,-1.91986,0.00575959,0,0
-2.19419,-0.00879097,-0.0329666,-1.91986,-0.00366519,0,0
-2.19429,-0.00879097,-0.0109901,-1.91986,0.00366519,0,0
-2.19419,-0.00293064,-0.0109901,-1.91986,0.00785398,0,0
-2.19419,-0.00879097,-0.0109901,-1.91986,-0.002618,0,0
-2.19429,-0.00879097,-0.0109901,-1.91986,-0.0122173,0,0
-2.19419,-0.00293064,-0.0329666,-1.91986,-0.0015708,0,0
-2.19438,-0.00293064,0.0109901,-1.91986,-0.002618,0,0
-2.19419,-0.00879097,-0.0109901,-1.91986,-0.000349066,0,0
-2.19429,-0.00293064,0.0109901,-1.91986,0.000523599,0,0
-2.19419,-0.00293064,-0.0109901,-1.91986,-0.000349066,0,0
-2.19419,-0.00293064,-0.0109901,-1.91986,0.0015708,0,0
-2.19419,-0.00293064,-0.0329666,-1.91986,-0.0109956,0,0
-2.19419,-0.00293064,-0.0109901,-1.91986,-0.0015708,0,0
-2.19429,-0.00879097,-0.0109901,-1.91986,0.000523599,0,0
-2.19419,-0.00879097,-0.0109901,-1.91986,-0.00680679,0,0
-2.19419,-0.00879097,-0.0329666,-1.91986,-0.00785398,0,0
-2.19429,-0.00879097,0.0109901,-1.91986,0.00785398,0,0
-2.19429,-0.00879097,-0.0329666,-1.91986,-0.0015708,0,0
-2.19419,-0.00293064,-0.0109901,-1.91986,0.0015708,0,0
-2.19419,-0.00293064,-0.0109901,-1.91986,-0.0015708,0,0
-2.19429,-0.00879097,0.0109901,-1.91986,-0.00366519,0,0
-2.19419,-0.00879097,-0.0109901,-1.91986,0.002618,0,0
-2.19419,-0.00879097,0.0109901,-1.91986,0.00366519,0,0
-2.19429,-0.00879097,0.0109901,-1.91986,0.00366519,0,0
-2.19419,-0.0146523,-0.0109901,-1.91986,0.002618,0,0
-2.19429,-0.00879097,-0.0329666,-1.91986,-0.00471239,0,0
-2.19429,-0.00879097,-0.0109901,-1.91986,-0.00471239,0,0
-2.19429,-0.00879097,-0.0109901,-1.91986,-0.00680679,0,0
-2.19419,-0.00879097,0.0109901,-1.91986,-0.00575959,0,0
-2.19429,-0.00879097,-0.0109901,-1.91986,0.00471239,0,0
-2.19438,-0.00293064,-0.0109901,-1.91986,0.00575959,0,0
-2.19419,-0.00293064,-0.0109901,-1.91986,0.0015708,0,0
-2.19419,-0.00879097,-0.0109901,-1.91986,0.000523599,0,0
-2.19419,-0.00879097,-0.0329666,-1.91986,0.00907572,0,0
-2.19419,-0.0146523,-0.0109901,-1.91986,0.00366519,0,0
-2.19419,-0.0146523,-0.0329666,-1.91986,-0.00366519,0,0
-2.19419,-0.00879097,-0.0109901,-1.91986,0.0015708,0,0
-2.19429,-0.00879097,-0.0109901,-1.91986,-0.002618,0,0
-2.19419,-0.00293064,-0.0329666,-1.91986,0.00575959,0,0
-2.19419,-0.00293064,-0.0109901,-1.91986,0.002618,0,0
-2.19438,-0.00293064,0.0109901,-1.91986,-0.002618,0,0
-2.19419,-0.00293064,-0.0109901,-1.91986,-0.002618,0,0
-2.19419,-0.00293064,0.0109901,-1.91986,0.000523599,0,0
-2.19429,-0.00293064,-0.0109901,-1.91986,0.0015708,0,0
-2.19419,-0.00293064,-0.0109901,-1.91986,0.000523599,0,0
-2.19419,-0.00293064,-0.0109901,-1.91986,0.002618,0,0
-2.1941,-0.00293064,-0.0109901,-1.91986,-0.000349066,0,0
-2.19429,-0.00293064,-0.0109901,-1.91986,-0.00366519,0,0
-2.19419,-0.00293064,0.0109901,-1.91986,-0.00680679,0,0
-2.19429,-0.00293064,-0.0109901,-1.91986,0.00575959,0,0
-2.19419,-0.00879097,-0.0109901,-1.91986,0.000523599,0,0
-2.19429,-0.00879097,0.0109901,-1.91986,-0.0015708,0,0
-2.19419,-0.00879097,-0.0109901,-1.91986,-0.00366519,0,0
-2.19429,-0.00879097,-0.0109901,-1.91986,0.00680679,0,0
-2.19429,-0.00879097,0.0109901,-1.91986,0.00575959,0,0
-2.19429,-0.00879097,0.0109901,-1.91986,-0.00366519,0,0
-2.19429,-0.00879097,-0.0329666,-1.91986,0.000523599,0,0
-2.19419,-0.00879097,-0.0329666,-1.91986,0.0015708,0,0
-2.19419,-0.00293064,-0.0109901,-1.91986,-0.00680679,0,0
-2.19419,-0.00293064,0.0109901,-1.91986,-0.002618,0,0
-2.19419,-0.00879097,-0.0109901,-1.91986,-0.0015708,0,0
-2.19419,-0.00879097,-0.0109901,-1.91986,0.00575959,0,0
-2.19429,-0.00879097,-0.0109901,-1.91986,0.00680679,0,0
-2.19429,-0.00879097,-0.0109901,-1.91986,-0.0109956,0,0
-2.19429,-0.00879097,-0.0549469,-1.91986,-0.00575959,0,0
-2.19438,-0.00879097,0.0109901,-1.91986,0.0153589,0,0
-2.19419,-0.00879097,-0.0329666,-1.91986,0.0101229,0,0
-2.19429,-0.0146523,-0.0109901,-1.91986,-0.00366519,0,0
-2.19438,-0.00879097,0.0109901,-1.91986,-0.00471239,0,0
-2.1941,-0.00879097,-0.0549469,-1.91986,-0.002618,0,0
-2.19419,-0.00879097,-0.0329666,-1.91986,-0.00680679,0,0
-2.19419,-0.00293064,0.0109901,-1.91986,-0.002618,0,0
-2.19438,-0.00293064,0.0109901,-1.91986,-0.00680679,0,0
-2.19429,-0.00879097,-0.0109901,-1.91986,-0.0015708,0,0
-2.19419,-0.00879097,-0.0109901,-1.91986,0.0143117,0,0
-2.19429,-0.00879097,-0.0109901,-1.91986,0.00575959,0,0
-2.19429,-0.00293064,-0.0109901,-1.91986,0.000523599,0,0
-2.19419,-0.00879097,-0.0329666,-1.91986,0.002618,0,0
-2.19429,-0.00879097,-0.0109901,-1.91986,-0.0015708,0,0
-2.19419,-0.00293064,-0.0549469,-1.91986,-0.00994838,0,0
-2.19419,-0.00293064,-0.0109901,-1.91986,-0.002618,0,0
-2.19438,-0.00879097,-0.0329666,-1.91986,-0.0015708,0,0
-2.19438,-0.00879097,-0.0109901,-1.91986,-0.00471239,0,0
-2.19419,-0.00879097,-0.0109901,-1.91986,0.00680679,0,0
-2.19419,-0.00879097,-0.0109901,-1.91986,0.00471239,0,0
-2.19419,-0.00879097,-0.0329666,-1.91986,0.00471239,0,0
-2.19429,-0.00879097,-0.0109901,-1.91986,0.002618,0,0
-2.19429,-0.00293064,0.0109901,-1.91986,0.0015708,0,0
-2.19419,-0.00293064,-0.0109901,-1.91986,0.00575959,0,0
-2.19419,-0.00293064,-0.0329666,-1.91986,-0.00366519,0,0
-2.19419,-0.00293064,-0.0109901,-1.91986,-0.00575959,0,0
-2.19429,-0.00293064,-0.0109901,-1.91986,-0.00785398,0,0
-2.19438,-0.00293064,-0.0329666,-1.91986,0.00575959,0,0
-2.19419,-0.00293064,-0.0109901,-1.91986,0.00907572,0,0
-2.19419,-0.00293064,-0.0109901,-1.91986,-0.00366519,0,0
-2.19419,-0.00879097,-0.0109901,-1.91986,-0.00994838,0,0
-2.19429,-0.00879097,-0.0109901,-1.91986,0.00575959,0,0
-2.19429,-0.00293064,-0.0109901,-1.91986,0.00785398,0,0
-2.19419,-0.00879097,-0.0109901,-1.91986,-0.002618,0,0
-2.19419,-0.00879097,0.0109901,-1.91986,0.002618,0,0
-2.19429,-0.00293064,0.0109901,-1.91986,0.00575959,0,0
-2.19438,-0.00293064,0.0109901,-1.91986,0.00366519,0,0
-2.19429,-0.00293064,-0.0329666,-1.91986,0.000523599,0,0
-2.1941,-0.00293064,-0.0109901,-1.91986,-0.000349066,0,0
-2.19438,-0.00293064,-0.0109901,-1.91986,-0.0015708,0,0
-2.19448,-0.00879097,-0.0109901,-1.91986,-0.00575959,0,0
-2.19419,-0.00879097,-0.0109901,-1.91986,-0.00471239,0,0
-2.19429,-0.00879097,-0.0109901,-1.91986,-0.0015708,0,0
-2.19419,-0.00879097,-0.0109901,-1.91986,0.00471239,0,0
-2.19429,-0.00293064,-0.0109901,-1.91986,-0.00680679,0,0
-2.19419,-0.00293064,0.0109901,-1.91986,-0.002618,0,0
-2.19429,0.00293064,-0.0109901,-1.91986,0.0111701,0,0
-2.19438,-0.00293064,-0.0109901,-1.91986,0.00907572,0,0
-2.19419,-0.00293064,0.0109901,-1.91986,-0.00575959,0,0
-2.19429,0.00293064,-0.0109901,-1.91986,-0.0015708,0,0
-2.19429,-0.00879097,-0.0329666,-1.91986,0.00575959,0,0
-2.19438,-0.00879097,-0.0109901,-1.91986,-0.002618,0,0
-2.19429,-0.00879097,-0.0109901,-1.91986,-0.00890118,0,0
-2.19419,-0.00293064,-0.0329666,-1.91986,-0.0015708,0,0
-2.19438,-0.00293064,0.0109901,-1.91986,0.00785398,0,0
-2.19419,-0.00879097,-0.0109901,-1.91986,-0.00471239,0,0
-2.19438,-0.00879097,-0.0329666,-1.91986,-0.002618,0,0
-2.19419,-0.00293064,-0.0109901,-1.91986,-0.00366519,0,0
-2.19429,-0.00879097,-0.0109901,-1.91986,-0.0015708,0,0
-2.19419,-0.00879097,-0.0109901,-1.91986,0.00575959,0,0
-2.19419,-0.00879097,-0.0329666,-1.91986,0.0015708,0,0
-2.19429,-0.00879097,-0.0109901,-1.91986,0.0015708,0,0
-2.19419,-0.00879097,-0.0109901,-1.91986,0.00471239,0,0
-2.19419,-0.00879097,-0.0109901,-1.91986,-0.00680679,0,0
-2.19438,-0.00879097,-0.0109901,-1.91986,0.000523599,0,0
-2.19429,-0.00879097,0.0109901,-1.91986,0.00575959,0,0
-2.19419,-0.00879097,-0.0329666,-1.91986,-0.000349066,0,0
-2.19438,-0.00293064,-0.0329666,-1.91986,-0.00366519,0,0
-2.19438,-0.00293064,0.0109901,-1.91986,-0.0015708,0,0
-2.19419,-0.00293064,-0.0109901,-1.91986,-0.00471239,0,0
-2.19419,-0.00879097,0.0109901,-1.91986,-0.00785398,0,0
-2.19419,-0.00879097,-0.0329666,-1.91986,-0.00366519,0,0
-2.19419,-0.00293064,0.0109901,-1.91986,-0.00366519,0,0
-2.19438,-0.00293064,-0.0109901,-1.91986,-0.00366519,0,0
-2.19429,-0.00293064,-0.0109901,-1.91986,0.000523599,0,0
-2.19419,0.00293064,-0.0329666,-1.91986,0.002618,0,0
-2.19438,-0.00293064,0.0329666,-1.91986,-0.000349066,0,0
-2.19429,-0.00293064,-0.0109901,-1.91986,0.00785398,0,0
-2.19429,-0.00293064,0.0109901,-1.91986,0.00471239,0,0
-2.19429,-0.00293064,0.0109901,-1.91986,-0.000349066,0,0
-2.19429,-0.00293064,-0.0329666,-1.91986,-0.00471239,0,0
-2.19419,-0.00879097,-0.0329666,-1.91986,-0.00575959,0,0
-2.19419,-0.00293064,-0.0329666,-1.91986,-0.00471239,0,0
-2.19438,-0.00879097,-0.0109901,-1.91986,0.000523599,0,0
-2.19429,-0.00879097,-0.0109901,-1.91986,-0.000349066,0,0
-2.19429,-0.00879097,-0.0109901,-1.91986,-0.002618,0,0
-2.19429,-0.00879097,-0.0109901,-1.91986,0.00366519,0,0
-2.19419,-0.00879097,-0.0109901,-1.91986,0.00366519,0,0
-2.19419,-0.00879097,-0.0329666,-1.91986,-0.0015708,0,0
-2.19429,-0.00293064,0.0109901,-1.91986,0.00575959,0,0
-2.19419,-0.00293064,-0.0109901,-1.91986,0.00680679,0,0
-2.19419,-0.00879097,-0.0109901,-1.91986,0.0015708,0,0
-2.19419,-0.0146523,-0.0109901,-1.91986,0.000523599,0,0
-2.19419,-0.00879097,-0.0329666,-1.91986,0.0015708,0,0
-2.19438,-0.00879097,-0.0109901,-1.91986,-0.00471239,0,0
-2.19419,-0.0146523,-0.0109901,-1.91986,-0.00575959,0,0
-2.19419,-0.0146523,-0.0109901,-1.91986,0.0015708,0,0
-2.19429,-0.0146523,0.0109901,-1.91986,-0.0015708,0,0
-2.19419,-0.00879097,0.0109901,-1.91986,0.002618,0,0
-2.19419,-0.00879097,0.0109901,-1.91986,0.00907572,0,0
-2.19419,-0.00879097,-0.0329666,-1.91986,0.00471239,0,0
-2.19419,-0.00879097,-0.0329666,-1.91986,0.002618,0,0
-2.19429,-0.00293064,-0.0329666,-1.91986,0.000523599,0,0
-2.19419,-0.00879097,0.0109901,-1.91986,0.0015708,0,0
-2.19429,-0.00879097,-0.0109901,-1.91986,-0.002618,0,0
-2.19419,-0.00879097,-0.0109901,-1.91986,-0.00890118,0,0
-2.19429,-0.00879097,0.0109901,-1.91986,-0.00680679,0,0
-2.19419,-0.00879097,-0.0329666,-1.91986,-0.00366519,0,0
-2.19429,-0.00293064,0.0109901,-1.91986,0.00366519,0,0
-2.19429,-0.00879097,0.0109901,-1.91986,0.0111701,0,0
-2.19429,-0.00879097,-0.0109901,-1.91986,0.002618,0,0
-2.19419,-0.00879097,-0.0109901,-1.91986,-0.002618,0,0
-2.1941,-0.00879097,-0.0109901,-1.91986,0.00366519,0,0
-2.19429,-0.00879097,-0.0109901,-1.91986,0.002618,0,0
-2.19429,-0.00879097,-0.0109901,-1.91986,-0.00471239,0,0
-2.19429,-0.00879097,-0.0109901,-1.91986,-0.00366519,0,0
-2.19419,-0.00293064,-0.0109901,-1.91986,0.0015708,0,0
-2.19419,-0.00293064,-0.0109901,-1.91986,-0.002618,0,0
-2.19419,-0.00293064,-0.0329666,-1.91986,-0.000349066,0,0
-2.19429,-0.00293064,-0.0329666,-1.91986,0.00575959,0,0
-2.19419,-0.00293064,-0.0109901,-1.91986,0.00366519,0,0
-2.19429,-0.00293064,0.0109901,-1.91986,-0.000349066,0,0
-2.19419,-0.00293064,-0.0109901,-1.91986,-0.002618,0,0
-2.19419,-0.00293064,-0.0109901,-1.91986,-0.002618,0,0
-2.19419,-0.00879097,-0.0109901,-1.91986,-0.00471239,0,0
-2.19419,-0.00879097,-0.0109901,-1.91986,-0.00471239,0,0
-2.1941,-0.00879097,0.0109901,-1.91986,0.00366519,0,0
-2.19429,-0.00293064,-0.0329666,-1.91986,0.00575959,0,0
-2.19419,-0.00293064,-0.0109901,-1.91986,-0.002618,0,0
-2.19419,-0.00879097,-0.0109901,-1.91986,-0.00890118,0,0
-2.19419,-0.00879097,-0.0329666,-1.91986,0.000523599,0,0
-2.19429,-0.00293064,-0.0109901,-1.91986,0.00907572,0,0
-2.19419,-0.00879097,-0.0109901,-1.91986,0.00366519,0,0
-2.19419,-0.00879097,-0.0109901,-1.91986,-0.00785398,0,0
-2.19438,-0.00879097,0.0329666,-1.91986,-0.00366519,0,0
-2.19438,-0.00293064,-0.0109901,-1.91986,0.0111701,0,0
-2.19429,-0.00293064,0.0109901,-1.91986,0.00680679,0,0
-2.19419,-0.00293064,-0.0109901,-1.91986,-0.00785398,0,0
-2.19419,-0.00879097,-0.0329666,-1.91986,-0.00366519,0,0
-2.19419,-0.00879097,-0.0109901,-1.91986,0.00680679,0,0
-2.19438,-0.00879097,0.0109901,-1.91986,0.00680679,0,0
-2.19429,-0.00879097,0.0109901,-1.91986,0.002618,0,0
-2.19419,-0.00879097,-0.0329666,-1.91986,0.00366519,0,0
-2.19419,-0.00879097,-0.0109901,-1.91986,-0.00471239,0,0
-2.19419,-0.00879097,0.0109901,-1.91986,-0.00575959,0,0
-2.19419,-0.00879097,-0.0109901,-1.91986,0.002618,0,0
-2.19438,-0.00879097,0.0109901,-1.91986,0.00366519,0,0
-2.19419,-0.00879097,-0.0329666,-1.91986,0.002618,0,0
-2.19419,-0.00879097,-0.0329666,-1.91986,0.002618,0,0
-2.19419,-0.00879097,-0.0109901,-1.91986,0.002618,0,0
-2.19429,-0.00879097,-0.0109901,-1.91986,0.0015708,0,0
-2.19429,-0.00293064,-0.0109901,-1.91986,0.002618,0,0
-2.19419,-0.00293064,-0.0329666,-1.91986,-0.000349066,0,0
-2.19419,-0.00879097,-0.0109901,-1.91986,0.00680679,0,0
-2.19429,-0.00293064,0.0109901,-1.91986,-0.00471239,0,0
-2.19438,0.00293064,-0.0109901,-1.91986,-0.002618,0,0
-2.19419,-0.00293064,-0.0329666,-1.91986,0.00907572,0,0
-2.19429,-0.00293064,-0.0109901,-1.91986,0.0015708,0,0
-2.19438,-0.00879097,0.0109901,-1.91986,-0.002618,0,0
-2.19419,-0.00879097,-0.0329666,-1.91986,-0.00680679,0,0
-2.19438,-0.00879097,-0.0109901,-1.91986,-0.00366519,0,0
-2.19429,-0.00879097,-0.0109901,-1.91986,0.00366519,0,0
-2.19438,-0.00879097,-0.0109901,-1.91986,0.00366519,0,0
-2.19438,-0.00293064,-0.0109901,-1.91986,0.002618,0,0
-2.19429,-0.00879097,-0.0329666,-1.91986,0.00680679,0,0
-2.19419,-0.00879097,-0.0329666,-1.91986,0.00471239,0,0
-2.19429,-0.0146523,-0.0109901,-1.91986,-0.00680679,0,0
-2.19419,-0.00879097,-0.0329666,-1.91986,-0.00575959,0,0
-2.1941,-0.00879097,-0.0109901,-1.91986,0.002618,0,0
-2.19429,-0.0146523,-0.0109901,-1.91986,0.00575959,0,0
-2.19429,-0.00879097,0.0109901,-1.91986,-0.000349066,0,0
-2.19438,-0.00879097,-0.0109901,-1.91986,0.00785398,0,0
-2.19429,-0.00293064,-0.0109901,-1.91986,-0.002618,0,0
-2.19429,-0.00293064,-0.0329666,-1.91986,-0.0015708,0,0
-2.19419,-0.00879097,-0.0109901,-1.91986,0.00366519,0,0
-2.19419,-0.00879097,-0.0109901,-1.91969,0.00907572,0,0
-2.19419,-0.00879097,-0.0109901,-1.91969,0.0015708,0,0
-2.19419,-0.00879097,-0.0109901,-1.91969,0.000523599,0,0
-2.19419,-0.00879097,0.0109901,-1.91969,0.002618,0,0
-2.19429,-0.00879097,-0.0329666,-1.91969,-0.002618,0,0
-2.19419,-0.00293064,-0.0109901,-1.91969,-0.002618,0,0
-2.19438,-0.00293064,-0.0109901,-1.91969,0.002618,0,0
-2.19419,0.00293064,-0.0329666,-1.91969,0.00471239,0,0
-2.19429,-0.00879097,-0.0329666,-1.91969,-0.002618,0,0
-2.19419,-0.00879097,-0.0109901,-1.91969,-0.000349066,0,0
-2.19429,-0.00293064,-0.0109901,-1.91969,-0.0015708,0,0
-2.19438,-0.00293064,-0.0109901,-1.91969,0.000523599,0,0
-2.19419,-0.00293064,-0.0109901,-1.91969,0.0015708,0,0
-2.19429,-0.00879097,-0.0109901,-1.91969,0.0015708,0,0
-2.19419,-0.00879097,-0.0329666,-1.91969,-0.000349066,0,0
