yaw_angle_raw,yaw_torque_raw,yaw_vel_motor,yaw_angle_imu,yaw_vel_imu,target_torque,target_velocity
3.09525,0.00293064,-0.0549469,-2.90074,-0.000349066,0,0
3.09515,-0.00879097,-0.0109901,-2.90074,-0.0015708,0,0
3.09515,-0.00293064,-0.0329666,-2.90074,0.0015708,0,0
3.09515,-0.00293064,-0.0109901,-2.90074,0.00575959,0,0
3.09515,-0.00293064,-0.0109901,-2.90074,0.0015708,0,0
3.09496,-0.00879097,0.0109901,-2.90056,0.00366519,0,0
3.09515,-0.00293064,-0.0109901,-2.90056,-0.000349066,0,0
3.09515,-0.00879097,0.0109901,-2.90074,-0.00994838,0,0
3.09496,-0.00293064,0.0109901,-2.90074,-0.000349066,0,0
3.09525,-0.00293064,-0.0549469,-2.90074,-0.000349066,0,0
3.09515,-0.00293064,-0.0329666,-2.90074,-0.00366519,0,0
3.09515,-0.00293064,-0.0109901,-2.90074,0.002618,0,0
3.09515,-0.00293064,-0.0109901,-2.90074,-0.002618,0,0
3.09515,-0.00879097,-0.0109901,-2.90074,0.00785398,0,0
3.09496,-0.00879097,0.0329666,-2.90056,0.00575959,0,0
3.09515,-0.00879097,-0.0109901,-2.90056,0.000523599,0,0
3.09506,-0.00879097,-0.0109901,-2.90056,0.00680679,0,0
3.09506,-0.00879097,0.0109901,-2.90056,-0.002618,0,0
3.09515,-0.00879097,-0.0109901,-2.90074,-0.0122173,0,0
3.09515,-0.00879097,-0.0329666,-2.90074,0.002618,0,0
3.09496,-0.00293064,0.0109901,-2.90056,0.00785398,0,0
3.09496,0.00293064,0.0109901,-2.90056,0.00471239,0,0
3.09515,-0.00293064,-0.0329666,-2.90056,-0.00680679,0,0
3.09515,-0.00293064,-0.0109901,-2.90074,-0.00366519,0,0
3.09515,-0.00879097,-0.0109901,-2.90056,0.0015708,0,0
3.09496,-0.00879097,0.0109901,-2.90056,0.00785398,0,0
3.09515,-0.00293064,-0.0109901,-2.90056,0.00575959,0,0
3.09515,-0.00293064,0.0109901,-2.90056,-0.002618,0,0
3.09506,-0.00293064,0.0109901,-2.90056,-0.0015708,0,0
3.09525,-0.00293064,-0.0549469,-2.90056,-0.002618,0,0
3.09525,-0.00879097,-0.0329666,-2.90056,0.00680679,0,0
3.09515,-0.00293064,-0.0329666,-2.90056,0.000523599,0,0
3.09506,-0.00879097,-0.0109901,-2.90056,0.000523599,0,0
3.09506,-0.00879097,-0.0109901,-2.90056,0.00680679,0,0
3.09506,-0.00293064,-0.0109901,-2.90056,0.00785398,0,0
3.09515,-0.00293064,-0.0109901,-2.90056,0.00366519,0,0
3.09515,0.00293064,-0.0329666,-2.90056,0.002618,0,0
3.09515,0.00293064,-0.0329666,-2.90056,0.000523599,0,0
3.09506,-0.00879097,0.0109901,-2.90056,-0.00366519,0,0
3.09515,-0.00879097,-0.0109901,-2.90056,0.000523599,0,0
3.09515,-0.00879097,-0.0329666,-2.90056,-0.0015708,0,0
3.09525,-0.00293064,-0.0109901,-2.90056,-0.00680679,0,0
3.09496,-0.00293064,0.0109901,-2.90056,-0.00785398,0,0
3.09506,-0.00293064,0.0109901,-2.90056,-0.002618,0,0
3.09496,-0.00879097,0.0109901,-2.90056,-0.0015708,0,0
3.09525,-0.00879097,-0.0329666,-2.90056,0.002618,0,0
3.09515,-0.00879097,-0.0329666,-2.90056,0.0015708,0,0
3.09525,-0.00879097,-0.0329666,-2.90056,0.0015708,0,0
3.09515,-0.00293064,-0.0109901,-2.90056,0.00471239,0,0
3.09515,0.00293064,0.0109901,-2.90056,-0.00890118,0,0
3.09506,-0.00293064,0.0109901,-2.90056,-0.00994838,0,0
3.09515,-0.00293064,-0.0329666,-2.90056,0.002618,0,0
3.09506,-0.00879097,0.0109901,-2.90056,0.00366519,0,0
3.09515,-0.00879097,-0.0329666,-2.90056,0.000523599,0,0
3.09525,-0.00879097,-0.0329666,-2.90056,-0.00785398,0,0
3.09525,-0.00293064,-0.0109901,-2.90056,-0.000349066,0,0
3.09506,-0.00293064,0.0109901,-2.90056,0.002618,0,0
3.09515,-0.00293064,-0.0329666,-2.90056,0.0111701,0,0
3.09515,-0.00879097,-0.0109901,-2.90056,0.0015708,0,0
3.09515,-0.00879097,-0.0109901,-2.90056,0.002618,0,0
3.09506,-0.0146523,0.0109901,-2.90056,0.00785398,0,0
3.09515,-0.00879097,-0.0329666,-2.90056,0.00471239,0,0
3.09515,-0.00879097,-0.0329666,-2.90056,-0.00680679,0,0
3.09515,-0.00879097,-0.0109901,-2.90056,-0.00680679,0,0
3.09506,-0.00879097,0.0109901,-2.90056,0.0015708,0,0
3.09515,-0.0146523,0.0109901,-2.90056,0.000523599,0,0
3.09515,-0.00879097,-0.0329666,-2.90056,0.00366519,0,0
3.09525,-0.00879097,-0.0329666,-2.90056,0.00575959,0,0
3.09515,-0.00293064,-0.0329666,-2.90056,0.00471239,0,0
3.09506,-0.00879097,0.0109901,-2.90056,-0.00680679,0,0
3.09515,-0.00293064,-0.0329666,-2.90056,-0.00471239,0,0
3.09515,-0.00879097,-0.0109901,-2.90056,0.000523599,0,0
3.09515,-0.00879097,-0.0109901,-2.90056,0.00785398,0,0
3.09515,-0.0146523,-0.0109901,-2.90056,-0.00680679,0,0
3.09515,-0.0146523,-0.0109901,-2.90056,-0.00366519,0,0
3.09506,-0.0146523,0.0109901,-2.90056,-0.00471239,0,0
3.09515,-0.00879097,-0.0329666,-2.90056,0.0015708,0,0
3.09515,-0.00879097,-0.0329666,-2.90056,0.00366519,0,0
3.09496,-0.00879097,0.0109901,-2.90056,-0.00366519,0,0
3.09506,-0.00293064,-0.0109901,-2.90056,-0.002618,0,0
3.09515,-0.00879097,-0.0109901,-2.90056,0.000523599,0,0
3.09506,-0.00879097,-0.0109901,-2.90056,0.00471239,0,0
3.09496,-0.00879097,0.0109901,-2.90056,0.0015708,0,0
3.09515,-0.00879097,-0.0109901,-2.90056,-0.00785398,0,0
3.09515,-0.00879097,-0.0329666,-2.90056,-0.00471239,0,0
3.09525,-0.00879097,-0.0329666,-2.90056,0.000523599,0,0
3.09496,-0.00879097,0.0109901,-2.90056,0.000523599,0,0
3.09515,-0.00879097,-0.0109901,-2.90056,-0.000349066,0,0
3.09515,-0.0146523,-0.0109901,-2.90056,-0.002618,0,0
3.09515,-0.0146523,-0.0109901,-2.90056,0.00785398,0,0
3.09506,-0.0146523,0.0109901,-2.90056,0.00785398,0,0
3.09515,-0.00879097,0.0109901,-2.90056,-0.000349066,0,0
3.09515,-0.00879097,-0.0329666,-2.90056,-0.00366519,0,0
3.09496,-0.00293064,0.0329666,-2.90056,0.0015708,0,0
3.09515,0.00293064,-0.0329666,-2.90056,-0.0015708,0,0
3.09515,-0.00293064,-0.0329666,-2.90056,-0.000349066,0,0
3.09506,-0.00293064,-0.0109901,-2.90056,-0.000349066,0,0
3.09496,-0.00293064,0.0109901,-2.90056,-0.00471239,0,0
3.09515,-0.00293064,-0.0109901,-2.90056,-0.000349066,0,0
3.09506,-0.00879097,-0.0109901,-2.90056,-0.000349066,0,0
3.09515,-0.00879097,-0.0329666,-2.90056,0.0015708,0,0
3.09515,-0.00293064,-0.0109901,-2.90056,0.00366519,0,0
3.09515,-0.00293064,-0.0109901,-2.90056,0.00366519,0,0
3.09534,-0.00879097,-0.0329666,-2.90056,-0.00471239,0,0
3.09506,-0.00879097,0.0109901,-2.90056,-0.00575959,0,0
3.09515,-0.0146523,-0.0109901,-2.90056,0.0015708,0,0
3.09496,-0.00879097,0.0329666,-2.90056,-0.00471239,0,0
3.09515,-0.00879097,-0.0329666,-2.90056,-0.002618,0,0
3.09515,-0.00879097,-0.0109901,-2.90056,-0.002618,0,0
3.09515,-0.00293064,-0.0109901,-2.90056,-0.002618,0,0
3.09496,-0.00293064,0.0109901,-2.90056,0.00366519,0,0
3.09515,-0.00879097,-0.0109901,-2.90056,0.002618,0,0
3.09515,-0.00879097,-0.0329666,-2.90056,0.002618,0,0
3.09515,-0.0146523,-0.0109901,-2.90056,-0.00575959,0,0
3.09515,-0.00879097,-0.0109901,-2.90056,-0.000349066,0,0
3.09515,-0.00879097,-0.0109901,-2.90056,0.002618,0,0
3.09496,-0.00293064,0.0329666,-2.90056,-0.0015708,0,0
3.09496,-0.00293064,0.0109901,-2.90056,0.0015708,0,0
3.09515,-0.00293064,-0.0329666,-2.90056,0.002618,0,0
3.09506,-0.00293064,-0.0109901,-2.90056,-0.00575959,0,0
3.09506,-0.00879097,-0.0109901,-2.90056,0.000523599,0,0
3.09515,-0.00879097,-0.0329666,-2.90056,-0.000349066,0,0
3.09515,-0.00293064,-0.0329666,-2.90056,0.0015708,0,0
3.09496,-0.00293064,0.0109901,-2.90056,0.0101229,0,0
3.09496,0.00293064,-0.0109901,-2.90056,0.000523599,0,0
3.09506,-0.00293064,-0.0109901,-2.90056,0.00471239,0,0
3.09525,-0.00293064,-0.0549469,-2.90056,-0.000349066,0,0
3.09515,-0.00879097,-0.0109901,-2.90056,-0.000349066,0,0
3.09515,-0.00293064,-0.0109901,-2.90056,-0.000349066,0,0
3.09525,-0.00293064,-0.0549469,-2.90056,-0.00680679,0,0
3.09506,-0.00293064,0.0109901,-2.90056,-0.00471239,0,0
3.09506,0.00293064,-0.0109901,-2.90056,0.00680679,0,0
3.09515,-0.00293064,-0.0109901,-2.90056,0.00366519,0,0
3.09496,-0.00293064,0.0109901,-2.90056,0.00680679,0,0
3.09534,-0.00293064,-0.0769234,-2.90056,-0.00471239,0,0
3.09506,-0.00879097,-0.0109901,-2.90056,-0.00575959,0,0
3.09515,-0.00879097,-0.0109901,-2.90056,0.00680679,0,0
3.09515,-0.00879097,-0.0329666,-2.90056,0.000523599,0,0
3.09515,-0.00879097,-0.0329666,-2.90056,-0.002618,0,0
3.09515,-0.0146523,-0.0329666,-2.90056,-0.000349066,0,0
3.09515,-0.0146523,-0.0329666,-2.90056,-0.00680679,0,0
3.09515,-0.00879097,-0.0109901,-2.90056,0.0101229,0,0
3.09506,-0.00879097,0.0109901,-2.90056,-0.002618,0,0
3.09515,-0.00293064,-0.0329666,-2.90056,-0.00471239,0,0
3.09525,-0.00293064,-0.0329666,-2.90056,0.000523599,0,0
3.09515,-0.00293064,0.0109901,-2.90056,0.00575959,0,0
3.09515,-0.00293064,-0.0109901,-2.90056,-0.002618,0,0
3.09506,-0.00879097,0.0109901,-2.90056,-0.00366519,0,0
3.09515,-0.00293064,-0.0109901,-2.90056,0.00366519,0,0
3.09525,-0.00293064,-0.0109901,-2.90056,-0.00471239,0,0
3.09506,-0.00879097,0.0109901,-2.90056,-0.00366519,0,0
3.09515,-0.00879097,0.0109901,-2.90056,-0.00785398,0,0
3.09506,-0.00293064,-0.0109901,-2.90056,-0.00575959,0,0
3.09515,-0.00879097,-0.0109901,-2.90056,0.00575959,0,0
3.09496,-0.00879097,0.0109901,-2.90056,-0.00366519,0,0
3.09515,-0.00879097,-0.0109901,-2.90056,-0.0015708,0,0
3.09515,-0.00293064,-0.0329666,-2.90056,-0.00471239,0,0
3.09515,-0.00293064,-0.0109901,-2.90056,0.00680679,0,0
3.09515,-0.00293064,-0.0109901,-2.90056,0.00366519,0,0
3.09515,-0.00879097,-0.0109901,-2.90056,0.0015708,0,0
3.09515,-0.00879097,0.0109901,-2.90056,0.0101229,0,0
3.09515,-0.0146523,-0.0109901,-2.90056,0.000523599,0,0
3.09525,-0.00879097,-0.0109901,-2.90056,-0.00890118,0,0
3.09515,-0.00293064,0.0109901,-2.90056,-0.0015708,0,0
3.09515,0.00293064,-0.0109901,-2.90056,0.00471239,0,0
3.09515,0.00293064,-0.0109901,-2.90056,0.0132645,0,0
3.09506,0.00293064,-0.0109901,-2.90056,-0.0015708,0,0
3.09525,-0.00293064,-0.0549469,-2.90056,-0.00890118,0,0
3.09506,-0.00879097,0.0109901,-2.90056,-0.00471239,0,0
3.09515,-0.00293064,-0.0329666,-2.90056,0.002618,0,0
3.09515,-0.00879097,-0.0329666,-2.90056,-0.0015708,0,0
3.09515,-0.00293064,0.0109901,-2.90056,0.00366519,0,0
3.09506,-0.00879097,0.0109901,-2.90056,0.0015708,0,0
3.09515,-0.00293064,-0.0109901,-2.90056,0.000523599,0,0
3.09515,-0.00293064,0.0109901,-2.90056,0.00471239,0,0
3.09506,-0.00879097,-0.0109901,-2.90056,0.00471239,0,0
3.09515,-0.00879097,-0.0329666,-2.90056,0.00366519,0,0
3.09506,-0.00879097,0.0109901,-2.90056,-0.00366519,0,0
3.09496,-0.00293064,0.0109901,-2.90056,-0.002618,0,0
3.09515,0.00293064,-0.0109901,-2.90056,0.00680679,0,0
3.09506,-0.00293064,-0.0109901,-2.90056,0.0015708,0,0
3.09515,-0.00293064,-0.0109901,-2.90056,-0.00366519,0,0
3.09515,-0.00293064,-0.0109901,-2.90056,-0.000349066,0,0
3.09515,-0.00879097,-0.0109901,-2.90056,-0.00785398,0,0
3.09515,-0.00879097,-0.0109901,-2.90056,-0.0015708,0,0
3.09525,-0.00879097,-0.0329666,-2.90056,0.000523599,0,0
3.09515,-0.00879097,-0.0109901,-2.90056,0.00575959,0,0
3.09506,-0.00293064,0.0109901,-2.90056,0.00680679,0,0
3.09515,-0.00879097,-0.0109901,-2.90056,0.002618,0,0
3.09515,-0.00879097,-0.0109901,-2.90056,-0.00471239,0,0
3.09506,-0.00879097,0.0109901,-2.90056,-0.00680679,0,0
3.09525,-0.00879097,-0.0109901,-2.90056,-0.002618,0,0
3.09525,-0.00879097,-0.0549469,-2.90056,-0.000349066,0,0
3.09515,-0.00293064,-0.0109901,-2.90056,0.0015708,0,0
3.09515,-0.00293064,-0.0109901,-2.90056,0.00575959,0,0
3.09515,-0.00293064,-0.0109901,-2.90056,0.00471239,0,0
3.09515,-0.00879097,-0.0109901,-2.90056,0.002618,0,0
3.09515,-0.00879097,-0.0109901,-2.90056,0.00471239,0,0
3.09496,-0.00879097,0.0109901,-2.90056,0.002618,0,0
3.09515,-0.0146523,-0.0109901,-2.90056,-0.00471239,0,0
3.09525,-0.00293064,-0.0549469,-2.90056,-0.00785398,0,0
3.09515,0.00293064,-0.0329666,-2.90056,0.0015708,0,0
3.09515,-0.00293064,-0.0109901,-2.90056,0.00575959,0,0
3.09534,-0.00879097,-0.0549469,-2.90056,0.00366519,0,0
3.09525,-0.00879097,-0.0329666,-2.90056,0.0015708,0,0
3.09515,-0.00879097,0.0109901,-2.90056,0.002618,0,0
3.09515,-0.00879097,0.0109901,-2.90056,-0.002618,0,0
3.09525,-0.00293064,-0.0329666,-2.90056,-0.002618,0,0
3.09525,-0.00293064,-0.0109901,-2.90056,-0.0015708,0,0
3.09506,-0.00879097,0.0109901,-2.90056,0.000523599,0,0
3.09506,-0.0146523,0.0109901,-2.90056,0.00366519,0,0
3.09525,-0.0146523,-0.0329666,-2.90056,0.00575959,0,0
3.09506,-0.00879097,0.0109901,-2.90056,-0.000349066,0,0
3.09525,-0.00879097,-0.0329666,-2.90056,0.002618,0,0
3.09525,-0.00293064,-0.0329666,-2.90056,-0.000349066,0,0
3.09515,-0.0146523,-0.0109901,-2.90056,-0.00680679,0,0
3.09525,-0.00879097,-0.0109901,-2.90056,-0.0015708,0,0
3.09515,-0.00879097,-0.0109901,-2.90056,-0.002618,0,0
3.09515,-0.00879097,-0.0109901,-2.90056,0.002618,0,0
3.09496,-0.00879097,0.0109901,-2.90056,0.002618,0,0
3.09506,-0.0146523,-0.0109901,-2.90056,-0.000349066,0,0
3.09506,-0.00879097,0.0109901,-2.90056,0.00366519,0,0
3.09515,-0.00293064,-0.0109901,-2.90056,0.00471239,0,0
3.09515,-0.00293064,-0.0109901,-2.90056,0.0015708,0,0
3.09525,-0.00879097,-0.0329666,-2.90056,0.0015708,0,0
3.09515,-0.00293064,-0.0109901,-2.90056,-0.00366519,0,0
3.09515,-0.00879097,0.0109901,-0.648565,0.00680679,0,0
3.09496,-0.00293064,0.0329666,-0.648565,-0.00366519,0,0
3.09515,-0.00293064,-0.0109901,-0.648565,-0.002618,0,0
3.09515,-0.00293064,-0.0109901,-0.648565,0.0015708,0,0
3.09496,-0.00293064,-0.0109901,-0.648565,-0.000349066,0,0
3.09506,-0.00879097,-0.0329666,-0.648565,-0.000349066,0,0
3.09506,-0.00879097,-0.0109901,-0.648565,-0.00471239,0,0
3.09515,-0.00879097,-0.0109901,-0.648565,0.00471239,0,0
3.09506,-0.00293064,0.0109901,-0.648565,-0.000349066,0,0
3.09496,-0.00293064,0.0109901,-0.648565,-0.000349066,0,0
3.09515,-0.00293064,0.0109901,-0.648565,0.00680679,0,0
3.09506,-0.00293064,-0.0109901,-0.648565,-0.00471239,0,0
3.09506,-0.00879097,0.0109901,-0.648565,-0.000349066,0,0
3.09534,-0.00293064,-0.0329666,-0.648565,0.0015708,0,0
3.09525,-0.00879097,-0.0109901,-0.648565,0.00575959,0,0
3.09525,-0.00879097,-0.0329666,-0.648565,0.000523599,0,0
3.09534,-0.00293064,-0.0329666,-0.648565,0.000523599,0,0
3.09496,-0.00293064,0.0329666,-0.648565,-0.0015708,0,0
3.09515,-0.00879097,-0.0109901,-0.648565,-0.00366519,0,0
3.09506,-0.00293064,-0.0109901,-0.648565,-0.0015708,0,0
3.09515,-0.00293064,-0.0109901,-0.648565,0.00785398,0,0
3.09515,-0.00879097,-0.0109901,-0.648565,0.002618,0,0
3.09515,-0.00879097,-0.0109901,-0.648565,-0.0122173,0,0
3.09515,-0.00879097,-0.0329666,-0.648565,-0.0015708,0,0
3.09515,-0.00293064,-0.0329666,-0.648565,0.00907572,0,0
3.09515,-0.00293064,-0.0109901,-0.648565,0.00907572,0,0
3.09515,-0.00293064,-0.0109901,-0.648565,0.000523599,0,0
3.09515,-0.00293064,-0.0109901,-0.648565,-0.00680679,0,0
3.09515,-0.00879097,-0.0109901,-0.648565,-0.00890118,0,0
3.09515,-0.00879097,-0.0109901,-0.648565,0.00471239,0,0
3.09515,-0.00879097,-0.0109901,-0.648565,0.000523599,0,0
3.09506,-0.00879097,0.0109901,-0.648565,-0.002618,0,0
3.09515,-0.00879097,-0.0109901,-0.648565,-0.00471239,0,0
3.09515,-0.00293064,-0.0109901,-0.648565,0.002618,0,0
3.09525,-0.00293064,-0.0329666,-0.648565,0.00680679,0,0
3.09515,-0.00879097,-0.0109901,-0.648565,0.000523599,0,0
3.09525,-0.00879097,-0.0329666,-0.648565,-0.000349066,0,0
3.09515,-0.00879097,-0.0109901,-0.648565,0.00471239,0,0
3.09534,-0.00879097,-0.0329666,-0.648565,0.00680679,0,0
3.09515,-0.00293064,-0.0109901,-0.648565,0.00785398,0,0
3.09515,-0.00293064,-0.0109901,-0.648565,0.00471239,0,0
3.09515,-0.00293064,0.0109901,-0.648565,0.000523599,0,0
3.09525,-0.00293064,-0.0109901,-0.648565,0.0101229,0,0
3.09525,-0.00879097,-0.0329666,-0.648565,-0.00366519,0,0
3.09515,-0.00879097,-0.0109901,-0.648565,-0.00994838,0,0
3.09496,-0.00879097,0.0329666,-0.648565,-0.00366519,0,0
3.09515,-0.00879097,-0.0109901,-0.648565,0.00366519,0,0
3.09525,-0.00879097,-0.0549469,-0.648565,0.00785398,0,0
3.09515,-0.00879097,-0.0109901,-0.648565,0.0015708,0,0
3.09515,-0.00293064,-0.0329666,-0.648565,-0.00471239,0,0
3.09515,-0.00293064,-0.0109901,-0.648565,-0.00680679,0,0
3.09515,-0.00879097,-0.0109901,-0.648565,-0.00575959,0,0
3.09515,-0.00879097,-0.0109901,-0.648565,-0.00366519,0,0
3.09525,-0.00879097,-0.0109901,-0.648565,-0.00471239,0,0
3.09506,-0.00879097,0.0109901,-0.648565,0.0015708,0,0
3.09515,-0.00293064,-0.0329666,-0.648565,-0.002618,0,0
3.09515,-0.00879097,-0.0109901,-0.648565,-0.00471239,0,0
3.09515,-0.00293064,-0.0329666,-0.648565,0.00471239,0,0
3.09515,-0.00879097,-0.0109901,-0.648565,0.00785398,0,0
3.09496,-0.00879097,0.0109901,-0.648565,0.0015708,0,0
3.09525,-0.00879097,-0.0329666,-0.648565,-0.00471239,0,0
3.09515,-0.00879097,-0.0109901,-0.648565,-0.00366519,0,0
3.09515,-0.00879097,0.0109901,-0.648565,0.002618,0,0
3.09515,-0.00879097,-0.0109901,-0.648565,-0.00575959,0,0
3.09496,-0.00879097,0.0109901,-0.648565,-0.00366519,0,0
3.09515,-0.00293064,-0.0109901,-0.648565,0.000523599,0,0
3.09506,-0.00293064,0.0109901,-0.648565,0.00366519,0,0
3.09515,0.00293064,-0.0109901,-0.648565,0.00366519,0,0
3.09515,-0.00293064,0.0109901,-0.648565,0.00366519,0,0
3.09506,-0.00879097,-0.0109901,-0.648565,0.000523599,0,0
3.09515,-0.00879097,-0.0329666,-0.648565,0.00575959,0,0
3.09515,-0.00293064,-0.0109901,-0.648565,-0.002618,0,0
3.09515,-0.00293064,-0.0109901,-0.648565,0.002618,0,0
3.09496,-0.00293064,-0.0109901,-0.648565,-0.000349066,0,0
3.09525,-0.00293064,-0.0329666,-0.648565,-0.00575959,0,0
3.09515,0.00293064,-0.0109901,-0.648565,-0.002618,0,0
3.09496,-0.00293064,0.0329666,-0.648565,0.002618,0,0
3.09515,-0.00293064,-0.0329666,-0.648565,-0.00575959,0,0
3.09515,-0.00293064,-0.0109901,-0.648565,-0.0015708,0,0
3.09496,-0.00293064,-0.0109901,-0.648565,0.00680679,0,0
3.09515,-0.00879097,-0.0109901,-0.648565,0.00366519,0,0
3.09525,-0.00293064,-0.0329666,-0.648565,0.00575959,0,0
3.09525,-0.00293064,-0.0549469,-0.648565,-0.000349066,0,0
3.09515,-0.00293064,-0.0109901,-0.648565,-0.00785398,0,0
3.09515,-0.00879097,-0.0109901,-0.648565,-0.00680679,0,0
3.09515,-0.00879097,-0.0109901,-0.648565,0.002618,0,0
3.09506,-0.0146523,-0.0109901,-0.648565,0.00471239,0,0
3.09515,-0.0146523,-0.0109901,-0.648565,-0.00680679,0,0
3.09515,-0.00293064,-0.0109901,-0.648565,-0.00575959,0,0
3.09515,0.00293064,-0.0109901,-0.648565,0.00680679,0,0
3.09515,0.00293064,-0.0109901,-0.648565,0.00680679,0,0
3.09515,0.00293064,-0.0109901,-0.648565,0.0015708,0,0
3.09515,0.00293064,-0.0329666,-0.648565,-0.002618,0,0
3.09515,0.00293064,-0.0109901,-0.648565,0.00366519,0,0
3.09515,0.00293064,0.0109901,-0.648565,0.0015708,0,0
3.09525,-0.00293064,-0.0329666,-0.648565,-0.00575959,0,0
3.09515,-0.00293064,-0.0109901,-0.648565,-0.000349066,0,0
3.09525,-0.00293064,-0.0329666,-0.648565,0.00471239,0,0
3.09515,-0.00293064,-0.0109901,-0.648565,0.00575959,0,0
3.09506,-0.00879097,0.0109901,-0.648565,-0.0109956,0,0
3.09496,-0.00293064,0.0109901,-0.648565,-0.000349066,0,0
3.09515,-0.00879097,-0.0109901,-0.648565,0.00471239,0,0
3.09525,-0.00879097,-0.0329666,-0.648565,0.0015708,0,0
3.09525,-0.00879097,-0.0109901,-0.648565,-0.002618,0,0
3.09515,-0.00879097,-0.0109901,-0.648565,0.002618,0,0
3.09506,-0.0146523,0.0109901,-0.648565,0.000523599,0,0
3.09515,-0.0146523,-0.0109901,-0.648565,-0.000349066,0,0
3.09525,-0.00879097,-0.0329666,-0.648565,-0.0015708,0,0
3.09515,-0.00293064,-0.0109901,-0.648565,-0.002618,0,0
3.09506,-0.00293064,0.0109901,-0.648565,0.00471239,0,0
3.09506,-0.00293064,-0.0109901,-0.648565,0.000523599,0,0
3.09525,-0.00293064,-0.0329666,-0.648565,0.00907572,0,0
3.09515,-0.00879097,-0.0329666,-0.648565,0.00575959,0,0
3.09506,-0.00879097,-0.0109901,-0.648565,0.00785398,0,0
3.09515,-0.00879097,-0.0109901,-0.648565,0.000523599,0,0
3.09515,-0.00293064,-0.0109901,-0.648565,0.00471239,0,0
3.09515,-0.00293064,-0.0109901,-0.648565,-0.002618,0,0
3.09515,-0.00293064,0.0109901,-0.648565,-0.0015708,0,0
3.09515,-0.00293064,-0.0109901,-0.648565,-0.0015708,0,0
3.09515,-0.00293064,0.0109901,-0.648565,-0.00471239,0,0
3.09515,-0.00879097,-0.0109901,-0.648565,-0.00471239,0,0
3.09515,-0.00293064,0.0109901,-0.648565,0.0015708,0,0
3.09506,-0.00879097,-0.0109901,-0.648565,-0.0015708,0,0
3.09506,-0.00293064,-0.0109901,-0.648565,0.000523599,0,0
3.09515,-0.00293064,-0.0109901,-0.648565,-0.0015708,0,0
3.09515,-0.00293064,-0.0109901,-0.648565,0.0015708,0,0
3.09496,-0.00293064,0.0109901,-0.648565,0.00907572,0,0
3.09515,-0.00879097,-0.0549469,-0.648565,0.0132645,0,0
3.09515,-0.0146523,-0.0329666,-0.648565,0.002618,0,0
3.09515,-0.0146523,-0.0329666,-0.648565,-0.00471239,0,0
3.09506,-0.00879097,0.0109901,-0.648565,-0.00575959,0,0
3.09515,-0.00879097,-0.0329666,-0.648565,-0.000349066,0,0
3.09515,-0.00293064,-0.0329666,-0.648565,-0.0015708,0,0
3.09515,-0.00293064,-0.0109901,-0.648565,0.000523599,0,0
3.09506,-0.00879097,0.0109901,-0.648565,-0.000349066,0,0
3.09515,-0.00879097,-0.0329666,-0.648565,-0.000349066,0,0
3.09515,-0.00879097,-0.0109901,-0.648565,0.00575959,0,0
3.09515,0.00293064,-0.0329666,-0.648565,0.00785398,0,0
3.09506,-0.00293064,-0.0109901,-0.648565,0.000523599,0,0
3.09515,-0.00293064,-0.0329666,-0.648565,-0.00366519,0,0
3.09515,-0.00293064,-0.0109901,-0.648565,-0.00785398,0,0
3.09515,-0.00879097,0.0109901,-0.648565,-0.00366519,0,0
3.09496,-0.00879097,0.0329666,-0.648565,0.000523599,0,0
3.09515,-0.00879097,-0.0109901,-0.648565,-0.0015708,0,0
3.09515,-0.00293064,-0.0109901,-0.648565,-0.002618,0,0
3.09506,-0.00293064,0.0109901,-0.648565,0.00366519,0,0
3.09515,-0.00879097,-0.0329666,-0.648565,0.00471239,0,0
3.09506,-0.00293064,0.0109901,-0.648565,-0.00575959,0,0
3.09515,-0.00293064,-0.0329666,-0.648565,-0.002618,0,0
3.09506,-0.00293064,0.0109901,-0.648565,0.002618,0,0
3.09515,-0.00293064,-0.0109901,-0.648565,0.0015708,0,0
3.09506,-0.00293064,-0.0109901,-0.648565,0.00366519,0,0
3.09515,-0.00293064,-0.0109901,-0.648565,-0.00575959,0,0
3.09515,0.00293064,-0.0329666,-0.648565,-0.000349066,0,0
3.09515,-0.00293064,0.0109901,-0.648565,-0.002618,0,0
3.09515,-0.00293064,-0.0109901,-0.648565,0.0015708,0,0
3.09506,-0.00293064,-0.0109901,-0.648565,0.002618,0,0
3.09515,-0.00293064,-0.0109901,-0.648565,0.0101229,0,0
3.09525,-0.00293064,-0.0109901,-0.648565,0.00366519,0,0
3.09515,0.00293064,-0.0109901,-0.648565,0.00471239,0,0
3.09515,0.00293064,-0.0109901,-0.648565,0.00907572,0,0
3.09525,0.00293064,-0.0549469,-0.648565,-0.00680679,0,0
3.09515,-0.00293064,0.0109901,-0.648565,-0.002618,0,0
3.09515,-0.00293064,-0.0109901,-0.648565,-0.00471239,0,0
3.09525,-0.00879097,-0.0329666,-0.648565,-0.002618,0,0
3.09515,-0.00879097,0.0109901,-0.648565,-0.002618,0,0
3.09525,-0.00293064,-0.0329666,-0.648565,0.002618,0,0
3.09515,0.00293064,0.0109901,-0.648565,0.00366519,0,0
3.09515,0.00293064,-0.0109901,-0.648565,-0.00366519,0,0
3.09506,-0.00293064,0.0109901,-0.648565,-0.0015708,0,0
3.09515,-0.00293064,-0.0329666,-0.648565,0.000523599,0,0
3.09515,-0.00293064,-0.0109901,-0.648565,-0.002618,0,0
3.09515,-0.0146523,-0.0109901,-0.648565,-0.000349066,0,0
3.09515,-0.00879097,0.0109901,-0.648565,0.000523599,0,0
3.09515,-0.00293064,-0.0109901,-0.648565,-0.000349066,0,0
3.09515,0.00293064,-0.0109901,-0.648565,-0.00366519,0,0
3.09515,0.00293064,0.0109901,-0.648565,-0.000349066,0,0
3.09534,0.00293064,-0.0329666,-0.648565,-0.000349066,0,0
3.09496,-0.00293064,0.0329666,-0.648565,0.00366519,0,0
3.09515,-0.00879097,-0.0109901,-0.648565,0.00575959,0,0
3.09534,-0.0146523,-0.0329666,-0.648565,-0.00994838,0,0
3.09496,-0.00879097,0.0329666,-0.648565,0.002618,0,0
3.09515,-0.00879097,-0.0109901,-0.648565,-0.000349066,0,0
3.09515,-0.00293064,-0.0109901,-0.648565,0.00366519,0,0
3.09506,-0.00293064,0.0109901,-0.648565,0.000523599,0,0
3.09515,-0.00293064,-0.0329666,-0.648565,-0.002618,0,0
3.09515,-0.00879097,-0.0109901,-0.648565,-0.0015708,0,0
3.09515,-0.00879097,-0.0109901,-0.648565,0.00680679,0,0
3.09506,-0.00879097,-0.0109901,-0.648565,-0.000349066,0,0
3.09515,-0.00879097,-0.0109901,-0.648565,0.000523599,0,0
3.09515,-0.00293064,-0.0109901,-0.648565,0.00471239,0,0
3.09515,-0.00293064,-0.0109901,-0.648565,0.00575959,0,0
3.09515,-0.00293064,-0.0109901,-0.648565,-0.00366519,0,0
3.09515,-0.00293064,-0.0109901,-0.648565,-0.00471239,0,0
3.09515,-0.0146523,-0.0109901,-0.648565,-0.00785398,0,0
3.09515,-0.0146523,-0.0109901,-0.648565,0.002618,0,0
3.09506,-0.00879097,0.0109901,-0.648565,0.00907572,0,0
3.09515,-0.0146523,-0.0109901,-0.648565,-0.00575959,0,0
3.09534,-0.0146523,-0.0549469,-0.648565,0.00575959,0,0
3.09515,-0.0146523,-0.0109901,-0.648565,0.00471239,0,0
3.09515,-0.0146523,-0.0109901,-0.648565,-0.0015708,0,0
3.09506,-0.00879097,-0.0109901,-0.648565,-0.0015708,0,0
3.09515,-0.00293064,-0.0109901,-0.648565,0.0015708,0,0
3.09506,-0.00293064,-0.0109901,-0.648565,-0.00471239,0,0
3.09534,-0.00293064,-0.0329666,-0.648565,-0.000349066,0,0
3.09515,-0.00879097,-0.0329666,-0.648565,-0.002618,0,0
3.09506,-0.0146523,0.0109901,-0.648565,-0.00575959,0,0
3.09515,-0.0146523,-0.0109901,-0.648565,-0.00680679,0,0
3.09515,-0.00879097,-0.0109901,-0.648565,0.0015708,0,0
3.09534,-0.00879097,-0.0329666,-0.648565,0.0111701,0,0
3.09496,-0.00879097,0.0109901,-0.648565,0.0111701,0,0
3.09515,-0.00293064,-0.0109901,-0.648565,0.00366519,0,0
3.09515,-0.00879097,-0.0109901,-0.648565,-0.00575959,0,0
3.09515,-0.00879097,0.0109901,-0.648565,-0.00680679,0,0
3.09515,-0.00879097,-0.0329666,-0.648565,-0.00680679,0,0
3.09515,-0.00879097,0.0109901,-0.648565,0.00575959,0,0
3.09515,-0.00293064,-0.0109901,-0.648565,-0.000349066,0,0
3.09515,-0.00293064,0.0109901,-0.648565,0.000523599,0,0
3.09515,0.00293064,0.0109901,-0.648565,0.0015708,0,0
3.09515,-0.00293064,-0.0109901,-0.648565,-0.002618,0,0
3.09525,-0.00879097,-0.0329666,-0.648565,0.0015708,0,0
3.09515,-0.00879097,-0.0109901,-0.648565,0.00366519,0,0
3.09515,-0.00879097,-0.0109901,-0.648565,0.0015708,0,0
3.09515,-0.00879097,-0.0109901,-0.648565,-0.00680679,0,0
3.09506,-0.00293064,0.0109901,-0.648565,-0.00575959,0,0
3.09515,-0.00293064,-0.0109901,-0.648565,0.00575959,0,0
3.09506,-0.00879097,-0.0109901,-0.648565,0.000523599,0,0
3.09525,-0.00879097,-0.0329666,-0.648565,-0.000349066,0,0
3.09506,-0.00879097,0.0109901,-0.648565,0.000523599,0,0
3.09515,-0.00879097,-0.0109901,-0.648565,-0.002618,0,0
3.09506,-0.00293064,-0.0109901,-0.648565,0.00680679,0,0
3.09506,-0.00879097,-0.0109901,-0.648565,0.00366519,0,0
3.09515,-0.00879097,-0.0329666,-0.648565,-0.000349066,0,0
3.09496,-0.00293064,-0.0109901,-0.648565,-0.00575959,0,0
3.09515,0.00293064,-0.0109901,-0.648565,-0.0015708,0,0
3.09515,0.00293064,-0.0329666,-0.648565,0.00680679,0,0
3.09515,-0.00293064,-0.0109901,-0.648565,0.00575959,0,0
3.09515,-0.00293064,-0.0109901,-0.648565,-0.00575959,0,0
3.09506,-0.00293064,0.0109901,-0.648565,-0.0015708,0,0
3.09506,-0.00293064,-0.0109901,-0.648565,0.00471239,0,0
3.09515,-0.00293064,-0.0109901,-0.648565,0.0015708,0,0
3.09496,-0.00879097,-0.0109901,-0.648565,-0.00471239,0,0
3.09515,-0.00293064,-0.0329666,-0.648565,-0.00471239,0,0
3.09506,-0.00293064,-0.0109901,-0.648565,-0.000349066,0,0
3.09496,-0.00293064,0.0109901,-0.648565,0.0132645,0,0
3.09515,-0.00293064,-0.0109901,-0.648565,0.0015708,0,0
3.09515,-0.00293064,-0.0109901,-0.648565,-0.00575959,0,0
3.09496,-0.00293064,0.0109901,-0.648565,-0.00575959,0,0
3.09525,-0.00293064,-0.0329666,-0.648565,-0.00366519,0,0
3.09515,0.00293064,-0.0109901,-0.648565,-0.00785398,0,0
3.09515,-0.00879097,-0.0329666,-0.648565,-0.0122173,0,0
3.09525,-0.00879097,-0.0329666,-0.648565,-0.000349066,0,0
3.09515,-0.00879097,-0.0109901,-0.648565,0.0015708,0,0
3.09506,-0.00879097,-0.0109901,-0.648565,-0.00575959,0,0
3.09515,-0.00293064,-0.0109901,-0.648565,0.000523599,0,0
3.09515,-0.00293064,-0.0109901,-0.648565,-0.000349066,0,0
3.09515,-0.00879097,-0.0109901,-0.648565,-0.002618,0,0
3.09515,-0.00879097,-0.0109901,-0.648565,0.0015708,0,0
3.09515,-0.00879097,-0.0109901,-0.648565,0.00785398,0,0
3.09515,-0.00293064,-0.0329666,-0.648565,0.00680679,0,0
3.09506,0.00293064,0.0109901,-0.648565,-0.00575959,0,0
3.09515,0.00293064,-0.0109901,-0.648565,-0.00575959,0,0
3.09515,-0.00293064,-0.0329666,-0.648565,0.00785398,0,0
3.09515,-0.00293064,-0.0109901,-0.648565,0.002618,0,0
3.09506,-0.00879097,0.0109901,-0.648565,0.00575959,0,0
3.09515,-0.00293064,-0.0109901,-0.648565,-0.000349066,0,0
3.09525,-0.00293064,-0.0109901,-0.648565,0.00575959,0,0
3.09496,-0.00293064,0.0109901,-0.648565,0.00575959,0,0
3.09515,-0.00879097,-0.0109901,-0.648565,0.002618,0,0
3.09515,-0.00879097,-0.0109901,-0.648565,0.00366519,0,0
3.09496,-0.00293064,0.0109901,-0.648565,-0.0015708,0,0
3.09515,-0.00293064,-0.0329666,-0.648565,-0.00366519,0,0
3.09515,-0.00293064,-0.0109901,-0.648565,-0.00785398,0,0
3.09515,-0.00293064,-0.0329666,-0.648565,-0.00680679,0,0
3.09496,-0.00879097,-0.0109901,-0.648565,0.00366519,0,0
3.09525,-0.00879097,-0.0329666,-0.648565,-0.000349066,0,0
3.09515,-0.00879097,0.0109901,-0.648565,-0.0015708,0,0
3.09515,-0.00293064,-0.0329666,-0.648565,0.000523599,0,0
3.09515,-0.00293064,-0.0109901,-0.648565,0.00366519,0,0
3.09534,0.00293064,-0.0329666,-0.648565,0.00907572,0,0
3.09534,0.00293064,-0.0329666,-0.648565,-0.000349066,0,0
3.09515,-0.00293064,0.0109901,-0.648565,-0.00366519,0,0
3.09496,-0.00293064,0.0329666,-0.648565,0.00785398,0,0
3.09515,-0.00293064,-0.0329666,-0.648565,0.00575959,0,0
3.09496,-0.00293064,0.0329666,-0.648565,-0.002618,0,0
3.09515,-0.00293064,-0.0329666,-0.648565,-0.00785398,0,0
3.09515,0.00293064,0.0109901,-0.648565,0.00680679,0,0
3.09515,-0.00293064,0.0109901,-0.648565,0.0101229,0,0
3.09525,-0.00879097,-0.0329666,-0.648565,0.002618,0,0
3.09506,-0.00293064,-0.0109901,-0.648565,-0.00575959,0,0
3.09515,-0.00879097,-0.0109901,-0.648565,-0.00785398,0,0
3.09525,-0.00293064,-0.0109901,-0.648565,-0.00680679,0,0
3.09515,-0.00293064,-0.0109901,-0.648565,-0.00785398,0,0
3.09515,-0.00879097,0.0109901,-0.648565,0.00366519,0,0
3.09506,-0.00879097,-0.0109901,-0.648565,0.00471239,0,0
3.09506,-0.00879097,0.0109901,-0.648565,-0.002618,0,0
3.09515,-0.00293064,-0.0109901,-0.648565,-0.00890118,0,0
3.09515,-0.00293064,-0.0329666,-0.648565,-0.002618,0,0
3.09515,-0.00293064,-0.0109901,-0.648565,0.00471239,0,0
3.09515,-0.00293064,-0.0109901,-0.648565,0.00471239,0,0
3.09515,-0.00293064,-0.0109901,-0.648565,-0.000349066,0,0
3.09506,-0.00293064,-0.0109901,-0.648565,-0.002618,0,0
3.09506,0.00293064,0.0109901,-0.648565,-0.002618,0,0
3.09506,0.00293064,-0.0109901,-0.648565,0.00907572,0,0
3.09515,-0.00293064,0.0109901,-0.648565,0.00366519,0,0
3.09525,-0.00879097,-0.0329666,-0.648565,0.000523599,0,0
3.09515,-0.00879097,-0.0109901,-0.648565,-0.000349066,0,0
3.09515,-0.00879097,-0.0109901,-0.648565,-0.00366519,0,0
3.09515,-0.00293064,-0.0109901,-0.648565,-0.00575959,0,0
3.09525,-0.00293064,-0.0109901,-0.648565,-0.00680679,0,0
3.09515,-0.00293064,-0.0109901,-0.648565,0.00575959,0,0
3.09515,-0.00293064,-0.0109901,-0.648565,-0.002618,0,0
3.09515,-0.00879097,-0.0329666,-0.648565,0.000523599,0,0
3.09515,-0.00879097,-0.0109901,-0.648565,0.00471239,0,0
3.09515,-0.00879097,0.0109901,-0.648565,-0.0015708,0,0
3.09515,-0.00293064,0.0109901,-0.648565,-0.002618,0,0
3.09496,-0.00879097,0.0329666,-0.648565,0.00366519,0,0
3.09525,-0.00293064,-0.0329666,-0.648565,0.0015708,0,0
3.09515,-0.00293064,-0.0109901,-0.648565,0.0015708,0,0
3.09515,-0.00879097,-0.0109901,-0.648565,-0.0015708,0,0
3.09515,-0.00293064,-0.0329666,-0.648565,-0.00575959,0,0
3.09525,-0.00879097,-0.0329666,-0.648565,-0.00471239,0,0
3.09515,-0.00293064,-0.0109901,-0.648565,-0.000349066,0,0
3.09515,-0.00293064,-0.0109901,-0.648565,0.0015708,0,0
3.09515,-0.00879097,-0.0329666,-0.648565,0.0015708,0,0
3.09515,-0.00879097,-0.0109901,-0.648565,0.0015708,0,0
3.09515,-0.00879097,-0.0109901,-0.648565,0.00575959,0,0
3.09525,-0.00879097,-0.0549469,-0.648565,-0.00366519,0,0
3.09496,-0.00879097,-0.0109901,-0.648565,0.0101229,0,0
3.09515,-0.00879097,-0.0109901,-0.648565,0.0101229,0,0
3.09506,-0.00879097,0.0109901,-0.648565,-0.00680679,0,0
3.09515,-0.00879097,0.0109901,-0.648565,-0.00366519,0,0
3.09506,-0.00879097,0.0109901,-0.648565,-0.000349066,0,0
3.09506,-0.00879097,-0.0109901,-0.648565,0.00366519,0,0
3.09515,-0.00879097,-0.0109901,-0.648565,-0.00890118,0,0
3.09525,-0.00879097,-0.0329666,-0.648565,-0.00575959,0,0
3.09515,-0.0146523,-0.0109901,-0.648565,-0.000349066,0,0
3.09496,-0.0146523,0.0329666,-0.648565,-0.00471239,0,0
3.09515,-0.00879097,-0.0329666,-0.648565,-0.002618,0,0
3.09515,-0.00293064,-0.0109901,-0.648565,0.00680679,0,0
3.09515,-0.00293064,0.0109901,-0.648565,0.002618,0,0
3.09525,-0.00293064,-0.0109901,-0.648565,-0.0015708,0,0
3.09506,-0.00293064,0.0109901,-0.648565,-0.00680679,0,0
3.09525,-0.00879097,-0.0549469,-0.648565,0.00575959,0,0
3.09506,-0.00293064,0.0109901,-0.648565,0.00366519,0,0
3.09506,0.00293064,0.0109901,-0.648565,-0.000349066,0,0
3.09496,-0.00293064,-0.0109901,-0.648565,-0.00471239,0,0
3.09525,-0.00879097,-0.0109901,-0.648565,-0.00890118,0,0
3.09496,-0.0146523,0.0109901,-0.648565,-0.0015708,0,0
3.09515,-0.00879097,-0.0549469,-0.648565,0.002618,0,0
3.09515,-0.00879097,0.0109901,-0.648565,-0.000349066,0,0
3.09515,-0.0146523,-0.0329666,-0.648565,0.00785398,0,0
3.09515,-0.00293064,-0.0329666,-0.648565,-0.002618,0,0
3.09515,-0.00879097,-0.0329666,-0.648565,0.00366519,0,0
3.09525,-0.00879097,-0.0329666,-0.648565,0.000523599,0,0
3.09515,-0.00293064,-0.0109901,-0.648565,0.000523599,0,0
3.09525,-0.00293064,-0.0329666,-0.648565,-0.0015708,0,0
3.09525,0.00293064,-0.0109901,-0.648565,-0.00575959,0,0
3.09515,-0.00293064,-0.0109901,-0.648565,0.0015708,0,0
3.09515,-0.00293064,0.0109901,-0.648565,0.00366519,0,0
3.09515,-0.00293064,0.0109901,-0.648565,-0.00471239,0,0
3.09525,-0.00879097,-0.0329666,-0.648565,-0.002618,0,0
3.09506,-0.00293064,0.0329666,-0.648565,0.000523599,0,0
3.09515,0.00293064,-0.0109901,-0.648565,-0.00471239,0,0
3.09506,-0.00293064,-0.0109901,-0.648565,-0.0109956,0,0
3.09515,-0.00293064,-0.0549469,-0.648565,-0.00680679,0,0
3.09496,-0.00879097,0.0109901,-0.648565,0.0015708,0,0
3.09515,-0.00879097,-0.0329666,-0.648565,0.0015708,0,0
3.09496,-0.0146523,0.0109901,-0.648565,0.0015708,0,0
3.09515,-0.00879097,-0.0109901,-0.648565,0.0015708,0,0
3.09515,-0.00879097,-0.0109901,-0.648565,0.000523599,0,0
3.09515,-0.00879097,-0.0329666,-0.648565,-0.00471239,0,0
3.09515,-0.0146523,-0.0109901,-0.648565,0.00366519,0,0
3.09525,-0.00879097,-0.0549469,-0.648565,0.0015708,0,0
3.09506,-0.0146523,-0.0109901,-0.648565,-0.00680679,0,0
3.09515,-0.00879097,-0.0109901,-0.648565,-0.000349066,0,0
3.09515,-0.00879097,-0.0109901,-0.648565,-0.0015708,0,0
3.09515,-0.00879097,-0.0109901,-0.648565,-0.0015708,0,0
3.09506,-0.00879097,0.0109901,-0.648565,-0.000349066,0,0
3.09506,-0.00293064,0.0109901,-0.648565,-0.0015708,0,0
3.09515,-0.00293064,-0.0109901,-0.648565,0.00575959,0,0
3.09515,-0.00293064,-0.0109901,-0.648565,0.000523599,0,0
3.09515,0.00293064,-0.0109901,-0.648565,-0.002618,0,0
3.09515,-0.00293064,0.0109901,-0.648565,0.002618,0,0
3.09506,-0.00879097,-0.0109901,-0.648565,0.000523599,0,0
3.09525,-0.00879097,-0.0329666,-0.648565,0.0015708,0,0
3.09506,-0.00293064,-0.0109901,-0.648565,0.000523599,0,0
3.09515,-0.00879097,-0.0109901,-0.648565,-0.002618,0,0
3.09515,-0.00879097,-0.0109901,-0.648565,-0.00366519,0,0
3.09515,-0.00293064,-0.0109901,-0.648565,-0.00366519,0,0
3.09506,-0.00879097,0.0109901,-0.648565,0.002618,0,0
3.09515,-0.00879097,-0.0109901,-0.648565,0.0111701,0,0
3.09515,-0.00879097,-0.0329666,-0.648565,0.00680679,0,0
3.09515,-0.00879097,-0.0109901,-0.648565,-0.0109956,0,0
3.09496,-0.00879097,0.0109901,-0.648565,0.002618,0,0
3.09506,-0.00879097,0.0109901,-0.648565,-0.002618,0,0
3.09515,-0.00293064,-0.0109901,-0.648565,-0.00575959,0,0
3.09506,-0.00293064,0.0109901,-0.648565,0.00575959,0,0
3.09515,-0.00879097,-0.0109901,-0.648565,-0.00471239,0,0
3.09525,-0.00879097,-0.0329666,-0.648565,-0.00785398,0,0
3.09506,-0.00879097,0.0109901,-0.648565,0.00366519,0,0
3.09525,-0.00293064,-0.0549469,-0.648565,0.00366519,0,0
3.09506,-0.00293064,0.0109901,-0.648565,-0.00366519,0,0
3.09515,0.00293064,-0.0109901,-0.648565,-0.00366519,0,0
3.09515,-0.00293064,-0.0329666,-0.648565,0.002618,0,0
3.09515,-0.00879097,-0.0329666,-0.648565,0.00471239,0.5,0
3.09515,-0.00879097,-0.0329666,-0.648565,0.00680679,0.5,0
3.09506,0.0556774,-0.0109901,-0.648565,-0.002618,0.5,0
3.09467,0.131868,0.0769234,-0.648565,0.0015708,0.5,0
3.09391,0.196337,0.186813,-0.648565,-0.0015708,0.5,0
3.09247,0.243223,0.362637,-0.648565,-0.00680679,0.5,0
3.09084,0.284249,0.53846,-0.648565,-0.000349066,0.5,0
3.08864,0.336996,0.736263,-0.648565,0.002618,0.5,0
3.08624,0.372161,0.846153,-0.648565,0.002618,0.5,0
3.08394,0.407326,1,-0.648565,-0.00471239,0.5,0
3.08174,0.465934,1.04396,-0.648565,-0.0164061,0.5,0
3.08049,0.559707,0.912086,-0.648565,-0.0216421,0.5,0
3.0802,0.635898,0.604397,-0.648565,-0.0205949,0.5,0
3.08049,0.671062,0.34066,-0.648565,-0.0366519,0.5,0
3.08088,0.665201,0.164837,-0.648565,-0.057945,0.5,0
3.08107,0.630036,0.0549469,-0.648565,-0.0664971,0.5,0
3.08126,0.58315,-0.0109901,-0.648565,-0.0834268,0.5,0
3.08107,0.547985,0.0109901,-0.648565,-0.0867429,0.5,0
3.08088,0.530403,0.0329666,-0.648565,-0.0898845,0.5,0
3.0803,0.524542,0.0988998,-0.648565,-0.0930261,0.5,0
3.08011,0.524542,0.0988998,-0.648565,-0.112225,0.5,0
3.07982,0.536263,0.12088,-0.648565,-0.114319,0.5,0
3.07953,0.536263,0.142857,-0.648565,-0.118682,0.5,0
3.07925,0.536263,0.12088,-0.648565,-0.129329,0.5,0
3.07896,0.530403,0.12088,-0.648565,-0.133518,0.5,0
3.07867,0.524542,0.142857,-0.648565,-0.14207,0.5,0
3.07838,0.530403,0.12088,-0.648565,-0.146433,0.5,0
3.0779,0.536263,0.142857,-0.648565,-0.15708,0.5,0
3.07752,0.536263,0.164837,-0.648565,-0.165457,0.5,0
3.07723,0.536263,0.164837,-0.648565,-0.169821,0.5,0
3.07685,0.530403,0.164837,-0.648565,-0.175057,0.5,0
3.07647,0.524542,0.164837,-0.648565,-0.180467,0.5,0
3.07618,0.524542,0.164837,-0.648565,-0.177326,0.5,0
3.0757,0.530403,0.186813,-0.648565,-0.185703,0.5,0
3.07522,0.530403,0.20879,-0.648565,-0.200713,0.5,0
3.07503,0.536263,0.164837,-0.648565,-0.206996,0.5,0
3.07455,0.536263,0.186813,-0.648565,-0.210312,0.5,0
3.07378,0.530403,0.23077,-0.648565,-0.218864,0.5,0
3.0735,0.536263,0.20879,-0.648565,-0.232652,0.5,0
3.07302,0.536263,0.20879,-0.648565,-0.228464,0.5,0
3.07244,0.536263,0.23077,-0.648565,-0.232652,0.5,0
3.07187,0.536263,0.252747,-0.648565,-0.230558,0.5,0
3.07148,0.536263,0.23077,-0.648565,-0.250804,0.5,0
3.0711,0.536263,0.20879,-0.648565,-0.262498,0.5,0
3.07043,0.530403,0.252747,-0.648565,-0.253946,0.5,0
3.06995,0.530403,0.252747,-0.648565,-0.270003,0.5,0
3.06918,0.524542,0.274727,-0.648565,-0.266686,0.5,0
3.06842,0.524542,0.31868,-0.648565,-0.263545,0.5,0
3.06775,0.524542,0.296703,-0.648565,-0.280649,0.5,0
3.06717,0.530403,0.31868,-0.648565,-0.284838,0.5,0
3.06641,0.536263,0.31868,-0.648565,-0.282743,0.5,0
3.06593,0.542125,0.31868,-0.648565,-0.291296,0.5,0
3.06526,0.542125,0.31868,-0.648565,-0.300895,0.5,0
3.06449,0.542125,0.31868,-0.648565,-0.309272,0.5,0
3.06401,0.536263,0.296703,-0.648565,-0.319919,0.5,0
3.06343,0.530403,0.296703,-0.648565,-0.313636,0.5,0
3.06257,0.530403,0.296703,-0.648565,-0.317825,0.5,0
3.06181,0.530403,0.34066,-0.648565,-0.331787,0.5,0
3.06104,0.536263,0.362637,-0.648565,-0.337023,0.5,0
3.06027,0.542125,0.362637,-0.648565,-0.343481,0.5,0
3.05951,0.542125,0.34066,-0.648565,-0.341387,0.5,0
3.05874,0.542125,0.34066,-0.648565,-0.350811,0.5,0
3.05836,0.536263,0.31868,-0.648565,-0.360411,0.5,0
3.0574,0.530403,0.34066,-0.648565,-0.367916,0.5,0
3.05644,0.524542,0.384617,-0.648565,-0.374373,0.5,0
3.05548,0.524542,0.42857,-0.648565,-0.376468,0.5,0
3.05471,0.536263,0.42857,-0.648565,-0.393572,0.5,0
3.05385,0.536263,0.406593,-0.648565,-0.400902,0.5,0
3.05289,0.542125,0.42857,-0.648565,-0.403171,0.5,0
3.05222,0.542125,0.384617,-0.648565,-0.400902,0.5,0
3.05126,0.530403,0.406593,-0.648565,-0.406313,0.5,0
3.05069,0.530403,0.384617,-0.648565,-0.419054,0.5,0
3.04973,0.524542,0.406593,-0.648565,-0.430747,0.5,0
3.04858,0.530403,0.45055,-0.648565,-0.421148,0.5,0
3.04762,0.530403,0.472527,-0.648565,-0.432842,0.5,0
3.04666,0.536263,0.472527,-0.648565,-0.446804,0.5,0
3.0458,0.536263,0.45055,-0.648565,-0.449946,0.5,0
3.04475,0.536263,0.472527,-0.648565,-0.460593,0.5,0
3.04398,0.536263,0.45055,-0.648565,-0.466003,0.5,0
3.04283,0.536263,0.472527,-0.648565,-0.463734,0.5,0
3.04197,0.536263,0.42857,-0.648565,-0.475602,0.5,0
3.04101,0.536263,0.45055,-0.648565,-0.481886,0.5,0
3.04005,0.542125,0.472527,-0.648565,-0.491485,0.5,0
3.03929,0.536263,0.42857,-0.648565,-0.493579,0.5,0
3.03833,0.536263,0.42857,-0.648565,-0.490438,0.5,0
3.03718,0.530403,0.494507,-0.648565,-0.495848,0.5,0
3.03593,0.524542,0.53846,-0.648565,-0.516094,0.5,0
3.03478,0.524542,0.53846,-0.648565,-0.506495,0.5,0
3.03344,0.530403,0.53846,-0.648565,-0.514872,0.5,0
3.03258,0.536263,0.56044,-0.648565,-0.531977,0.5,0
3.03133,0.542125,0.56044,-0.648565,-0.539482,0.5,0
3.03047,0.542125,0.516483,-0.648565,-0.545765,0.5,0
3.02922,0.542125,0.516483,-0.648565,-0.54367,0.5,0
3.02827,0.542125,0.53846,-0.648565,-0.546986,0.5,0
3.02712,0.542125,0.516483,-0.648565,-0.552222,0.5,0
3.02597,0.536263,0.53846,-0.648565,-0.552222,0.5,0
3.02482,0.536263,0.53846,-0.648565,-0.562869,0.5,0
3.02347,0.530403,0.604397,-0.648565,-0.569327,0.5,0
3.02242,0.530403,0.582417,-0.648565,-0.574563,0.5,0
3.02108,0.536263,0.604397,-0.648565,-0.578926,0.5,0
3.01993,0.536263,0.582417,-0.648565,-0.583115,0.5,0
3.01859,0.536263,0.626373,-0.648565,-0.587304,0.5,0
3.01744,0.536263,0.604397,-0.648565,-0.595856,0.5,0
3.01629,0.542125,0.582417,-0.648565,-0.605455,0.5,0
3.01504,0.542125,0.56044,-0.648565,-0.605455,0.5,0
3.01389,0.542125,0.582417,-0.648565,-0.609818,0.5,0
3.01274,0.536263,0.582417,-0.648565,-0.627795,0.5,0
3.01121,0.530403,0.64835,-0.648565,-0.632159,0.5,0
3.00987,0.530403,0.64835,-0.648565,-0.625701,0.5,0
3.00872,0.530403,0.626373,-0.648565,-0.627795,0.5,0
3.00738,0.536263,0.64835,-0.648565,-0.628842,0.5,0
3.00613,0.536263,0.626373,-0.648565,-0.645947,0.5,0
3.0046,0.536263,0.64835,-0.648565,-0.651357,0.5,0
3.00335,0.530403,0.64835,-0.648565,-0.649088,0.5,0
3.00191,0.536263,0.67033,-0.648565,-0.653452,0.5,0
3.00067,0.542125,0.64835,-0.648565,-0.655546,0.5,0
2.99952,0.542125,0.604397,-0.648565,-0.660956,0.5,0
2.99798,0.542125,0.64835,-0.648565,-0.678933,0.5,0
2.99655,0.536263,0.67033,-0.648565,-0.675792,0.5,0
2.99521,0.536263,0.692307,-0.648565,-0.673697,0.5,0
2.99377,0.530403,0.67033,-0.648565,-0.677886,0.5,0
2.99233,0.524542,0.714287,-0.648565,-0.676839,0.5,0
2.9908,0.518682,0.736263,-0.648565,-0.693943,0.5,0
2.98907,0.518682,0.78022,-0.648565,-0.687485,0.5,0
2.98764,0.530403,0.736263,-0.648565,-0.687485,0.5,0
2.98639,0.536263,0.692307,-0.648565,-0.710873,0.5,0
2.98476,0.542125,0.758244,-0.648565,-0.714189,0.5,0
2.98352,0.542125,0.692307,-0.648565,-0.713142,0.5,0
2.98179,0.536263,0.714287,-0.648565,-0.733388,0.5,0
2.98045,0.524542,0.736263,-0.648565,-0.73234,0.5,0
2.97882,0.524542,0.758244,-0.648565,-0.723788,0.5,0
2.97709,0.524542,0.802197,-0.648565,-0.730072,0.5,0
2.97556,0.530403,0.758244,-0.648565,-0.741765,0.5,0
2.97393,0.542125,0.78022,-0.648565,-0.745081,0.5,0
2.9724,0.547985,0.78022,-0.648565,-0.737576,0.5,0
2.97087,0.547985,0.758244,-0.648565,-0.755728,0.5,0
2.96924,0.536263,0.78022,-0.648565,-0.766374,0.5,0
2.9678,0.536263,0.78022,-0.648565,-0.762011,0.5,0
2.96617,0.542125,0.78022,-0.648565,-0.76428,0.5,0
2.96445,0.542125,0.802197,-0.648565,-0.766374,0.5,0
2.96301,0.536263,0.758244,-0.648565,-0.78121,0.5,0
2.96119,0.536263,0.824177,-0.648565,-0.795172,0.5,0
2.95946,0.536263,0.846153,-0.648565,-0.797267,0.5,0
2.95783,0.536263,0.824177,-0.648565,-0.79622,0.5,0
2.95601,0.536263,0.846153,-0.648565,-0.802503,0.5,0
2.95448,0.536263,0.824177,-0.648565,-0.801455,0.5,0
2.95285,0.542125,0.802197,-0.648565,-0.80896,0.5,0
2.95122,0.547985,0.824177,-0.648565,-0.819607,0.5,0
2.94978,0.547985,0.78022,-0.648565,-0.827112,0.5,0
2.94796,0.536263,0.824177,-0.648565,-0.826065,0.5,0
2.94643,0.530403,0.824177,-0.648565,-0.831301,0.5,0
2.94471,0.530403,0.824177,-0.648565,-0.849452,0.5,0
2.94279,0.530403,0.824177,-0.648565,-0.846311,0.5,0
2.94097,0.542125,0.868134,-0.648565,-0.846311,0.5,0
2.93934,0.547985,0.846153,-0.648565,-0.860099,0.5,0
2.93781,0.547985,0.802197,-0.648565,-0.867604,0.5,0
2.93599,0.542125,0.846153,-0.648565,-0.873887,0.5,0
2.93426,0.530403,0.846153,-0.648565,-0.867604,0.5,0
2.93244,0.530403,0.868134,-0.648565,-0.87284,0.5,0
2.93052,0.530403,0.89011,-0.648565,-0.871792,0.5,0
2.92861,0.536263,0.89011,-0.648565,-0.867604,0.5,0
2.92688,0.542125,0.89011,-0.648565,-0.877203,0.5,0
2.92525,0.542125,0.89011,-0.648565,-0.889944,0.5,0
2.92334,0.536263,0.868134,-0.648565,-0.903732,0.5,0
2.92171,0.536263,0.846153,-0.648565,-0.901637,0.5,0
2.91979,0.530403,0.89011,-0.648565,-0.907048,0.5,0
2.91797,0.524542,0.912086,-0.648565,-0.903732,0.5,0
2.91615,0.518682,0.89011,-0.648565,-0.911237,0.5,0
2.91375,0.524542,0.956043,-0.648565,-0.918742,0.5,0
2.91222,0.530403,0.934067,-0.648565,-0.927119,0.5,0
2.9103,0.536263,0.934067,-0.648565,-0.934624,0.5,0
2.90858,0.542125,0.89011,-0.648565,-0.942129,0.5,0
2.90657,0.542125,0.934067,-0.648565,-0.941082,0.5,0
2.90475,0.530403,0.89011,-0.648565,-0.938987,0.5,0
2.90283,0.524542,0.934067,-0.648565,-0.949634,0.5,0
2.90082,0.518682,0.978024,-0.648565,-0.947365,0.5,0
2.89861,0.524542,1,-0.648565,-0.946318,0.5,0
2.8967,0.530403,0.978024,-0.648565,-0.971974,0.5,0
2.89449,0.536263,1.02198,-0.648565,-0.976163,0.5,0
2.89267,0.536263,1,-0.648565,-0.982621,0.5,0
2.89047,0.536263,1.02198,-0.648565,-0.990126,0.5,0
2.88846,0.536263,1.02198,-0.648565,-0.985762,0.5,0
2.88654,0.536263,1,-0.648565,-0.987857,0.5,0
2.88453,0.547985,0.978024,-0.648565,-0.994314,0.5,0
2.88242,0.542125,1,-0.648565,-0.998503,0.5,0
2.8806,0.542125,0.978024,-0.648565,-0.995362,0.5,0
2.87839,0.536263,1.02198,-0.648565,-1.00182,0.5,0
2.87638,0.536263,1,-0.648565,-1.02311,0.5,0
2.87427,0.536263,1,-0.648565,-1.01561,0.5,0
2.87216,0.536263,1.04396,-0.648565,-1.02521,0.5,0
2.87015,0.536263,1.02198,-0.648565,-1.03376,0.5,0
2.86814,0.542125,1,-0.648565,-1.03795,0.5,0
2.86594,0.547985,1.02198,-0.648565,-1.04231,0.5,0
2.86392,0.547985,1.02198,-0.648565,-1.04441,0.5,0
2.86201,0.547985,0.978024,-0.648565,-1.04441,0.5,0
2.8599,0.542125,1,-0.648565,-1.04755,0.5,0
2.85779,0.530403,1.02198,-0.648565,-1.05296,0.5,0
2.85559,0.524542,1.04396,-0.648565,-1.06029,0.5,0
2.85338,0.530403,1.06593,-0.648565,-1.06779,0.5,0
2.85118,0.536263,1.06593,-0.648565,-1.06465,0.5,0
2.84888,0.536263,1.08791,-0.648565,-1.06779,0.5,0
2.84667,0.536263,1.10989,-0.648565,-1.08158,0.5,0
2.84437,0.530403,1.13187,-0.648565,-1.07425,0.5,0
2.84217,0.530403,1.10989,-0.648565,-1.07949,0.5,0
2.83987,0.530403,1.10989,-0.648565,-1.09345,0.5,0
2.83776,0.530403,1.08791,-0.648565,-1.09554,0.5,0
2.83546,0.536263,1.10989,-0.648565,-1.08699,0.5,0
2.83335,0.536263,1.08791,-0.648565,-1.10305,0.5,0
2.83067,0.524542,1.13187,-0.648565,-1.1041,0.5,0
2.82856,0.524542,1.15385,-0.648565,-1.10514,0.5,0
2.82626,0.530403,1.15385,-0.648565,-1.10933,0.5,0
2.82396,0.536263,1.10989,-0.648565,-1.11474,0.5,0
2.82186,0.547985,1.10989,-0.648565,-1.12103,0.5,0
2.81956,0.547985,1.10989,-0.648565,-1.12958,0.5,0
2.81726,0.542125,1.13187,-0.648565,-1.13394,0.5,0
2.81496,0.536263,1.13187,-0.648565,-1.13813,0.5,0
2.81266,0.536263,1.13187,-0.648565,-1.14337,0.5,0
2.81026,0.542125,1.15385,-0.648565,-1.14982,0.5,0
2.80786,0.542125,1.17582,-0.648565,-1.15733,0.5,0
2.80576,0.542125,1.13187,-0.648565,-1.14982,0.5,0
2.80336,0.536263,1.13187,-0.648565,-1.15419,0.5,0
2.80097,0.536263,1.17582,-0.648565,-1.16797,0.5,0
2.79847,0.542125,1.17582,-0.648565,-1.16902,0.5,0
2.79627,0.542125,1.15385,-0.648565,-1.17007,0.5,0
2.79359,0.542125,1.17582,-0.648565,-1.17862,0.5,0
2.79157,0.542125,1.15385,-0.648565,-1.18176,0.5,0
2.78908,0.542125,1.1978,-0.648565,-1.18281,0.5,0
2.78688,0.542125,1.15385,-0.648565,-1.18927,0.5,0
2.78448,0.542125,1.17582,-0.648565,-1.19573,0.5,0
2.78199,0.536263,1.1978,-0.648565,-1.20096,0.5,0
2.7795,0.530403,1.1978,-0.648565,-1.20201,0.5,0
2.77701,0.536263,1.1978,-0.648565,-1.20637,0.5,0
2.77433,0.536263,1.21978,-0.648565,-1.2137,0.5,0
2.77212,0.536263,1.1978,-0.648565,-1.21807,0.5,0
2.76953,0.530403,1.21978,-0.648565,-1.22121,0.5,0
2.76704,0.530403,1.24176,-0.648565,-1.21597,0.5,0
2.76465,0.530403,1.24176,-0.648565,-1.21161,0.5,0
2.76216,0.530403,1.21978,-0.648565,-1.22976,0.5,0
2.75957,0.536263,1.24176,-0.648565,-1.235,0.5,0
2.75717,0.530403,1.21978,-0.648565,-1.23936,0.5,0
2.75439,0.530403,1.26374,-0.648565,-1.24896,0.5,0
2.752,0.536263,1.24176,-0.648565,-1.25629,0.5,0
2.74951,0.536263,1.26374,-0.648565,-1.24896,0.5,0
2.74682,0.536263,1.26374,-0.648565,-1.25315,0.5,0
2.74433,0.530403,1.26374,-0.648565,-1.25001,0.5,0
2.74174,0.530403,1.26374,-0.648565,-1.2596,0.5,0
2.73897,0.530403,1.28571,-0.648565,-1.27025,0.5,0
2.73638,0.536263,1.30769,-0.648565,-1.26693,0.5,0
2.7337,0.542125,1.28571,-0.648565,-1.27339,0.5,0
2.7313,0.542125,1.28571,-0.648565,-1.27985,0.5,0
2.72871,0.547985,1.26374,-0.648565,-1.2809,0.5,0
2.72603,0.542125,1.28571,-0.648565,-1.28613,0.5,0
2.72354,0.542125,1.26374,-0.648565,-1.2884,0.5,0
2.72095,0.547985,1.26374,-0.648565,-1.29469,0.5,0
2.71836,0.542125,1.26374,-0.648565,-1.3001,0.5,0
2.71587,0.536263,1.28571,-0.648565,-1.30114,0.5,0
2.7129,0.530403,1.30769,-0.648565,-1.30324,0.5,0
2.71041,0.536263,1.32967,-0.648565,-1.31179,0.5,0
2.70763,0.530403,1.35165,-0.648565,-1.31179,0.5,0
2.70495,0.530403,1.30769,-0.648565,-1.32348,0.5,0
2.70236,0.536263,1.32967,-0.648565,-1.31598,0.5,0
2.69948,0.536263,1.35165,-0.648565,-1.32348,0.5,0
2.69661,0.536263,1.37363,-0.648565,-1.33518,0.5,0
2.69393,0.536263,1.35165,-0.648565,-1.33832,0.5,0
2.69096,0.536263,1.37363,-0.648565,-1.33622,0.5,0
2.68866,0.536263,1.30769,-0.648565,-1.33954,0.5,0
2.68588,0.536263,1.35165,-0.648565,-1.34373,0.5,0
2.68319,0.530403,1.35165,-0.648565,-1.35333,0.5,0
2.68042,0.524542,1.32967,-0.648565,-1.35542,0.5,0
2.67754,0.530403,1.37363,-0.648565,-1.35333,0.5,0
2.67486,0.536263,1.35165,-0.648565,-1.36398,0.5,0
2.67246,0.542125,1.30769,-0.648565,-1.36398,0.5,0
2.6693,0.536263,1.37363,-0.648565,-1.36816,0.5,0
2.66662,0.536263,1.37363,-0.648565,-1.37357,0.5,0
2.66393,0.542125,1.3956,-0.648565,-1.38213,0.5,0
2.66125,0.542125,1.35165,-0.648565,-1.39173,0.5,0
2.65857,0.542125,1.32967,-0.648565,-1.39382,0.5,0
2.65579,0.536263,1.35165,-0.648565,-1.39592,0.5,0
2.65301,0.530403,1.3956,-0.648565,-1.39487,0.5,0
2.65013,0.536263,1.37363,-0.648565,-1.39068,0.5,0
2.64707,0.542125,1.3956,-0.648565,-1.40133,0.5,0
2.64448,0.542125,1.37363,-0.648565,-1.40656,0.5,0
2.64189,0.542125,1.35165,-0.648565,-1.4193,0.5,0
2.63883,0.547985,1.41758,-0.648565,-1.4193,0.5,0
2.63624,0.547985,1.3956,-0.648565,-1.4193,0.5,0
2.63336,0.547985,1.41758,-0.648565,-1.4193,0.5,0
2.63039,0.530403,1.41758,-0.648565,-1.42785,0.5,0
2.62752,0.530403,1.41758,-0.648565,-1.43327,0.5,0
2.62407,0.524542,1.46154,-0.648565,-1.44496,0.5,0
2.62139,0.530403,1.46154,-0.648565,-1.4406,0.5,0
2.61861,0.524542,1.43956,-0.648565,-1.42367,0.5,0
2.61554,0.530403,1.46154,-0.648565,-1.43327,0.5,0
2.61257,0.530403,1.46154,-0.648565,-1.44391,0.5,0
2.6095,0.536263,1.50549,-0.648565,-1.45561,0.5,0
2.60653,0.536263,1.48352,-0.648565,-1.45979,0.5,0
2.60347,0.542125,1.48352,-0.648565,-1.45875,0.5,0
2.6003,0.542125,1.50549,-0.648565,-1.46311,0.5,0
2.59762,0.542125,1.46154,-0.648565,-1.47044,0.5,0
2.59455,0.530403,1.48352,-0.648565,-1.4673,0.5,0
2.5913,0.542125,1.54945,-0.648565,-1.47585,0.5,0
2.58842,0.542125,1.48352,-0.648565,-1.48213,0.5,0
2.58526,0.542125,1.50549,-0.648565,-1.4865,0.5,0
2.58229,0.542125,1.48352,-0.648565,-1.48336,0.5,0
2.57922,0.542125,1.52747,-0.648565,-1.48964,0.5,0
2.57625,0.547985,1.46154,-0.648565,-1.49924,0.5,0
2.57347,0.547985,1.46154,-0.648565,-1.5057,0.5,0
2.5705,0.553846,1.48352,-0.648565,-1.5057,0.5,0
2.56763,0.547985,1.46154,-0.648565,-1.51739,0.5,0
2.56456,0.542125,1.46154,-0.648565,-1.5153,0.5,0
2.56169,0.542125,1.48352,-0.648565,-1.51739,0.5,0
2.55881,0.536263,1.46154,-0.648565,-1.52699,0.5,0
2.55555,0.536263,1.50549,-0.648565,-1.51844,0.5,0
2.5523,0.530403,1.50549,-0.648565,-1.52367,0.5,0
2.54952,0.530403,1.50549,-0.648565,-1.52367,0.5,0
2.54635,0.530403,1.52747,-0.648565,-1.53223,0.5,0
2.54329,0.524542,1.52747,-0.648565,-1.54182,0.5,0
2.54022,0.524542,1.52747,-0.648565,-1.54287,0.5,0
2.53696,0.530403,1.54945,-0.648565,-1.54724,0.5,0
2.5338,0.530403,1.54945,-0.648565,-1.53764,0.5,0
2.53073,0.530403,1.52747,-0.648565,-1.55142,0.5,0
2.52748,0.536263,1.52747,-0.648565,-1.56207,0.5,0
2.52451,0.536263,1.54945,-0.648565,-1.56312,0.5,0
2.52125,0.530403,1.59341,-0.648565,-1.55788,0.5,0
2.51799,0.530403,1.57143,-0.648565,-1.56312,0.5,0
2.51502,0.530403,1.57143,-0.648565,-1.57167,0.5,0
2.51186,0.536263,1.57143,-0.648565,-1.56958,0.5,0
2.5086,0.536263,1.57143,-0.648565,-1.58127,0.5,0
2.50544,0.530403,1.57143,-0.648565,-1.58877,0.5,0
2.50179,0.542125,1.59341,-0.648565,-1.59296,0.5,0
2.49911,0.542125,1.57143,-0.648565,-1.58877,0.5,0
2.49585,0.536263,1.57143,-0.648565,-1.60256,0.5,0
2.49269,0.542125,1.57143,-0.648565,-1.61216,0.5,0
2.48953,0.547985,1.57143,-0.648565,-1.6057,0.5,0
2.48656,0.559707,1.54945,-0.648565,-1.60693,0.5,0
2.4833,0.547985,1.54945,-0.648565,-1.60902,0.5,0
2.48014,0.542125,1.57143,-0.648565,-1.62595,0.5,0
2.4764,0.536263,1.61538,-0.648565,-1.62281,0.5,0
2.47333,0.530403,1.61538,-0.648565,-1.62071,0.5,0
2.47008,0.524542,1.63736,-0.648565,-1.63136,0.5,0
2.46672,0.524542,1.61538,-0.648565,-1.627,0.5,0
2.46318,0.518682,1.65934,-0.648565,-1.6249,0.5,0
2.45963,0.524542,1.7033,-0.648565,-1.62927,0.5,0
2.45637,0.524542,1.68132,-0.648565,-1.6345,0.5,0
2.45292,0.524542,1.7033,-0.648565,-1.6462,0.5,0
2.44938,0.536263,1.68132,-0.648565,-1.6462,0.5,0
2.44622,0.530403,1.68132,-0.648565,-1.6441,0.5,0
2.44277,0.536263,1.68132,-0.648565,-1.6537,0.5,0
2.43941,0.542125,1.68132,-0.648565,-1.65684,0.5,0
2.43596,0.547985,1.68132,-0.648565,-1.66016,0.5,0
2.4328,0.542125,1.65934,-0.648565,-1.6537,0.5,0
2.42945,0.553846,1.65934,-0.648565,-1.66644,0.5,0
2.42609,0.559707,1.63736,-0.648565,-1.6708,0.5,0
2.42283,0.559707,1.59341,-0.648565,-1.67813,0.5,0
2.41986,0.547985,1.63736,-0.648565,-1.6729,0.5,0
2.41651,0.553846,1.61538,-0.648565,-1.67185,0.5,0
2.41344,0.547985,1.59341,-0.648565,-1.6804,0.5,0
2.41009,0.542125,1.59341,-0.648565,-1.69105,0.5,0
2.40673,0.530403,1.61538,-0.648565,-1.69,0.5,0
2.40338,0.530403,1.61538,-0.648565,-1.69419,0.5,0
2.39993,0.530403,1.65934,-0.648565,-1.69629,0.5,0
2.39639,0.524542,1.65934,-0.648565,-1.70274,0.5,0
2.39303,0.524542,1.7033,-0.648565,-1.70274,0.5,0
2.38958,0.524542,1.7033,-0.648565,-1.69105,0.5,0
2.38613,0.530403,1.7033,-0.648565,-1.69314,0.5,0
2.38278,0.530403,1.7033,-0.648565,-1.7113,0.5,0
2.37942,0.530403,1.65934,-0.648565,-1.7113,0.5,0
2.37597,0.530403,1.7033,-0.648565,-1.70379,0.5,0
2.37243,0.530403,1.72527,-0.648565,-1.70589,0.5,0
2.3685,0.530403,1.72527,-0.648565,-1.71967,0.5,0
2.36543,0.530403,1.72527,-0.648565,-1.72613,0.5,0
2.36179,0.536263,1.74725,-0.648565,-1.72299,0.5,0
2.35805,0.536263,1.76923,-0.648565,-1.72718,0.5,0
2.35451,0.542125,1.76923,-0.648565,-1.7209,0.5,0
2.35096,0.547985,1.74725,-0.648565,-1.73678,0.5,0
2.3478,0.547985,1.72527,-0.648565,-1.74533,0.5,0
2.34454,0.559707,1.68132,-0.648565,-1.73992,0.5,0
2.3409,0.559707,1.68132,-0.648565,-1.74114,0.5,0
2.33755,0.547985,1.7033,-0.648565,-1.74742,0.5,0
2.33419,0.536263,1.68132,-0.648565,-1.76139,0.5,0
2.33074,0.530403,1.68132,-0.648565,-1.75283,0.5,0
2.3271,0.530403,1.72527,-0.648565,-1.74952,0.5,0
2.32346,0.518682,1.74725,-0.648565,-1.75598,0.5,0
2.31963,0.518682,1.81319,-0.648565,-1.76243,0.5,0
2.31589,0.524542,1.81319,-0.648565,-1.77413,0.5,0
2.31196,0.530403,1.81319,-0.648565,-1.76976,0.5,0
2.30861,0.536263,1.81319,-0.648565,-1.76558,0.5,0
2.30506,0.547985,1.79121,-0.648565,-1.77936,0.5,0
2.30171,0.547985,1.74725,-0.648565,-1.76976,0.5,0
2.29816,0.542125,1.74725,-0.648565,-1.77308,0.5,0
2.29481,0.542125,1.72527,-0.648565,-1.79001,0.5,0
2.29107,0.542125,1.76923,-0.648565,-1.79333,0.5,0
2.28753,0.542125,1.76923,-0.648565,-1.80397,0.5,0
2.28379,0.536263,1.79121,-0.648565,-1.8017,0.5,0
2.28024,0.536263,1.79121,-0.648565,-1.8017,0.5,0
2.27641,0.536263,1.85714,-0.648565,-1.80607,0.5,0
2.27277,0.536263,1.81319,-0.648565,-1.80066,0.5,0
2.26903,0.542125,1.83516,-0.648565,-1.81462,0.5,0
2.26529,0.547985,1.83516,-0.648565,-1.81567,0.5,0
2.26165,0.553846,1.81319,-0.648565,-1.81462,0.5,0
2.25792,0.542125,1.83516,-0.648565,-1.81986,0.5,0
2.25399,0.542125,1.85714,-0.648565,-1.8305,0.5,0
2.25044,0.542125,1.85714,-0.648565,-1.82631,0.5,0
2.2467,0.530403,1.85714,-0.648565,-1.81986,0.5,0
2.24287,0.530403,1.85714,-0.648565,-1.84115,0.5,0
2.23933,0.524542,1.85714,-0.648565,-1.8401,0.5,0
2.2354,0.518682,1.87912,-0.648565,-1.8326,0.5,0
2.23147,0.518682,1.9011,-0.648565,-1.84324,0.5,0
2.22754,0.530403,1.92308,-0.648565,-1.8326,0.5,0
2.22323,0.536263,1.9011,-0.648565,-1.83801,0.5,0
2.21987,0.536263,1.92308,-0.648565,-1.84865,0.5,0
2.21614,0.542125,1.9011,-0.648565,-1.86139,0.5,0
2.2124,0.542125,1.9011,-0.648565,-1.86244,0.5,0
2.20856,0.542125,1.87912,-0.648565,-1.85616,0.5,0
2.20473,0.547985,1.87912,-0.648565,-1.86349,0.5,0
2.2009,0.542125,1.87912,-0.648565,-1.87099,0.5,0
2.19716,0.542125,1.87912,-0.648565,-1.87309,0.5,0
2.19304,0.542125,1.87912,-0.648565,-1.87099,0.5,0
2.18959,0.542125,1.9011,-0.648565,-1.8785,0.5,0
2.18576,0.547985,1.87912,-0.648565,-1.88373,0.5,0
2.18221,0.547985,1.83516,-0.648565,-1.88373,0.5,0
2.17848,0.547985,1.85714,-0.648565,-1.88164,0.5,0
2.17474,0.547985,1.85714,-0.648565,-1.88915,0.5,0
2.1711,0.536263,1.85714,-0.648565,-1.89665,0.5,0
2.16726,0.536263,1.83516,-0.648565,-1.89333,0.5,0
2.16324,0.536263,1.85714,-0.648565,-1.89979,0.5,0
2.15979,0.530403,1.85714,-0.648565,-1.90293,0.5,0
2.15596,0.524542,1.87912,-0.648565,-1.90625,0.5,0
2.15231,0.524542,1.85714,-0.648565,-1.91585,0.5,0
2.14819,0.530403,1.87912,-0.648565,-1.90939,0.5,0
2.14436,0.530403,1.92308,-0.648565,-1.90939,0.5,0
2.14053,0.530403,1.92308,-0.648565,-1.92108,0.5,0
2.1366,0.536263,1.92308,-0.648565,-1.92108,0.5,0
2.13238,0.530403,1.92308,-0.648565,-1.91463,0.5,0
2.12874,0.542125,1.94505,-0.648565,-1.92527,0.5,0
2.12491,0.553846,1.92308,-0.648565,-1.93609,0.5,0
2.12117,0.547985,1.9011,-0.648565,-1.94552,0.5,0
2.11743,0.553846,1.9011,-0.648565,-1.94674,0.5,0
2.1136,0.547985,1.87912,-0.648565,-1.94988,0.5,0
2.10977,0.547985,1.87912,-0.648565,-1.94342,0.5,0
2.10613,0.536263,1.87912,-0.648565,-1.94884,0.5,0
2.10181,0.524542,1.92308,-0.648565,-1.95093,0.5,0
2.09817,0.518682,1.94505,-0.648565,-1.95407,0.5,0
2.09386,0.51282,1.98901,-0.648565,-1.95617,0.5,0
2.08993,0.518682,1.98901,-0.648565,-1.96053,0.5,0
2.08581,0.524542,2.01099,-0.648565,-1.96699,0.5,0
2.08188,0.536263,1.98901,-0.648565,-1.96367,0.5,0
2.07776,0.542125,2.01099,-0.648565,-1.95948,0.5,0
2.07383,0.547985,1.96703,-0.648565,-1.96367,0.5,0
2.06971,0.542125,1.92308,-0.648565,-1.97641,0.5,0
2.06626,0.547985,1.92308,-0.648565,-1.98287,0.5,0
2.06233,0.542125,1.92308,-0.648565,-1.97868,0.5,0
2.05831,0.530403,1.94505,-0.648565,-1.98828,0.5,0
2.05438,0.536263,1.96703,-0.648565,-1.99142,0.5,0
2.05036,0.536263,1.96703,-0.648565,-1.99666,0.5,0
2.04633,0.536263,1.98901,-0.648565,-1.99456,0.5,0
2.04259,0.547985,1.94505,-0.648565,-2.00626,0.5,0
2.03828,0.553846,1.94505,-0.648565,-2.00207,0.5,0
2.03493,0.553846,1.92308,-0.648565,-2.00102,0.5,0
2.031,0.547985,1.9011,-0.648565,-2.01376,0.5,0
2.02707,0.536263,1.92308,-0.648565,-2.02127,0.5,0
2.02324,0.530403,1.92308,-0.648565,-2.01167,0.5,0
2.01912,0.524542,1.94505,-0.648565,-2.01481,0.5,0
2.015,0.518682,2.01099,-0.648565,-2.02546,0.5,0
2.01078,0.518682,2.03297,-0.648565,-2.02022,0.5,0
2.00637,0.524542,2.01099,-0.648565,-2.02336,0.5,0
2.00254,0.524542,2.05495,-0.648565,-2.02546,0.5,0
1.99842,0.530403,2.05495,-0.648565,-2.03296,0.5,0
1.99449,0.536263,2.01099,-0.648565,-2.03715,0.5,0
1.99037,0.547985,1.98901,-0.648565,-2.04465,0.5,0
1.98644,0.547985,2.01099,-0.648565,-2.04884,0.5,0
1.98222,0.547985,2.03297,-0.648565,-2.04361,0.5,0
1.97829,0.547985,2.03297,-0.648565,-2.05216,0.5,0
1.97408,0.542125,1.98901,-0.648565,-2.06176,0.5,0
1.96986,0.547985,2.05495,-0.648565,-2.06804,0.5,0
1.96603,0.547985,2.01099,-0.648565,-2.05966,0.5,0
1.9621,0.547985,1.98901,-0.648565,-2.07555,0.5,0
1.95788,0.542125,2.01099,-0.648565,-2.082,0.5,0
1.95367,0.536263,2.03297,-0.648565,-2.07869,0.5,0
1.94945,0.536263,2.05495,-0.648565,-2.07136,0.5,0
1.94552,0.530403,2.05495,-0.648565,-2.07764,0.5,0
1.94092,0.524542,2.07692,-0.648565,-2.0916,0.5,0
1.9369,0.524542,2.07692,-0.648565,-2.09684,0.5,0
1.93287,0.524542,2.05495,-0.648565,-2.09893,0.5,0
1.92827,0.530403,2.12088,-0.648565,-2.09265,0.5,0
1.92425,0.536263,2.0989,-0.648565,-2.1012,0.5,0
1.92003,0.542125,2.07692,-0.648565,-2.11063,0.5,0
1.91581,0.542125,2.0989,-0.648565,-2.10644,0.5,0
1.91169,0.547985,2.0989,-0.648565,-2.10434,0.5,0
1.907,0.547985,2.07692,-0.648565,-2.11604,0.5,0
1.90336,0.553846,2.03297,-0.648565,-2.11499,0.5,0
1.89933,0.547985,2.03297,-0.648565,-2.11063,0.5,0
1.89531,0.542125,2.03297,-0.648565,-2.11813,0.5,0
1.89138,0.547985,2.03297,-0.648565,-2.11604,0.5,0
1.88697,0.542125,2.03297,-0.648565,-2.12878,0.5,0
1.88275,0.536263,2.05495,-0.648565,-2.1321,0.5,0
1.87863,0.530403,2.0989,-0.648565,-2.12878,0.5,0
1.87423,0.530403,2.07692,-0.648565,-2.13943,0.5,0
1.87001,0.524542,2.12088,-0.648565,-2.14798,0.5,0
1.8657,0.524542,2.12088,-0.648565,-2.15444,0.5,0
1.86148,0.524542,2.12088,-0.648565,-2.14798,0.5,0
1.85717,0.536263,2.12088,-0.648565,-2.14902,0.5,0
1.85305,0.542125,2.12088,-0.648565,-2.14902,0.5,0
1.84883,0.536263,2.0989,-0.648565,-2.15007,0.5,0
1.84414,0.536263,2.16484,-0.648565,-2.15007,0.5,0
1.83954,0.530403,2.14286,-0.648565,-2.15967,0.5,0
1.83542,0.524542,2.18681,-0.648565,-2.16508,0.5,0
1.83101,0.530403,2.18681,-0.648565,-2.15339,0.5,0
1.8265,0.530403,2.18681,-0.648565,-2.16072,0.5,0
1.8221,0.530403,2.18681,-0.648565,-2.17678,0.5,0
1.81769,0.542125,2.20879,-0.648565,-2.17468,0.5,0
1.81347,0.553846,2.16484,-0.648565,-2.18096,0.5,0
1.80916,0.553846,2.14286,-0.648565,-2.18637,0.5,0
1.80466,0.553846,2.16484,-0.648565,-2.18323,0.5,0
1.80034,0.547985,2.18681,-0.648565,-2.19493,0.5,0
1.79603,0.530403,2.18681,-0.648565,-2.18847,0.5,0
1.79153,0.530403,2.23077,-0.648565,-2.19056,0.5,0
1.78712,0.530403,2.18681,-0.648565,-2.19912,0.5,0
1.78262,0.524542,2.23077,-0.648565,-2.20121,0.5,0
1.77811,0.524542,2.20879,-0.648565,-2.20121,0.5,0
1.77361,0.530403,2.20879,-0.648565,-2.20662,0.5,0
1.76891,0.542125,2.18681,-0.648565,-2.20872,0.5,0
1.7647,0.542125,2.20879,-0.648565,-2.20662,0.5,0
1.76048,0.542125,2.20879,-0.648565,-2.21831,0.5,0
1.75598,0.542125,2.18681,-0.648565,-2.22582,0.5,0
1.75138,0.542125,2.20879,-0.648565,-2.21517,0.5,0
1.74687,0.542125,2.25275,-0.648565,-2.22355,0.5,0
1.74256,0.547985,2.20879,-0.648565,-2.2321,0.5,0
1.73825,0.547985,2.18681,-0.648565,-2.23106,0.5,0
1.73307,0.542125,2.20879,-0.648565,-2.2321,0.5,0
1.72934,0.542125,2.18681,-0.648565,-2.23751,0.5,0
1.72464,0.536263,2.23077,-0.648565,-2.24607,0.5,0
1.72033,0.524542,2.20879,-0.648565,-2.24502,0.5,0
1.71592,0.518682,2.20879,-0.648565,-2.24921,0.5,0
1.71113,0.51282,2.25275,-0.648565,-2.2438,0.5,0
1.70643,0.518682,2.2967,-0.648565,-2.25444,0.5,0
1.70183,0.530403,2.2967,-0.648565,-2.25566,0.5,0
1.69695,0.524542,2.31868,-0.648565,-2.2609,0.5,0
1.69235,0.530403,2.34066,-0.648565,-2.25566,0.5,0
1.68784,0.536263,2.2967,-0.648565,-2.2609,0.5,0
1.68315,0.542125,2.2967,-0.648565,-2.2801,0.5,0
1.67864,0.547985,2.2967,-0.648565,-2.27591,0.5,0
1.67404,0.553846,2.2967,-0.648565,-2.26736,0.5,0
1.66983,0.553846,2.25275,-0.648565,-2.27469,0.5,0
1.66523,0.553846,2.23077,-0.648565,-2.28656,0.5,0
1.66063,0.547985,2.20879,-0.648565,-2.28656,0.5,0
1.65622,0.547985,2.20879,-0.648565,-2.29075,0.5,0
1.65191,0.536263,2.23077,-0.648565,-2.28865,0.5,0
1.64712,0.524542,2.27473,-0.648565,-2.28534,0.5,0
1.64242,0.524542,2.2967,-0.648565,-2.29389,0.5,0
1.63792,0.530403,2.2967,-0.648565,-2.30034,0.5,0
1.63322,0.518682,2.34066,-0.648565,-2.29825,0.5,0
1.62833,0.524542,2.31868,-0.648565,-2.2897,0.5,0
1.62345,0.524542,2.31868,-0.648565,-2.29284,0.5,0
1.61904,0.524542,2.31868,-0.648565,-2.31413,0.5,0
1.61425,0.536263,2.31868,-0.648565,-2.31413,0.5,0
1.60965,0.536263,2.34066,-0.648565,-2.30349,0.5,0
1.60524,0.542125,2.31868,-0.648565,-2.30994,0.5,0
1.60045,0.553846,2.31868,-0.648565,-2.30994,0.5,0
1.59623,0.559707,2.23077,-0.648565,-2.30785,0.5,0
1.59163,0.559707,2.23077,-0.648565,-2.30994,0.5,0
1.58694,0.559707,2.23077,-0.648565,-2.31099,0.5,0
1.58263,0.542125,2.25275,-0.648565,-2.32583,0.5,0
1.57822,0.530403,2.25275,-0.648565,-2.32914,0.5,0
1.57314,0.518682,2.31868,-0.648565,-2.32269,0.5,0
1.56844,0.51282,2.31868,-0.648565,-2.31518,0.5,0
1.56317,0.518682,2.42857,-0.648565,-2.32478,0.5,0
1.55838,0.51282,2.42857,-0.648565,-2.32373,0.5,0
1.55359,0.524542,2.40659,-0.648565,-2.32164,0.5,0
1.54822,0.542125,2.40659,-0.648565,-2.33438,0.5,0
1.54429,0.547985,2.36264,-0.648565,-2.33543,0.5,0
1.53969,0.553846,2.31868,-0.648565,-2.3377,0.5,0
1.53519,0.547985,2.31868,-0.648565,-2.3377,0.5,0
1.5305,0.542125,2.2967,-0.648565,-2.34293,0.5,0
1.5259,0.542125,2.2967,-0.648565,-2.33979,0.5,0
1.52091,0.542125,2.36264,-0.648565,-2.34712,0.5,0
1.5165,0.547985,2.2967,-0.648565,-2.35777,0.5,0
1.51162,0.553846,2.31868,-0.648565,-2.34834,0.5,0
1.50692,0.542125,2.36264,-0.648565,-2.35567,0.5,0
1.50213,0.542125,2.36264,-0.648565,-2.35777,0.5,0
1.49753,0.530403,2.34066,-0.648565,-2.35358,0.5,0
1.49264,0.530403,2.38462,-0.648565,-2.34607,0.5,0
1.48776,0.530403,2.38462,-0.648565,-2.35358,0.5,0
1.48287,0.518682,2.42857,-0.648565,-2.35777,0.5,0
1.47808,0.524542,2.40659,-0.648565,-2.36213,0.5,0
1.47281,0.518682,2.42857,-0.648565,-2.36318,0.5,0
1.46821,0.524542,2.40659,-0.648565,-2.37068,0.5,0
1.46332,0.536263,2.42857,-0.648565,-2.36737,0.5,0
1.45834,0.536263,2.45055,-0.648565,-2.36108,0.5,0
1.45345,0.542125,2.42857,-0.648565,-2.37278,0.5,0
1.44876,0.547985,2.40659,-0.648565,-2.37592,0.5,0
1.44396,0.547985,2.40659,-0.648565,-2.37592,0.5,0
1.43917,0.547985,2.38462,-0.648565,-2.38133,0.5,0
1.43429,0.547985,2.36264,-0.648565,-2.37923,0.5,0
1.42969,0.547985,2.38462,-0.648565,-2.37923,0.5,0
1.42518,0.553846,2.34066,-0.648565,-2.37923,0.5,0
1.42039,0.547985,2.34066,-0.648565,-2.38988,0.5,0
1.41579,0.542125,2.31868,-0.648565,-2.38988,0.5,0
1.41119,0.542125,2.2967,-0.648565,-2.38238,0.5,0
1.4063,0.536263,2.34066,-0.648565,-2.38238,0.5,0
1.4017,0.536263,2.36264,-0.648565,-2.39407,0.5,0
1.39653,0.524542,2.36264,-0.648565,-2.40681,0.5,0
1.39183,0.530403,2.40659,-0.648565,-2.39721,0.5,0
1.38704,0.536263,2.40659,-0.648565,-2.39512,0.5,0
1.38225,0.536263,2.38462,-0.648565,-2.40367,0.5,0
1.37756,0.547985,2.40659,-0.648565,-2.39948,0.5,0
1.37296,0.542125,2.36264,-0.648565,-2.40367,0.5,0
1.36836,0.547985,2.31868,-0.648565,-2.40681,0.5,0
1.36357,0.553846,2.34066,-0.648565,-2.41222,0.5,0
1.3582,0.542125,2.34066,-0.648565,-2.41431,0.5,0
1.35398,0.536263,2.36264,-0.648565,-2.42077,0.5,0
1.34919,0.530403,2.36264,-0.648565,-2.42496,0.5,0
1.34411,0.518682,2.42857,-0.648565,-2.41641,0.5,0
1.33913,0.518682,2.45055,-0.648565,-2.41117,0.5,0
1.33424,0.518682,2.42857,-0.648565,-2.4185,0.5,0
1.32916,0.530403,2.47253,-0.648565,-2.4185,0.5,0
1.32428,0.530403,2.47253,-0.648565,-2.42182,0.5,0
1.31901,0.530403,2.45055,-0.648565,-2.42182,0.5,0
1.31431,0.536263,2.47253,-0.648565,-2.42182,0.5,0
1.30923,0.536263,2.51648,-0.648565,-2.4281,0.5,0
1.30425,0.542125,2.49451,-0.648565,-2.43456,0.5,0
1.29927,0.547985,2.47253,-0.648565,-2.43561,0.5,0
1.29467,0.559707,2.42857,-0.648565,-2.4398,0.5,0
1.28968,0.559707,2.45055,-0.648565,-2.42915,0.5,0
1.28508,0.553846,2.38462,-0.648565,-2.43247,0.5,0
1.2801,0.547985,2.38462,-0.648565,-2.44521,0.5,0
1.2755,0.542125,2.38462,-0.648565,-2.45167,0.5,0
1.27042,0.530403,2.45055,-0.648565,-2.45271,0.5,0
1.26563,0.524542,2.42857,-0.648565,-2.45376,0.5,0
1.26065,0.518682,2.45055,-0.648565,-2.44625,0.5,0
1.25557,0.530403,2.45055,-0.648565,-2.44416,0.5,0
1.25078,0.536263,2.42857,-0.648565,-2.45481,0.5,0
1.24589,0.542125,2.45055,-0.648565,-2.45795,0.5,0
1.24052,0.542125,2.47253,-0.648565,-2.45585,0.5,0
1.23592,0.542125,2.47253,-0.648565,-2.45376,0.5,0
1.23094,0.542125,2.47253,-0.648565,-2.46004,0.5,0
1.22577,0.542125,2.49451,-0.648565,-2.46545,0.5,0
1.22078,0.536263,2.51648,-0.648565,-2.4569,0.5,0
1.21561,0.542125,2.51648,-0.648565,-2.47069,0.5,0
1.21043,0.536263,2.53846,-0.648565,-2.4761,0.5,0
1.20564,0.542125,2.49451,-0.648565,-2.47191,0.5,0
1.20037,0.547985,2.51648,-0.648565,-2.4761,0.5,0
1.19558,0.530403,2.49451,-0.648565,-2.46964,0.5,0
1.19041,0.530403,2.51648,-0.648565,-2.4761,0.5,0
1.18523,0.524542,2.53846,-0.648565,-2.48134,0.5,0
1.18006,0.524542,2.53846,-0.648565,-2.48029,0.5,0
1.17488,0.536263,2.56044,-0.648565,-2.47505,0.5,0
1.1698,0.536263,2.53846,-0.648565,-2.47296,0.5,0
1.16482,0.542125,2.51648,-0.648565,-2.48256,0.5,0
1.15936,0.542125,2.49451,-0.648565,-2.48029,0.5,0
1.15505,0.547985,2.47253,-0.648565,-2.48256,0.5,0
1.14997,0.559707,2.47253,-0.648565,-2.47505,0.5,0
1.14537,0.553846,2.45055,-0.648565,-2.47715,0.5,0
1.14039,0.547985,2.45055,-0.648565,-2.48029,0.5,0
1.1354,0.542125,2.45055,-0.648565,-2.4857,0.5,0
1.13042,0.536263,2.47253,-0.648565,-2.4836,0.5,0
1.12534,0.530403,2.49451,-0.648565,-2.47924,0.5,0
1.12007,0.518682,2.51648,-0.648565,-2.48256,0.5,0
1.11509,0.518682,2.51648,-0.648565,-2.48134,0.5,0
1.1101,0.518682,2.51648,-0.648565,-2.48675,0.5,0
1.10512,0.524542,2.51648,-0.648565,-2.48989,0.5,0
1.09985,0.530403,2.51648,-0.648565,-2.48989,0.5,0
1.09487,0.530403,2.51648,-0.648565,-2.4836,0.5,0
1.08988,0.542125,2.51648,-0.648565,-2.48134,0.5,0
1.0849,0.542125,2.51648,-0.648565,-2.49635,0.5,0
1.07963,0.553846,2.49451,-0.648565,-2.50385,0.5,0
1.07503,0.559707,2.45055,-0.648565,-2.4953,0.5,0
1.07034,0.565568,2.42857,-0.648565,-2.48779,0.5,0
1.06554,0.565568,2.40659,-0.648565,-2.48675,0.5,0
1.06094,0.553846,2.38462,-0.648565,-2.49949,0.5,0
1.05606,0.542125,2.40659,-0.648565,-2.5049,0.5,0
1.05117,0.524542,2.38462,-0.648565,-2.50158,0.5,0
1.046,0.518682,2.45055,-0.648565,-2.49739,0.5,0
1.04053,0.51282,2.51648,-0.648565,-2.50385,0.5,0
1.03565,0.51282,2.51648,-0.648565,-2.49949,0.5,0
1.03057,0.524542,2.51648,-0.648565,-2.50053,0.5,0
1.02568,0.536263,2.51648,-0.648565,-2.50385,0.5,0
1.0206,0.536263,2.49451,-0.648565,-2.5049,0.5,0
1.01562,0.542125,2.47253,-0.648565,-2.50699,0.5,0
1.01064,0.536263,2.49451,-0.648565,-2.50804,0.5,0
1.00546,0.542125,2.49451,-0.648565,-2.49844,0.5,0
1.00038,0.536263,2.49451,-0.648565,-2.50385,0.5,0
0.995591,0.542125,2.49451,-0.648565,-2.52078,0.5,0
0.990608,0.542125,2.47253,-0.648565,-2.5241,0.5,0
0.985721,0.542125,2.45055,-0.648565,-2.50804,0.5,0
0.980642,0.547985,2.47253,-0.648565,-2.51345,0.5,0
0.975563,0.542125,2.47253,-0.648565,-2.51659,0.5,0
0.970772,0.530403,2.45055,-0.648565,-2.50594,0.5,0
0.965502,0.524542,2.51648,-0.648565,-2.50385,0.5,0
0.959752,0.518682,2.56044,-0.648565,-2.5124,0.5,0
0.95544,0.524542,2.49451,-0.648565,-2.50909,0.5,0
0.950169,0.524542,2.53846,-0.648565,-2.51554,0.5,0
0.945186,0.536263,2.53846,-0.648565,-2.5241,0.5,0
0.940299,0.547985,2.49451,-0.648565,-2.52305,0.5,0
0.935412,0.547985,2.47253,-0.648565,-2.51659,0.5,0
0.930621,0.553846,2.45055,-0.648565,-2.52078,0.5,0
0.925733,0.547985,2.42857,-0.648565,-2.51869,0.5,0
0.920655,0.547985,2.42857,-0.648565,-2.5241,0.5,0
0.915863,0.547985,2.47253,-0.648565,-2.53143,0.5,0
0.91088,0.536263,2.45055,-0.648565,-2.51764,0.5,0
0.905993,0.530403,2.47253,-0.648565,-2.51013,0.5,0
0.90101,0.524542,2.47253,-0.648565,-2.51345,0.5,0
0.89574,0.524542,2.51648,-0.648565,-2.52514,0.5,0
0.890661,0.524542,2.51648,-0.648565,-2.52724,0.5,0
0.885678,0.524542,2.49451,-0.648565,-2.52619,0.5,0
0.880216,0.530403,2.51648,-0.648565,-2.52619,0.5,0
0.87552,0.530403,2.51648,-0.648565,-2.51554,0.5,0
0.870154,0.536263,2.56044,-0.648565,-2.5241,0.5,0
0.865075,0.542125,2.56044,-0.648565,-2.52183,0.5,0
0.859996,0.547985,2.53846,-0.648565,-2.53474,0.5,0
0.855205,0.559707,2.49451,-0.648565,-2.53579,0.5,0
0.850222,0.553846,2.47253,-0.648565,-2.5337,0.5,0
0.845526,0.565568,2.45055,-0.648565,-2.53474,0.5,0
0.840448,0.559707,2.45055,-0.648565,-2.52619,0.5,0
0.835656,0.547985,2.47253,-0.648565,-2.52933,0.5,0
0.830482,0.536263,2.47253,-0.648565,-2.53893,0.5,0
0.825403,0.524542,2.49451,-0.648565,-2.54329,0.5,0
0.820228,0.524542,2.53846,-0.648565,-2.53684,0.5,0
0.81515,0.524542,2.51648,-0.648565,-2.53684,0.5,0
0.810167,0.536263,2.53846,-0.648565,-2.54207,0.5,0
0.805088,0.536263,2.49451,-0.648565,-2.54207,0.5,0
0.799721,0.530403,2.53846,-0.648565,-2.53579,0.5,0
0.794739,0.530403,2.53846,-0.648565,-2.52619,0.5,0
0.789851,0.536263,2.51648,-0.648565,-2.53998,0.5,0
0.784485,0.542125,2.53846,-0.648565,-2.53998,0.5,0
0.779406,0.547985,2.53846,-0.648565,-2.53893,0.5,0
0.774232,0.542125,2.53846,-0.648565,-2.54958,0.5,0
0.769344,0.553846,2.51648,-0.648565,-2.54644,0.5,0
0.764457,0.547985,2.47253,-0.648565,-2.54539,0.5,0
0.758708,0.547985,2.51648,-0.648565,-2.54207,0.5,0
0.754587,0.547985,2.45055,-0.648565,-2.54207,0.5,0
0.749317,0.536263,2.51648,-0.648565,-2.54539,0.5,0
0.744142,0.530403,2.51648,-0.648565,-2.54207,0.5,0
0.738967,0.518682,2.56044,-0.648565,-2.54644,0.5,0
0.733793,0.524542,2.58242,-0.648565,-2.54434,0.5,0
0.728618,0.524542,2.56044,-0.648565,-2.54748,0.5,0
0.723443,0.530403,2.58242,-0.648565,-2.55272,0.5,0
0.717981,0.542125,2.53846,-0.648565,-2.55063,0.5,0
0.713286,0.542125,2.56044,-0.648565,-2.56022,0.5,0
0.708111,0.547985,2.53846,-0.648565,-2.55499,0.5,0
0.702841,0.547985,2.58242,-0.648565,-2.55604,0.5,0
0.697953,0.553846,2.53846,-0.648565,-2.55063,0.5,0
0.692875,0.559707,2.51648,-0.648565,-2.55604,0.5,0
0.687796,0.547985,2.53846,-0.648565,-2.55708,0.5,0
0.682717,0.542125,2.53846,-0.648565,-2.55604,0.5,0
0.677159,0.530403,2.53846,-0.648565,-2.55918,0.5,0
0.67208,0.530403,2.6044,-0.648565,-2.55708,0.5,0
0.667001,0.530403,2.58242,-0.648565,-2.56563,0.5,0
0.661731,0.524542,2.6044,-0.648565,-2.56232,0.5,0
0.656556,0.530403,2.58242,-0.648565,-2.55813,0.5,0
0.651286,0.530403,2.6044,-0.648565,-2.55813,0.5,0
0.646111,0.536263,2.58242,-0.648565,-2.55813,0.5,0
0.641032,0.542125,2.58242,-0.648565,-2.56459,0.5,0
0.63557,0.547985,2.56044,-0.648565,-2.56232,0.5,0
0.630683,0.553846,2.56044,-0.648565,-2.56127,0.5,0
0.6257,0.547985,2.53846,-0.648565,-2.56773,0.5,0
0.620526,0.553846,2.53846,-0.648565,-2.56878,0.5,0
0.615638,0.547985,2.51648,-0.648565,-2.56878,0.5,0
0.610655,0.542125,2.51648,-0.648565,-2.56563,0.5,0
0.605481,0.536263,2.51648,-0.648565,-2.56668,0.5,0
0.60021,0.524542,2.56044,-0.648565,-2.57419,0.5,0
0.594652,0.524542,2.58242,-0.648565,-2.57087,0.5,0
0.589765,0.524542,2.58242,-0.648565,-2.57087,0.5,0
0.584686,0.530403,2.53846,-0.648565,-2.57419,0.5,0
0.579416,0.536263,2.58242,-0.648565,-2.56773,0.5,0
0.574337,0.536263,2.58242,-0.648565,-2.56773,0.5,0
0.569162,0.536263,2.56044,-0.648565,-2.56982,0.5,0
0.563796,0.530403,2.6044,-0.648565,-2.57733,0.5,0
0.55843,0.536263,2.62637,-0.648565,-2.58047,0.5,0
0.552584,0.536263,2.62637,-0.648565,-2.58152,0.5,0
0.548176,0.542125,2.58242,-0.648565,-2.57942,0.5,0
0.54281,0.547985,2.6044,-0.648565,-2.57087,0.5,0
0.537827,0.553846,2.58242,-0.648565,-2.56878,0.5,0
0.532748,0.547985,2.56044,-0.648565,-2.58588,0.5,0
0.52767,0.542125,2.56044,-0.648565,-2.59007,0.5,0
0.522111,0.536263,2.62637,-0.648565,-2.57297,0.5,0
0.517033,0.536263,2.58242,-0.648565,-2.58152,0.5,0
0.511379,0.530403,2.62637,-0.648565,-2.57942,0.5,0
0.506396,0.542125,2.6044,-0.648565,-2.57942,0.5,0
0.50103,0.542125,2.62637,-0.648565,-2.58256,0.5,0
0.495951,0.547985,2.6044,-0.648565,-2.58047,0.5,0
0.490776,0.547985,2.6044,-0.648565,-2.57838,0.5,0
0.485602,0.542125,2.6044,-0.648565,-2.58361,0.5,0
0.480427,0.547985,2.56044,-0.648565,-2.58483,0.5,0
0.475252,0.542125,2.58242,-0.648565,-2.58902,0.5,0
0.469982,0.547985,2.56044,-0.648565,-2.59216,0.5,0
0.465095,0.547985,2.53846,-0.648565,-2.59426,0.5,0
0.460016,0.542125,2.53846,-0.648565,-2.59548,0.5,0
0.454745,0.536263,2.56044,-0.648565,-2.58693,0.5,0
0.449667,0.524542,2.56044,-0.648565,-2.59216,0.5,0
0.444108,0.524542,2.62637,-0.648565,-2.59548,0.5,0
0.438742,0.51282,2.64835,-0.648565,-2.59321,0.5,0
0.433376,0.518682,2.64835,-0.648565,-2.60072,0.5,0
0.427626,0.524542,2.67033,-0.648565,-2.60176,0.5,0
0.422548,0.530403,2.67033,-0.648565,-2.59112,0.5,0
0.417373,0.542125,2.64835,-0.648565,-2.59548,0.5,0
0.412198,0.547985,2.6044,-0.648565,-2.59967,0.5,0
0.40712,0.559707,2.58242,-0.648565,-2.58798,0.5,0
0.402041,0.559707,2.56044,-0.648565,-2.59426,0.5,0
0.396962,0.559707,2.56044,-0.648565,-2.59548,0.5,0
0.392075,0.559707,2.49451,-0.648565,-2.60072,0.5,0
0.386804,0.542125,2.49451,-0.648565,-2.60386,0.5,0
0.381821,0.536263,2.53846,-0.648565,-2.60927,0.5,0
0.376647,0.530403,2.53846,-0.648565,-2.60386,0.5,0
0.371472,0.524542,2.56044,-0.648565,-2.59757,0.5,0
0.366106,0.530403,2.58242,-0.648565,-2.60508,0.5,0
0.360931,0.518682,2.62637,-0.648565,-2.60717,0.5,0
0.355469,0.524542,2.64835,-0.648565,-2.60822,0.5,0
0.350103,0.518682,2.64835,-0.648565,-2.60717,0.5,0
0.344066,0.530403,2.64835,-0.648565,-2.59321,0.5,0
0.339466,0.536263,2.62637,-0.648565,-2.58798,0.5,0
0.3341,0.547985,2.62637,-0.648565,-2.60717,0.5,0
0.329117,0.553846,2.58242,-0.648565,-2.62096,0.5,0
0.324038,0.547985,2.6044,-0.648565,-2.61991,0.5,0
0.318767,0.547985,2.56044,-0.648565,-2.61241,0.5,0
0.313784,0.536263,2.58242,-0.648565,-2.61241,0.5,0
0.308322,0.524542,2.62637,-0.648565,-2.61346,0.5,0
0.302764,0.524542,2.62637,-0.648565,-2.60822,0.5,0
0.29759,0.518682,2.64835,-0.648565,-2.61782,0.5,0
0.292223,0.524542,2.67033,-0.648565,-2.6145,0.5,0
0.286857,0.518682,2.67033,-0.648565,-2.62096,0.5,0
0.281395,0.530403,2.69231,-0.648565,-2.61991,0.5,0
0.27622,0.536263,2.64835,-0.648565,-2.62201,0.5,0
0.27095,0.542125,2.62637,-0.648565,-2.62742,0.5,0
0.265584,0.547985,2.62637,-0.648565,-2.61241,0.5,0
0.260026,0.542125,2.67033,-0.648565,-2.61782,0.5,0
0.255138,0.547985,2.6044,-0.648565,-2.6241,0.5,0
0.249868,0.542125,2.6044,-0.648565,-2.62096,0.5,0
0.244598,0.547985,2.6044,-0.648565,-2.6145,0.5,0
0.23971,0.553846,2.56044,-0.648565,-2.62201,0.5,0
0.234536,0.553846,2.58242,-0.648565,-2.62742,0.5,0
0.229361,0.553846,2.58242,-0.648565,-2.63266,0.5,0
0.223995,0.530403,2.58242,-0.648565,-2.64016,0.5,0
0.218533,0.524542,2.6044,-0.648565,-2.6241,0.5,0
0.213262,0.524542,2.62637,-0.648565,-2.61677,0.5,0
0.208183,0.524542,2.62637,-0.648565,-2.63475,0.5,0
0.202721,0.524542,2.62637,-0.648565,-2.64435,0.5,0
0.197163,0.530403,2.69231,-0.648565,-2.63161,0.5,0
0.191509,0.536263,2.73626,-0.648565,-2.63056,0.5,0
0.186048,0.536263,2.73626,-0.648565,-2.63475,0.5,0
0.18049,0.542125,2.73626,-0.648565,-2.62637,0.5,0
0.174836,0.547985,2.71429,-0.648565,-2.63266,0.5,0
0.169661,0.559707,2.71429,-0.648565,-2.64016,0.5,0
0.164295,0.565568,2.69231,-0.648565,-2.63911,0.5,0
0.159024,0.559707,2.67033,-0.648565,-2.64767,0.5,0
0.153754,0.559707,2.64835,-0.648565,-2.64226,0.5,0
0.148196,0.542125,2.67033,-0.648565,-2.63597,0.5,0
0.14283,0.542125,2.67033,-0.648565,-2.64662,0.5,0
0.137272,0.536263,2.71429,-0.648565,-2.63597,0.5,0
0.13133,0.536263,2.69231,-0.648565,-2.6454,0.5,0
0.126635,0.536263,2.69231,-0.648565,-2.64435,0.5,0
0.121269,0.536263,2.67033,-0.648565,-2.64121,0.5,0
0.11571,0.547985,2.69231,-0.648565,-2.64435,0.5,0
0.11044,0.542125,2.67033,-0.648565,-2.64226,0.5,0
0.105266,0.553846,2.64835,-0.648565,-2.63475,0.5,0
0.0998993,0.547985,2.64835,-0.648565,-2.6454,0.5,0
0.0949163,0.553846,2.58242,-0.648565,-2.6454,0.5,0
0.0891669,0.559707,2.6044,-0.648565,-2.63161,0.5,0
0.0845668,0.553846,2.58242,-0.648565,-2.6454,0.5,0
0.0793924,0.547985,2.56044,-0.648565,-2.64767,0.5,0
0.0742178,0.530403,2.6044,-0.648565,-2.64767,0.5,0
0.0686598,0.524542,2.64835,-0.648565,-2.6433,0.5,0
0.0633893,0.51282,2.64835,-0.648565,-2.64767,0.5,0
0.0578315,0.518682,2.67033,-0.648565,-2.6454,0.5,0
0.052465,0.530403,2.69231,-0.648565,-2.65081,0.5,0
0.0466197,0.530403,2.71429,-0.648565,-2.6433,0.5,0
0.0415409,0.547985,2.69231,-0.648565,-2.64767,0.5,0
0.0364621,0.547985,2.64835,-0.648565,-2.6454,0.5,0
0.0310957,0.553846,2.62637,-0.648565,-2.6433,0.5,0
0.0258253,0.553846,2.64835,-0.648565,-2.65726,0.5,0
0.0206506,0.553846,2.6044,-0.648565,-2.6529,0.5,0
0.0153801,0.559707,2.6044,-0.648565,-2.64226,0.5,0
0.0101099,0.547985,2.6044,-0.648565,-2.64662,0.5,0
0.00483918,0.547985,2.58242,-0.648565,-2.6529,0.5,0
-0.000143766,0.536263,2.6044,-0.648565,-2.64871,0.5,0
-0.00541425,0.536263,2.6044,-0.648565,-2.6433,0.5,0
-0.0106847,0.530403,2.6044,-0.648565,-2.65081,0.5,0
-0.0159552,0.524542,2.6044,-0.648565,-2.66355,0.5,0
-0.0211296,0.536263,2.62637,-0.648565,-2.6529,0.5,0
-0.0266879,0.530403,2.67033,-0.648565,-2.655,0.5,0
-0.0318623,0.536263,2.62637,-0.648565,-2.6529,0.5,0
-0.0373244,0.530403,2.62637,-0.648565,-2.6529,0.5,0
-0.0423076,0.536263,2.62637,-0.648565,-2.66355,0.5,0
-0.0477695,0.530403,2.64835,-0.648565,-2.65604,0.5,0
-0.0532317,0.536263,2.64835,-0.648565,-2.64871,0.5,0
-0.0584064,0.547985,2.64835,-0.648565,-2.65185,0.5,0
-0.063581,0.542125,2.62637,-0.648565,-2.6529,0.5,0
-0.0691388,0.542125,2.67033,-0.648565,-2.64662,0.5,0
-0.0744095,0.536263,2.67033,-0.648565,-2.65395,0.5,0
-0.0804465,0.536263,2.64835,-0.648565,-2.65936,0.5,0
-0.0849502,0.542125,2.64835,-0.648565,-2.67419,0.5,0
-0.0902209,0.547985,2.62637,-0.648565,-2.66686,0.5,0
-0.0952995,0.553846,2.58242,-0.648565,-2.66686,0.5,0
-0.100474,0.542125,2.58242,-0.648565,-2.6625,0.5,0
-0.105649,0.542125,2.58242,-0.648565,-2.655,0.5,0
-0.110919,0.542125,2.6044,-0.648565,-2.65185,0.5,0
-0.115998,0.542125,2.56044,-0.648565,-2.66791,0.5,0
-0.121652,0.542125,2.6044,-0.648565,-2.6721,0.5,0
-0.126539,0.542125,2.6044,-0.648565,-2.66896,0.5,0
-0.131618,0.542125,2.58242,-0.648565,-2.67629,0.5,0
-0.136793,0.536263,2.58242,-0.648565,-2.67105,0.5,0
-0.142159,0.536263,2.62637,-0.648565,-2.66564,0.5,0
-0.147525,0.524542,2.62637,-0.648565,-2.66686,0.5,0
-0.152796,0.518682,2.62637,-0.648565,-2.67419,0.5,0
-0.158258,0.518682,2.67033,-0.648565,-2.67961,0.5,0
-0.164295,0.518682,2.71429,-0.648565,-2.6721,0.5,0
-0.169278,0.530403,2.71429,-0.648565,-2.67105,0.5,0
-0.174644,0.536263,2.69231,-0.648565,-2.68816,0.5,0
-0.179819,0.547985,2.64835,-0.648565,-2.68379,0.5,0
-0.185185,0.553846,2.64835,-0.648565,-2.68065,0.5,0
-0.190264,0.565568,2.6044,-0.648565,-2.6817,0.5,0
-0.195343,0.565568,2.58242,-0.648565,-2.68816,0.5,0
-0.200517,0.553846,2.58242,-0.648565,-2.6892,0.5,0
-0.205979,0.553846,2.56044,-0.648565,-2.69339,0.5,0
-0.211058,0.536263,2.58242,-0.648565,-2.69776,0.5,0
-0.216424,0.530403,2.6044,-0.648565,-2.69549,0.5,0
-0.221887,0.518682,2.67033,-0.648565,-2.68379,0.5,0
-0.227349,0.518682,2.69231,-0.648565,-2.68275,0.5,0
-0.232811,0.518682,2.69231,-0.648565,-2.69025,0.5,0
-0.238273,0.524542,2.67033,-0.648565,-2.69653,0.5,0
-0.243448,0.536263,2.67033,-0.648565,-2.70613,0.5,0
-0.249101,0.536263,2.67033,-0.648565,-2.7009,0.5,0
-0.254276,0.536263,2.69231,-0.648565,-2.70945,0.5,0
-0.259738,0.536263,2.71429,-0.648565,-2.7105,0.5,0
-0.265105,0.542125,2.69231,-0.648565,-2.70945,0.5,0
-0.270279,0.547985,2.64835,-0.648565,-2.71469,0.5,0
-0.275645,0.559707,2.64835,-0.648565,-2.71905,0.5,0
-0.280916,0.565568,2.64835,-0.648565,-2.71469,0.5,0
-0.285995,0.559707,2.62637,-0.648565,-2.7105,0.5,0
-0.291936,0.547985,2.62637,-0.648565,-2.72219,0.5,0
-0.296823,0.524542,2.67033,-0.648565,-2.72324,0.5,0
-0.302381,0.518682,2.69231,-0.648565,-2.71573,0.5,0
-0.307843,0.51282,2.69231,-0.648565,-2.72219,0.5,0
-0.313689,0.518682,2.75824,-0.648565,-2.71573,0.5,0
-0.318959,0.530403,2.75824,-0.648565,-2.71469,0.5,0
-0.324421,0.536263,2.71429,-0.648565,-2.73179,0.5,0
-0.329883,0.547985,2.71429,-0.648565,-2.73388,0.5,0
-0.335441,0.547985,2.69231,-0.648565,-2.73074,0.5,0
-0.340424,0.553846,2.64835,-0.648565,-2.72429,0.5,0
-0.34579,0.547985,2.67033,-0.648565,-2.72324,0.5,0
-0.350965,0.547985,2.64835,-0.648565,-2.72743,0.5,0
-0.356427,0.542125,2.64835,-0.648565,-2.74034,0.5,0
-0.361506,0.536263,2.62637,-0.648565,-2.74139,0.5,0
-0.36716,0.530403,2.67033,-0.648565,-2.73807,0.5,0
-0.372622,0.518682,2.71429,-0.648565,-2.73493,0.5,0
-0.378755,0.518682,2.75824,-0.648565,-2.74348,0.5,0
-0.384025,0.51282,2.78022,-0.648565,-2.74663,0.5,0
-0.389296,0.524542,2.73626,-0.648565,-2.73807,0.5,0
-0.395045,0.530403,2.78022,-0.648565,-2.73074,0.5,0
-0.400412,0.536263,2.73626,-0.648565,-2.74872,0.5,0
-0.406065,0.542125,2.75824,-0.648565,-2.74663,0.5,0
-0.41124,0.547985,2.71429,-0.648565,-2.74994,0.5,0
-0.416702,0.553846,2.71429,-0.648565,-2.75204,0.5,0
-0.422452,0.547985,2.69231,-0.648565,-2.75518,0.5,0
-0.427722,0.547985,2.71429,-0.648565,-2.76268,0.5,0
-0.433089,0.542125,2.73626,-0.648565,-2.76164,0.5,0
-0.438647,0.536263,2.73626,-0.648565,-2.75518,0.5,0
-0.444204,0.530403,2.75824,-0.648565,-2.75727,0.5,0
-0.449763,0.530403,2.73626,-0.648565,-2.74872,0.5,0
-0.455416,0.530403,2.78022,-0.648565,-2.74994,0.5,0
-0.460878,0.536263,2.75824,-0.648565,-2.76268,0.5,0
-0.466724,0.536263,2.73626,-0.648565,-2.77019,0.5,0
-0.47209,0.524542,2.8022,-0.648565,-2.75954,0.5,0
-0.477648,0.530403,2.8022,-0.648565,-2.76687,0.5,0
-0.483398,0.530403,2.8022,-0.648565,-2.77228,0.5,0
-0.48886,0.536263,2.78022,-0.648565,-2.78712,0.5,0
-0.494418,0.542125,2.78022,-0.648565,-2.77647,0.5,0
-0.49988,0.553846,2.8022,-0.648565,-2.77542,0.5,0
-0.505438,0.559707,2.71429,-0.648565,-2.78502,0.5,0
-0.511379,0.547985,2.71429,-0.648565,-2.78607,0.5,0
-0.516266,0.542125,2.73626,-0.648565,-2.79253,0.5,0
-0.522016,0.524542,2.78022,-0.648565,-2.77438,0.5,0
-0.52767,0.518682,2.8022,-0.648565,-2.78083,0.5,0
-0.533419,0.518682,2.8022,-0.648565,-2.79358,0.5,0
-0.539073,0.530403,2.82418,-0.648565,-2.80108,0.5,0
-0.544343,0.536263,2.78022,-0.648565,-2.80422,0.5,0
-0.550189,0.542125,2.8022,-0.648565,-2.79881,0.5,0
-0.556226,0.536263,2.8022,-0.648565,-2.80317,0.5,0
-0.561496,0.536263,2.82418,-0.648565,-2.80108,0.5,0
-0.567342,0.542125,2.84615,-0.648565,-2.80317,0.5,0
-0.5729,0.542125,2.84615,-0.648565,-2.80946,0.5,0
-0.578458,0.553846,2.8022,-0.648565,-2.80841,0.5,0
-0.584111,0.547985,2.8022,-0.648565,-2.80736,0.5,0
-0.589574,0.547985,2.75824,-0.648565,-2.81696,0.5,0
-0.595323,0.536263,2.78022,-0.648565,-2.81592,0.5,0
-0.601264,0.524542,2.8022,-0.648565,-2.81382,0.5,0
-0.606631,0.51282,2.82418,-0.648565,-2.82237,0.5,0
-0.612476,0.524542,2.86813,-0.648565,-2.83407,0.5,0
-0.618322,0.530403,2.86813,-0.648565,-2.83511,0.5,0
-0.624071,0.542125,2.84615,-0.648565,-2.82237,0.5,0
-0.629629,0.553846,2.86813,-0.648565,-2.82342,0.5,0
-0.635187,0.553846,2.82418,-0.648565,-2.84035,0.5,0
-0.640841,0.553846,2.8022,-0.648565,-2.83826,0.5,0
-0.646878,0.547985,2.8022,-0.648565,-2.83826,0.5,0
-0.652053,0.553846,2.8022,-0.648565,-2.84262,0.5,0
-0.657706,0.542125,2.82418,-0.648565,-2.83302,0.5,0
-0.66336,0.542125,2.8022,-0.648565,-2.83407,0.5,0
-0.669205,0.530403,2.84615,-0.648565,-2.85327,0.5,0
-0.675051,0.530403,2.86813,-0.648565,-2.86164,0.5,0
-0.680992,0.524542,2.89011,-0.648565,-2.85536,0.5,0
-0.686742,0.524542,2.86813,-0.648565,-2.85222,0,0
-0.692971,0.536263,2.89011,-0.648565,-2.84995,0,0
-0.698241,0.460073,2.86813,-0.648565,-2.8489,0,0
-0.703607,0.389744,2.8022,-0.648565,-2.85327,0,0
-0.708686,0.313553,2.71429,-0.648565,-2.86286,0,0
-0.713669,0.249084,2.64835,-0.648565,-2.86391,0,0
-0.718748,0.196337,2.56044,-0.648565,-2.85745,0,0
-0.723731,0.155312,2.56044,-0.648565,-2.85955,0,0
-0.728426,0.120147,2.47253,-0.648565,-2.86496,0,0
-0.733697,0.0908422,2.45055,-0.648565,-2.8606,0,0
-0.737817,0.067399,2.38462,-0.648565,-2.8414,0,0
-0.742704,0.0439558,2.40659,-0.648565,-2.84035,0,0
-0.747783,0.0146523,2.45055,-0.648565,-2.83721,0,0
-0.752575,-0.00293064,2.42857,-0.648565,-2.8297,0,0
-0.757845,-0.0205126,2.47253,-0.648565,-2.8201,0,0
-0.762924,-0.0263739,2.51648,-0.648565,-2.81173,0,0
-0.768194,-0.0263739,2.53846,-0.648565,-2.81696,0,0
-0.773848,-0.0380955,2.6044,-0.648565,-2.79567,0,0
-0.778927,-0.0322342,2.62637,-0.648565,-2.79148,0,0
-0.784485,-0.0322342,2.67033,-0.648565,-2.78921,0,0
-0.789947,-0.0205126,2.69231,-0.648565,-2.78293,0,0
-0.795409,-0.0146523,2.71429,-0.648565,-2.77961,0,0
-0.800967,-0.00879097,2.73626,-0.648565,-2.77542,0,0
-0.806238,-0.00293064,2.71429,-0.648565,-2.76582,0,0
-0.811604,-0.00293064,2.67033,-0.648565,-2.75954,0,0
-0.817258,0.00293064,2.64835,-0.648565,-2.75832,0,0
-0.822241,-0.00879097,2.67033,-0.648565,-2.75413,0,0
-0.827511,-0.0146523,2.64835,-0.648565,-2.74453,0,0
-0.832782,-0.0205126,2.62637,-0.648565,-2.74663,0,0
-0.838244,-0.0205126,2.67033,-0.648565,-2.73388,0,0
-0.84361,-0.0205126,2.67033,-0.648565,-2.73388,0,0
-0.849168,-0.0205126,2.71429,-0.648565,-2.72638,0,0
-0.854918,-0.0146523,2.75824,-0.648565,-2.71783,0,0
-0.860859,-0.0146523,2.78022,-0.648565,-2.7105,0,0
-0.866321,-0.00293064,2.78022,-0.648565,-2.7084,0,0
-0.871783,0.00293064,2.78022,-0.648565,-2.6988,0,0
-0.877245,0.0205126,2.75824,-0.648565,-2.6913,0,0
-0.882516,0.0263739,2.71429,-0.648565,-2.69653,0,0
-0.888074,0.0205126,2.71429,-0.648565,-2.69339,0,0
-0.89344,0.0146523,2.69231,-0.648565,-2.67524,0,0
-0.898902,0.00293064,2.73626,-0.648565,-2.67856,0,0
-0.904651,-0.00293064,2.73626,-0.648565,-2.6721,0,0
-0.909731,-0.0146523,2.73626,-0.648565,-2.67419,0,0
-0.915384,-0.0146523,2.75824,-0.648565,-2.66896,0,0
-0.921038,-0.0205126,2.75824,-0.648565,-2.655,0,0
-0.926308,-0.0146523,2.73626,-0.648565,-2.64662,0,0
-0.931579,-0.00879097,2.71429,-0.648565,-2.6529,0,0
-0.937136,-0.00293064,2.71429,-0.648565,-2.64662,0,0
-0.942407,0.00879097,2.69231,-0.648565,-2.63597,0,0
-0.948157,0.00879097,2.64835,-0.648565,-2.63807,0,0
-0.952661,0.0146523,2.6044,-0.648565,-2.63597,0,0
-0.95774,0.0146523,2.58242,-0.648565,-2.63056,0,0
-0.96301,0.00879097,2.56044,-0.648565,-2.62306,0,0
-0.968088,0.00879097,2.58242,-0.648565,-2.61677,0,0
-0.973455,-0.00879097,2.58242,-0.648565,-2.62201,0,0
-0.978534,-0.0146523,2.58242,-0.648565,-2.61032,0,0
-0.983709,-0.0146523,2.56044,-0.648565,-2.60386,0,0
-0.989171,-0.0146523,2.58242,-0.648565,-2.59757,0,0
-0.993962,-0.00879097,2.56044,-0.648565,-2.58902,0,0
-0.999328,-0.00879097,2.58242,-0.648565,-2.59321,0,0
-1.00431,-0.00879097,2.58242,-0.648565,-2.58361,0,0
-1.00968,-0.00879097,2.6044,-0.648565,-2.57419,0,0
-1.01476,-0.00293064,2.58242,-0.648565,-2.57628,0,0
-1.01993,0.00879097,2.56044,-0.648565,-2.57192,0,0
-1.02511,0.0146523,2.53846,-0.648565,-2.56232,0,0
-1.03057,0.0205126,2.53846,-0.648565,-2.56127,0,0
-1.03526,0.0146523,2.53846,-0.648565,-2.56127,0,0
-1.04015,0.00879097,2.49451,-0.648565,-2.55167,0,0
-1.04494,-0.00293064,2.47253,-0.648565,-2.53893,0,0
-1.05031,-0.0146523,2.51648,-0.648565,-2.52933,0,0
-1.0551,-0.0205126,2.51648,-0.648565,-2.53579,0,0
-1.06037,-0.0263739,2.53846,-0.648565,-2.53474,0,0
-1.06535,-0.0205126,2.51648,-0.648565,-2.52305,0,0
-1.07062,-0.0205126,2.49451,-0.648565,-2.51973,0,0
-1.07541,-0.00879097,2.49451,-0.648565,-2.51554,0,0
-1.08001,-0.00293064,2.45055,-0.648565,-2.51013,0,0
-1.0849,0.00293064,2.45055,-0.648565,-2.50053,0,0
-1.08988,0.00879097,2.45055,-0.648565,-2.49425,0,0
-1.09506,0.00879097,2.47253,-0.648565,-2.47924,0,0
-1.10004,0.0146523,2.45055,-0.648565,-2.4836,0,0
-1.10493,0.0146523,2.47253,-0.648565,-2.48134,0,0
-1.10982,0.00879097,2.40659,-0.648565,-2.47401,0,0
-1.11442,0.00879097,2.45055,-0.648565,-2.46755,0,0
-1.1193,0.00293064,2.42857,-0.648565,-2.46545,0,0
-1.12419,-0.00879097,2.40659,-0.648565,-2.46126,0,0
-1.12908,-0.0146523,2.42857,-0.648565,-2.45044,0,0
-1.13416,-0.0205126,2.47253,-0.648565,-2.44835,0,0
-1.13895,-0.0263739,2.42857,-0.648565,-2.44311,0,0
-1.14383,-0.0263739,2.45055,-0.648565,-2.44311,0,0
-1.14939,-0.0205126,2.45055,-0.648565,-2.43351,0,0
-1.15351,-0.00879097,2.40659,-0.648565,-2.4398,0,0
-1.15821,-0.00293064,2.40659,-0.648565,-2.43561,0,0
-1.1631,-0.00293064,2.40659,-0.648565,-2.41641,0,0
-1.16789,0.00293064,2.38462,-0.648565,-2.41327,0,0
-1.17249,0.00293064,2.36264,-0.648565,-2.41222,0,0
-1.17718,0.0146523,2.36264,-0.648565,-2.41222,0,0
-1.18197,0.0146523,2.36264,-0.648565,-2.39721,0,0
-1.18705,0.00293064,2.36264,-0.648565,-2.39616,0,0
-1.19146,-0.00293064,2.36264,-0.648565,-2.39512,0,0
-1.19644,-0.00879097,2.36264,-0.648565,-2.38988,0,0
-1.20095,-0.0146523,2.36264,-0.648565,-2.38133,0,0
-1.20583,-0.0146523,2.36264,-0.648565,-2.37697,0,0
-1.21053,-0.0205126,2.36264,-0.648565,-2.37278,0,0
-1.21542,-0.0146523,2.38462,-0.648565,-2.37382,0,0
-1.22002,-0.0146523,2.36264,-0.648565,-2.36632,0,0
-1.22481,-0.00879097,2.31868,-0.648565,-2.35044,0,0
-1.22931,-0.00293064,2.34066,-0.648565,-2.34607,0,0
-1.23382,-0.00293064,2.31868,-0.648565,-2.34293,0,0
-1.23861,0.00293064,2.27473,-0.648565,-2.34084,0,0
-1.24321,0.0146523,2.31868,-0.648565,-2.34084,0,0
-1.24762,0.0146523,2.2967,-0.648565,-2.33979,0,0
-1.25202,0.0205126,2.25275,-0.648565,-2.33228,0,0
-1.25634,0.00879097,2.23077,-0.648565,-2.32373,0,0
-1.26113,0.00293064,2.23077,-0.648565,-2.31745,0,0
-1.26563,-0.00293064,2.27473,-0.648565,-2.31309,0,0
-1.27023,-0.0146523,2.2967,-0.648565,-2.3068,0,0
-1.27493,-0.0205126,2.2967,-0.648565,-2.30453,0,0
-1.27962,-0.0205126,2.34066,-0.648565,-2.3068,0,0
-1.28413,-0.0205126,2.27473,-0.648565,-2.30453,0,0
-1.28892,-0.0146523,2.27473,-0.648565,-2.2972,0,0
-1.29342,-0.0146523,2.31868,-0.648565,-2.2876,0,0
-1.29821,-0.00879097,2.27473,-0.648565,-2.27469,0,0
-1.30243,-0.00879097,2.2967,-0.648565,-2.27364,0,0
-1.30712,-0.00293064,2.31868,-0.648565,-2.26736,0,0
-1.31182,0.00293064,2.2967,-0.648565,-2.26404,0,0
-1.31594,0.00879097,2.23077,-0.648565,-2.26509,0,0
-1.32054,0.00879097,2.23077,-0.648565,-2.25985,0,0
-1.32476,0.00879097,2.20879,-0.648565,-2.25671,0,0
-1.32888,0.0146523,2.16484,-0.648565,-2.25776,0,0
-1.33396,0.00879097,2.16484,-0.648565,-2.24816,0,0
-1.3376,0.00293064,2.14286,-0.648565,-2.24711,0,0
-1.3421,-0.00293064,2.16484,-0.648565,-2.24502,0,0
-1.34641,-0.0146523,2.18681,-0.648565,-2.23751,0,0
-1.35092,-0.0205126,2.18681,-0.648565,-2.22582,0,0
-1.35552,-0.0205126,2.20879,-0.648565,-2.22355,0,0
-1.35973,-0.0263739,2.20879,-0.648565,-2.21831,0,0
-1.36443,-0.0263739,2.20879,-0.648565,-2.21517,0,0
-1.36893,-0.0205126,2.20879,-0.648565,-2.20976,0,0
-1.37315,-0.0146523,2.18681,-0.648565,-2.19493,0,0
-1.37736,-0.00293064,2.16484,-0.648565,-2.19266,0,0
-1.38168,-0.00293064,2.16484,-0.648565,-2.19597,0,0
-1.38608,0.00293064,2.18681,-0.648565,-2.18847,0,0
-1.3904,0.00879097,2.16484,-0.648565,-2.17241,0,0
-1.39471,0.0146523,2.14286,-0.648565,-2.17468,0,0
-1.39902,0.0205126,2.14286,-0.648565,-2.17573,0,0
-1.40343,0.0263739,2.12088,-0.648565,-2.17241,0,0
-1.40736,0.0146523,2.12088,-0.648565,-2.16299,0,0
-1.41148,0.0146523,2.0989,-0.648565,-2.16299,0,0
-1.4157,0.00879097,2.0989,-0.648565,-2.16299,0,0
-1.4202,-0.00879097,2.12088,-0.648565,-2.14274,0,0
-1.42442,-0.0146523,2.0989,-0.648565,-2.14274,0,0
-1.42854,-0.0205126,2.12088,-0.648565,-2.14484,0,0
-1.43294,-0.0322342,2.12088,-0.648565,-2.12878,0,0
-1.43754,-0.0263739,2.0989,-0.648565,-2.1225,0,0
-1.44166,-0.0263739,2.14286,-0.648565,-2.11394,0,0
-1.44578,-0.0205126,2.14286,-0.648565,-2.11813,0,0
-1.45,-0.0146523,2.0989,-0.648565,-2.11604,0,0
-1.45431,-0.00879097,2.12088,-0.648565,-2.10749,0,0
-1.45843,0.00293064,2.0989,-0.648565,-2.10958,0,0
-1.46265,0.00879097,2.07692,-0.648565,-2.09998,0,0
-1.46667,0.0146523,2.07692,-0.648565,-2.09893,0,0
-1.47089,0.0205126,2.01099,-0.648565,-2.09579,0,0
-1.47463,0.0205126,2.01099,-0.648565,-2.1012,0,0
-1.47865,0.00879097,2.03297,-0.648565,-2.0916,0,0
-1.48287,0.00293064,2.01099,-0.648565,-2.08305,0,0
-1.48689,-0.00293064,2.03297,-0.648565,-2.06595,0,0
-1.49111,-0.00293064,2.05495,-0.648565,-2.05966,0,0
-1.49533,-0.0146523,2.07692,-0.648565,-2.05216,0,0
-1.49935,-0.0146523,2.05495,-0.648565,-2.05844,0,0
-1.50386,-0.0146523,2.05495,-0.648565,-2.04884,0,0
-1.5075,-0.0263739,2.07692,-0.648565,-2.0478,0,0
-1.51162,-0.0205126,2.01099,-0.648565,-2.0361,0,0
-1.51555,-0.0146523,2.01099,-0.648565,-2.0382,0,0
-1.51957,-0.0146523,2.01099,-0.648565,-2.03191,0,0
-1.52379,-0.0146523,2.05495,-0.648565,-2.03715,0,0
-1.52762,-0.00293064,2.01099,-0.648565,-2.02441,0,0
-1.53193,-0.00293064,2.01099,-0.648565,-2.01586,0,0
-1.53615,0.00293064,2.03297,-0.648565,-2.01062,0,0
-1.53989,0.00293064,2.01099,-0.648565,-1.99788,0,0
-1.54391,0.00879097,1.98901,-0.648565,-1.99997,0,0
-1.54774,0.0205126,1.96703,-0.648565,-2.01586,0,0
-1.55148,0.0263739,1.94505,-0.648565,-2.00626,0,0
-1.55541,0.0146523,1.94505,-0.648565,-1.99788,0,0
-1.55924,0.00879097,1.94505,-0.648565,-1.98601,0,0
-1.56336,0.00293064,1.96703,-0.648565,-1.98287,0,0
-1.56748,-0.00293064,1.96703,-0.648565,-1.98392,0,0
-1.57151,-0.00879097,2.01099,-0.648565,-1.97013,0,0
-1.57544,-0.0146523,2.01099,-0.648565,-1.97013,0,0
-1.57956,-0.0146523,1.98901,-0.648565,-1.96262,0,0
-1.58349,-0.00879097,1.98901,-0.648565,-1.95198,0,0
-1.58713,-0.00293064,1.92308,-0.648565,-1.95302,0,0
-1.59096,-0.00293064,1.92308,-0.648565,-1.95302,0,0
-1.5948,-0.00879097,1.92308,-0.648565,-1.94779,0,0
-1.59863,-0.00879097,1.87912,-0.648565,-1.94342,0,0
-1.60227,-0.00879097,1.9011,-0.648565,-1.93173,0,0
-1.60629,-0.00879097,1.94505,-0.648565,-1.92108,0,0
-1.61013,-0.00293064,1.92308,-0.648565,-1.91463,0,0
-1.61396,0.00293064,1.9011,-0.648565,-1.91794,0,0
-1.6177,0.00293064,1.9011,-0.648565,-1.91794,0,0
-1.62143,0.00879097,1.87912,-0.648565,-1.91358,0,0
-1.62508,0.00879097,1.85714,-0.648565,-1.89979,0,0
-1.6291,0.00879097,1.87912,-0.648565,-1.89979,0,0
-1.63236,0.00879097,1.83516,-0.648565,-1.89333,0,0
-1.63638,0.00293064,1.87912,-0.648565,-1.89229,0,0
-1.63993,-0.00293064,1.83516,-0.648565,-1.89333,0,0
-1.64367,-0.00879097,1.85714,-0.648565,-1.88164,0,0
-1.64779,-0.0146523,1.9011,-0.648565,-1.88059,0,0
-1.65152,-0.0205126,1.9011,-0.648565,-1.87099,0,0
-1.65536,-0.0263739,1.9011,-0.648565,-1.85825,0,0
-1.65967,-0.0146523,1.9011,-0.648565,-1.8668,0,0
-1.66302,-0.0146523,1.9011,-0.648565,-1.86471,0,0
-1.66676,-0.0205126,1.87912,-0.648565,-1.85825,0,0
-1.6704,-0.0146523,1.85714,-0.648565,-1.8518,0,0
-1.67414,-0.00293064,1.83516,-0.648565,-1.84115,0,0
-1.67749,-0.00293064,1.79121,-0.648565,-1.8422,0,0
-1.68094,-0.00293064,1.76923,-0.648565,-1.84324,0,0
-1.68468,0.00879097,1.79121,-0.648565,-1.8326,0,0
-1.68851,0.00879097,1.79121,-0.648565,-1.82945,0,0
-1.69187,0.00293064,1.79121,-0.648565,-1.81462,0,0
-1.69541,0.00879097,1.79121,-0.648565,-1.80711,0,0
-1.69896,0.0146523,1.74725,-0.648565,-1.81986,0,0
-1.70241,0.0146523,1.74725,-0.648565,-1.81567,0,0
-1.70615,0.00879097,1.76923,-0.648565,-1.79647,0,0
-1.7096,0.00293064,1.76923,-0.648565,-1.78582,0,0
-1.71324,-0.00293064,1.81319,-0.648565,-1.79333,0,0
-1.71688,-0.00879097,1.76923,-0.648565,-1.79228,0,0
-1.72042,-0.00879097,1.81319,-0.648565,-1.78146,0,0
-1.72387,-0.00879097,1.76923,-0.648565,-1.77081,0,0
-1.72742,-0.0146523,1.76923,-0.648565,-1.76243,0,0
-1.73096,-0.0205126,1.74725,-0.648565,-1.76872,0,0
-1.73451,-0.0205126,1.74725,-0.648565,-1.75912,0,0
-1.73786,-0.0205126,1.74725,-0.648565,-1.74952,0,0
-1.74189,-0.0205126,1.81319,-0.648565,-1.75493,0,0
-1.74543,-0.0146523,1.79121,-0.648565,-1.75057,0,0
-1.74898,-0.00879097,1.76923,-0.648565,-1.73259,0,0
-1.75243,-0.00293064,1.76923,-0.648565,-1.73259,0,0
-1.75569,0.00293064,1.72527,-0.648565,-1.73259,0,0
-1.75933,0.00879097,1.74725,-0.648565,-1.72718,0,0
-1.76259,0.0146523,1.7033,-0.648565,-1.72404,0,0
-1.76585,0.0146523,1.68132,-0.648565,-1.7209,0,0
-1.7692,0.0146523,1.68132,-0.648565,-1.7209,0,0
-1.77265,0.0146523,1.65934,-0.648565,-1.72194,0,0
-1.77581,0.0146523,1.65934,-0.648565,-1.70903,0,0
-1.77907,0.00293064,1.65934,-0.648565,-1.70903,0,0
-1.78262,0.00293064,1.7033,-0.648565,-1.70798,0,0
-1.78616,0.00293064,1.7033,-0.648565,-1.6921,0,0
-1.78952,-0.00879097,1.7033,-0.648565,-1.68878,0,0
-1.79277,-0.0146523,1.68132,-0.648565,-1.69629,0,0
-1.79632,-0.00879097,1.7033,-0.648565,-1.68773,0,0
-1.80025,-0.0146523,1.72527,-0.648565,-1.6804,0,0
-1.80322,-0.00879097,1.72527,-0.648565,-1.68459,0,0
-1.80638,-0.0146523,1.68132,-0.648565,-1.67709,0,0
-1.80973,-0.0205126,1.65934,-0.648565,-1.66871,0,0
-1.81309,-0.0205126,1.65934,-0.648565,-1.67185,0,0
-1.81635,-0.0205126,1.63736,-0.648565,-1.66749,0,0
-1.8197,-0.0146523,1.65934,-0.648565,-1.65684,0,0
-1.82315,-0.0146523,1.65934,-0.648565,-1.64846,0,0
-1.8267,-0.00293064,1.68132,-0.648565,-1.64201,0,0
-1.82995,-0.00293064,1.68132,-0.648565,-1.63991,0,0
-1.83312,0.00293064,1.63736,-0.648565,-1.63886,0,0
-1.83647,0.00879097,1.63736,-0.648565,-1.627,0,0
-1.83954,0.00879097,1.61538,-0.648565,-1.62822,0,0
-1.8427,0.0146523,1.59341,-0.648565,-1.63241,0,0
-1.84557,0.0205126,1.54945,-0.648565,-1.63345,0,0
-1.84883,0.0263739,1.57143,-0.648565,-1.62176,0,0
-1.85219,0.0146523,1.54945,-0.648565,-1.61111,0,0
-1.85516,0.00293064,1.54945,-0.648565,-1.61321,0,0
-1.85841,-0.00293064,1.59341,-0.648565,-1.60151,0,0
-1.86167,-0.00293064,1.59341,-0.648565,-1.60466,0,0
-1.86503,-0.0146523,1.61538,-0.648565,-1.59942,0,0
-1.86838,-0.0205126,1.63736,-0.648565,-1.59192,0,0
-1.87164,-0.0146523,1.63736,-0.648565,-1.58773,0,0
-1.8747,-0.00879097,1.61538,-0.648565,-1.58546,0,0
-1.87815,-0.00879097,1.57143,-0.648565,-1.58127,0,0
-1.88113,-0.0146523,1.59341,-0.648565,-1.58336,0,0
-1.88429,-0.0146523,1.57143,-0.648565,-1.58022,0,0
-1.88716,-0.0205126,1.52747,-0.648565,-1.57272,0,0
-1.89052,-0.0146523,1.57143,-0.648565,-1.57603,0,0
-1.89358,-0.0205126,1.52747,-0.648565,-1.56521,0,0
-1.89684,-0.0146523,1.57143,-0.648565,-1.56521,0,0
-1.90029,-0.00879097,1.63736,-0.648565,-1.56416,0,0
-1.90355,-0.00293064,1.61538,-0.648565,-1.55788,0,0
-1.90662,0.00293064,1.59341,-0.648565,-1.55038,0,0
-1.90978,0.00879097,1.59341,-0.648565,-1.55038,0,0
-1.91304,0.0146523,1.59341,-0.648565,-1.54933,0,0
-1.91629,0.0146523,1.57143,-0.648565,-1.54514,0,0
-1.91936,0.0146523,1.54945,-0.648565,-1.55352,0,0
-1.92233,0.0146523,1.54945,-0.648565,-1.54724,0,0
-1.92549,0.00879097,1.54945,-0.648565,-1.53868,0,0
-1.92913,0.00293064,1.59341,-0.648565,-1.52908,0,0
-1.93191,0.00293064,1.54945,-0.648565,-1.52594,0,0
-1.93517,0.00293064,1.59341,-0.648565,-1.52908,0,0
-1.93824,0.00293064,1.57143,-0.648565,-1.52053,0,0
-1.94121,-0.00293064,1.52747,-0.648565,-1.51844,0,0
-1.94428,-0.00879097,1.54945,-0.648565,-1.50988,0,0
-1.94753,-0.00879097,1.54945,-0.648565,-1.49714,0,0
-1.9507,-0.0146523,1.54945,-0.648565,-1.50238,0,0
-1.95395,-0.0205126,1.54945,-0.648565,-1.50988,0,0
-1.95702,-0.0263739,1.59341,-0.648565,-1.4961,0,0
-1.95999,-0.0205126,1.54945,-0.648565,-1.49069,0,0
-1.96315,-0.00879097,1.52747,-0.648565,-1.49069,0,0
-1.96622,-0.00879097,1.54945,-0.648565,-1.48964,0,0
-1.96919,-0.00879097,1.50549,-0.648565,-1.48004,0,0
-1.97216,-0.00879097,1.50549,-0.648565,-1.47149,0,0
-1.97513,-0.00293064,1.50549,-0.648565,-1.47585,0,0
-1.97829,-0.00293064,1.50549,-0.648565,-1.46311,0,0
-1.98088,-0.00293064,1.46154,-0.648565,-1.45979,0,0
-1.98395,0.00293064,1.46154,-0.648565,-1.46416,0,0
-1.98701,0.00293064,1.46154,-0.648565,-1.4673,0,0
-1.98979,0.00293064,1.46154,-0.648565,-1.45246,0,0
-1.99276,0.00879097,1.46154,-0.648565,-1.44601,0,0
-1.99545,0.00879097,1.3956,-0.648565,-1.45875,0,0
-1.99832,0.0146523,1.41758,-0.648565,-1.45561,0,0
-2.00139,0.0146523,1.41758,-0.648565,-1.44286,0,0
-2.00407,0.00879097,1.41758,-0.648565,-1.43536,0,0
-2.00695,-0.00293064,1.41758,-0.648565,-1.42995,0,0
-2.00972,-0.00293064,1.3956,-0.648565,-1.42995,0,0
-2.01298,-0.00879097,1.46154,-0.648565,-1.431,0,0
-2.01557,-0.00879097,1.41758,-0.648565,-1.42471,0,0
-2.01854,-0.0146523,1.43956,-0.648565,-1.41721,0,0
-2.02132,-0.0146523,1.43956,-0.648565,-1.41826,0,0
-2.02448,-0.00879097,1.43956,-0.648565,-1.42035,0,0
-2.02697,-0.00879097,1.3956,-0.648565,-1.39906,0,0
-2.02994,-0.0146523,1.3956,-0.648565,-1.40656,0,0
-2.03263,-0.00879097,1.41758,-0.648565,-1.40551,0,0
-2.0356,-0.00879097,1.41758,-0.648565,-1.39068,0,0
-2.03838,-0.00879097,1.41758,-0.648565,-1.39592,0,0
-2.04106,-0.0146523,1.3956,-0.648565,-1.39277,0,0
-2.04393,-0.0205126,1.41758,-0.648565,-1.38632,0,0
-2.04729,-0.0146523,1.43956,-0.648565,-1.38108,0,0
-2.04988,-0.0146523,1.41758,-0.648565,-1.38736,0,0
-2.05275,-0.00293064,1.43956,-0.648565,-1.38317,0,0
-2.05553,0.00293064,1.41758,-0.648565,-1.37672,0,0
-2.05821,0.00293064,1.37363,-0.648565,-1.37567,0,0
-2.06099,0.00879097,1.37363,-0.648565,-1.36921,0,0
-2.06368,0.00879097,1.37363,-0.648565,-1.37148,0,0
-2.06636,0.0205126,1.35165,-0.648565,-1.36188,0,0
-2.06904,0.0205126,1.30769,-0.648565,-1.36398,0,0
-2.07153,0.0205126,1.30769,-0.648565,-1.36188,0,0
-2.07402,0.00879097,1.28571,-0.648565,-1.35228,0,0
-2.0768,0.00879097,1.30769,-0.648565,-1.35961,0,0
-2.07968,0.00293064,1.35165,-0.648565,-1.35228,0,0
-2.08236,-0.00293064,1.32967,-0.648565,-1.33832,0,0
-2.08495,-0.00293064,1.32967,-0.648565,-1.33518,0,0
-2.08773,-0.00293064,1.32967,-0.648565,-1.33727,0,0
-2.09051,-0.00293064,1.32967,-0.648565,-1.33727,0,0
-2.09309,-0.00879097,1.35165,-0.648565,-1.32994,0,0
-2.09559,-0.00879097,1.30769,-0.648565,-1.31929,0,0
-2.09836,-0.00293064,1.32967,-0.648565,-1.31929,0,0
-2.10095,-0.00879097,1.32967,-0.648565,-1.31388,0,0
-2.10364,-0.0146523,1.35165,-0.648565,-1.3097,0,0
-2.10632,-0.0205126,1.32967,-0.648565,-1.30638,0,0
-2.109,-0.0146523,1.32967,-0.648565,-1.29783,0,0
-2.11168,-0.0146523,1.32967,-0.648565,-1.29678,0,0
-2.11389,-0.00879097,1.24176,-0.648565,-1.29905,0,0
-2.11657,-0.00879097,1.26374,-0.648565,-1.30429,0,0
-2.11916,-0.00293064,1.28571,-0.648565,-1.29573,0,0
-2.12175,-0.00293064,1.26374,-0.648565,-1.28299,0,0
-2.12433,0.00293064,1.26374,-0.648565,-1.27985,0,0
-2.12692,0.00293064,1.28571,-0.648565,-1.2713,0,0
-2.12951,-0.00293064,1.28571,-0.648565,-1.26816,0,0
-2.13238,-0.00293064,1.28571,-0.648565,-1.28718,0,0
-2.13487,0.00293064,1.30769,-0.648565,-1.2788,0,0
-2.13737,0.00879097,1.28571,-0.648565,-1.26693,0,0
-2.13986,0.00879097,1.26374,-0.648565,-1.25856,0,0
-2.14235,0.0146523,1.26374,-0.648565,-1.26589,0,0
-2.14484,0.00879097,1.24176,-0.648565,-1.26065,0,0
-2.14724,0.0146523,1.21978,-0.648565,-1.24686,0,0
-2.14954,0.0146523,1.17582,-0.648565,-1.25001,0,0
-2.15231,0.00879097,1.21978,-0.648565,-1.25315,0,0
-2.15442,0.00879097,1.1978,-0.648565,-1.24896,0,0
-2.15672,-0.00293064,1.17582,-0.648565,-1.24686,0,0
-2.15921,-0.00293064,1.1978,-0.648565,-1.24564,0,0
-2.1618,-0.00879097,1.24176,-0.648565,-1.2425,0,0
-2.16448,-0.00879097,1.26374,-0.648565,-1.22435,0,0
-2.16688,-0.00879097,1.21978,-0.648565,-1.2233,0,0
-2.16928,-0.00879097,1.21978,-0.648565,-1.22662,0,0
-2.17186,-0.00879097,1.21978,-0.648565,-1.21266,0,0
-2.17426,-0.00879097,1.24176,-0.648565,-1.21056,0,0
-2.17675,-0.00879097,1.24176,-0.648565,-1.21161,0,0
-2.17934,-0.00879097,1.24176,-0.648565,-1.21475,0,0
-2.18154,-0.0146523,1.1978,-0.648565,-1.19782,0,0
-2.18394,-0.0146523,1.1978,-0.648565,-1.2041,0,0
-2.18633,-0.0146523,1.17582,-0.648565,-1.20306,0,0
-2.18882,-0.0146523,1.1978,-0.648565,-1.19573,0,0
-2.19141,-0.0146523,1.21978,-0.648565,-1.19991,0,0
-2.19371,-0.0146523,1.21978,-0.648565,-1.19136,0,0
-2.19601,-0.00293064,1.1978,-0.648565,-1.17548,0,0
-2.19831,-0.00293064,1.17582,-0.648565,-1.18281,0,0
-2.20071,0.00293064,1.17582,-0.648565,-1.18717,0,0
-2.2031,0.00293064,1.17582,-0.648565,-1.17967,0,0
-2.2054,-0.00293064,1.15385,-0.648565,-1.16902,0,0
-2.2077,0.00293064,1.15385,-0.648565,-1.16797,0,0
-2.2101,0.00293064,1.13187,-0.648565,-1.17216,0,0
-2.21221,0.00879097,1.13187,-0.648565,-1.15838,0,0
-2.2147,0.00879097,1.15385,-0.648565,-1.15628,0,0
-2.217,0.00879097,1.13187,-0.648565,-1.15733,0,0
-2.21911,0.0146523,1.13187,-0.648565,-1.14773,0,0
-2.22141,0.0146523,1.10989,-0.648565,-1.14337,0,0
-2.22361,0.00879097,1.10989,-0.648565,-1.14459,0,0
-2.22591,0.0146523,1.10989,-0.648565,-1.14878,0,0
-2.22831,0.00879097,1.10989,-0.648565,-1.13394,0,0
-2.23032,-0.00293064,1.10989,-0.648565,-1.13708,0,0
-2.23271,-0.00879097,1.13187,-0.648565,-1.13062,0,0
-2.23501,-0.00293064,1.15385,-0.648565,-1.14127,0,0
-2.23722,-0.00879097,1.13187,-0.648565,-1.12853,0,0
-2.23923,-0.00293064,1.08791,-0.648565,-1.11684,0,0
-2.24163,-0.00293064,1.08791,-0.648565,-1.11474,0,0
-2.24364,-0.00293064,1.10989,-0.648565,-1.1137,0,0
-2.24603,-0.00879097,1.06593,-0.648565,-1.1041,0,0
-2.24795,-0.0146523,1.06593,-0.648565,-1.10305,0,0
-2.25054,-0.0146523,1.13187,-0.648565,-1.0924,0,0
-2.25265,-0.0205126,1.10989,-0.648565,-1.09869,0,0
-2.25485,-0.0146523,1.10989,-0.648565,-1.09554,0,0
-2.25686,-0.0146523,1.06593,-0.648565,-1.0945,0,0
-2.25907,-0.00879097,1.08791,-0.648565,-1.08053,0,0
-2.26127,-0.0146523,1.06593,-0.648565,-1.07844,0,0
-2.26376,-0.00879097,1.10989,-0.648565,-1.08804,0,0
-2.26577,-0.0146523,1.10989,-0.648565,-1.07844,0,0
-2.26798,-0.00879097,1.08791,-0.648565,-1.07093,0,0
-2.26989,-0.00879097,1.04396,-0.648565,-1.06989,0,0
-2.27219,-0.00293064,1.06593,-0.648565,-1.07216,0,0
-2.2744,-0.00293064,1.06593,-0.648565,-1.0753,0,0
-2.27651,0.00293064,1.06593,-0.648565,-1.06779,0,0
-2.27852,0.00293064,1.04396,-0.648565,-1.06256,0,0
-2.28082,0.00293064,1.06593,-0.648565,-1.06029,0,0
-2.28283,0.00293064,1.06593,-0.648565,-1.04964,0,0
-2.28484,0.00879097,1.04396,-0.648565,-1.05191,0,0
-2.28686,0.00879097,1,-0.648565,-1.05191,0,0
-2.28887,0.00879097,1,-0.648565,-1.04545,0,0
-2.29107,0.00293064,1.04396,-0.648565,-1.04004,0,0
-2.29308,0.00293064,1,-0.648565,-1.03899,0,0
-2.295,0.00293064,1,-0.648565,-1.04336,0,0
-2.29711,0.00293064,1,-0.648565,-1.03585,0,0
-2.29903,0.00293064,0.978024,-0.648565,-1.03166,0,0
-2.30104,0.00293064,1.02198,-0.648565,-1.0294,0,0
-2.30286,-0.00293064,0.978024,-0.648565,-1.02416,0,0
-2.30525,-0.00293064,1.04396,-0.648565,-1.01351,0,0
-2.30727,-0.00293064,1.02198,-0.648565,-1.0177,0,0
-2.30937,0.00293064,1.06593,-0.648565,-1.01142,0,0
-2.31139,0.00293064,0.978024,-0.648565,-1.0081,0,0
-2.3133,-0.00293064,0.978024,-0.648565,-0.995362,0,0
-2.31532,-0.00293064,0.978024,-0.648565,-0.999725,0,0
-2.31723,-0.00879097,1,-0.648565,-1.00287,0,0
-2.31925,-0.00879097,0.978024,-0.648565,-0.995362,0,0
-2.32107,-0.0146523,0.956043,-0.648565,-0.99222,0,0
-2.32317,-0.00879097,0.978024,-0.648565,-0.985762,0,0
-2.32538,-0.00879097,1,-0.648565,-0.97721,0,0
-2.3272,-0.00879097,1,-0.648565,-0.975116,0,0
-2.32921,-0.00879097,0.934067,-0.648565,-0.980526,0,0
-2.33074,-0.0146523,0.912086,-0.648565,-0.979479,0,0
-2.33266,-0.0146523,0.934067,-0.648565,-0.967611,0,0
-2.33477,-0.0146523,0.956043,-0.648565,-0.966564,0,0
-2.33668,-0.00879097,0.978024,-0.648565,-0.962375,0,0
-2.3386,-0.00879097,0.956043,-0.648565,-0.958012,0,0
-2.34061,-0.00293064,0.978024,-0.648565,-0.949634,0,0
-2.34243,-0.00879097,0.912086,-0.648565,-0.951728,0,0
-2.34445,-0.00879097,0.934067,-0.648565,-0.942129,0,0
-2.34636,-0.0146523,0.956043,-0.648565,-0.944224,0,0
-2.34847,-0.0146523,0.978024,-0.648565,-0.944224,0,0
-2.35039,-0.00879097,0.978024,-0.648565,-0.93794,0,0
-2.35221,-0.00293064,0.956043,-0.648565,-0.925025,0,0
-2.35403,0.00293064,0.934067,-0.648565,-0.93253,0,0
-2.35575,0.00879097,0.89011,-0.648565,-0.926072,0,0
-2.35758,0.00879097,0.912086,-0.648565,-0.920836,0,0
-2.35949,0.00879097,0.89011,-0.648565,-0.923978,0,0
-2.36122,0.00293064,0.912086,-0.648565,-0.922931,0,0
-2.36294,0.00293064,0.89011,-0.648565,-0.919789,0,0
-2.36476,-0.00293064,0.912086,-0.648565,-0.915426,0,0
-2.36668,0.00293064,0.912086,-0.648565,-0.911237,0,0
-2.3684,0.00879097,0.89011,-0.648565,-0.916473,0,0
-2.37013,0.0146523,0.868134,-0.648565,-0.905826,0,0
-2.37176,0.00879097,0.868134,-0.648565,-0.89518,0,0
-2.37348,0.00879097,0.824177,-0.648565,-0.896227,0,0
-2.37492,0.00293064,0.824177,-0.648565,-0.905826,0,0
-2.37684,-0.00293064,0.868134,-0.648565,-0.882439,0,0
-2.37866,-0.00879097,0.868134,-0.648565,-0.881392,0,0
-2.38038,-0.00293064,0.868134,-0.648565,-0.884533,0,0
-2.3822,-0.00293064,0.89011,-0.648565,-0.88558,0,0
-2.38393,-0.00293064,0.868134,-0.648565,-0.881392,0,0
-2.38556,-0.00293064,0.846153,-0.648565,-0.865335,0,0
-2.38757,-0.00293064,0.868134,-0.648565,-0.861146,0,0
-2.38901,-0.00293064,0.846153,-0.648565,-0.861146,0,0
-2.39102,-0.00879097,0.89011,-0.648565,-0.866556,0,0
-2.39265,-0.0146523,0.868134,-0.648565,-0.858004,0,0
-2.39428,-0.0146523,0.846153,-0.648565,-0.850499,0,0
-2.3961,-0.00879097,0.868134,-0.648565,-0.842994,0,0
-2.39782,-0.00879097,0.868134,-0.648565,-0.844042,0,0
-2.39955,-0.00293064,0.868134,-0.648565,-0.849452,0,0
-2.40137,-0.00293064,0.846153,-0.648565,-0.8409,0,0
-2.4029,-0.00879097,0.846153,-0.648565,-0.835664,0,0
-2.40443,-0.00879097,0.802197,-0.648565,-0.834442,0,0
-2.40616,-0.0146523,0.824177,-0.648565,-0.832348,0,0
-2.40779,-0.0146523,0.824177,-0.648565,-0.81856,0,0
-2.40942,-0.00879097,0.802197,-0.648565,-0.820654,0,0
-2.41124,-0.00879097,0.824177,-0.648565,-0.827112,0,0
-2.41268,-0.00293064,0.824177,-0.648565,-0.823796,0,0
-2.4144,0.00293064,0.802197,-0.648565,-0.820654,0,0
-2.41593,0.00293064,0.802197,-0.648565,-0.807913,0,0
-2.41747,-0.00293064,0.78022,-0.648565,-0.804772,0,0
-2.4189,-0.00293064,0.714287,-0.648565,-0.80355,0,0
-2.42073,-0.00879097,0.78022,-0.648565,-0.80355,0,0
-2.42235,-0.00879097,0.802197,-0.648565,-0.801455,0,0
-2.42408,-0.00879097,0.802197,-0.648565,-0.799361,0,0
-2.42561,-0.00293064,0.802197,-0.648565,-0.798314,0,0
-2.42724,0.00293064,0.78022,-0.648565,-0.790809,0,0
-2.42858,0.00879097,0.736263,-0.648565,-0.784526,0,0
-2.43012,0.00879097,0.758244,-0.648565,-0.778068,0,0
-2.43146,0.00293064,0.714287,-0.648565,-0.78121,0,0
-2.43328,-0.00293064,0.78022,-0.648565,-0.782257,0,0
-2.43491,-0.00293064,0.758244,-0.648565,-0.768469,0,0
-2.43654,-0.00293064,0.802197,-0.648565,-0.769516,0,0
-2.43826,0.00293064,0.824177,-0.648565,-0.772658,0,0
-2.43989,0.00879097,0.78022,-0.648565,-0.772658,0,0
-2.44104,0.0146523,0.736263,-0.648565,-0.765327,0,0
-2.44229,0.0146523,0.692307,-0.648565,-0.755728,0,0
-2.44382,0.0146523,0.692307,-0.648565,-0.756775,0,0
-2.44516,0.00879097,0.692307,-0.648565,-0.748223,0,0
-2.44669,0.00879097,0.736263,-0.648565,-0.739671,0,0
-2.44804,0.00293064,0.692307,-0.648565,-0.741765,0,0
-2.44966,0.00293064,0.758244,-0.648565,-0.740718,0,0
-2.4512,-0.00879097,0.714287,-0.648565,-0.733388,0,0
-2.45254,-0.00293064,0.736263,-0.648565,-0.736529,0,0
-2.45407,0.00293064,0.758244,-0.648565,-0.73234,0,0
-2.45561,0.00293064,0.714287,-0.648565,-0.720472,0,0
-2.45695,0.00293064,0.714287,-0.648565,-0.720472,0,0
-2.45829,0.00879097,0.692307,-0.648565,-0.710873,0,0
-2.45953,0.00879097,0.67033,-0.648565,-0.715236,0,0
-2.46088,0.00293064,0.67033,-0.648565,-0.702495,0,0
-2.46231,-0.00293064,0.64835,-0.648565,-0.705637,0,0
-2.46366,-0.00879097,0.692307,-0.648565,-0.698132,0,0
-2.46519,-0.0146523,0.692307,-0.648565,-0.692896,0,0
-2.46653,-0.0146523,0.692307,-0.648565,-0.690627,0,0
-2.46787,-0.00879097,0.692307,-0.648565,-0.678933,0,0
-2.46921,-0.00879097,0.692307,-0.648565,-0.678933,0,0
-2.47046,-0.00879097,0.67033,-0.648565,-0.683297,0,0
-2.47199,0.00293064,0.692307,-0.648565,-0.678933,0,0
-2.47314,-0.00293064,0.626373,-0.648565,-0.665145,0,0
-2.47429,-0.00293064,0.604397,-0.648565,-0.659735,0,0
-2.47592,-0.00293064,0.67033,-0.648565,-0.67265,0,0
-2.47726,-0.00879097,0.67033,-0.648565,-0.663051,0,0
-2.47851,-0.00879097,0.64835,-0.648565,-0.641758,0,0
-2.47975,-0.00879097,0.64835,-0.648565,-0.649088,0,0
-2.481,-0.00879097,0.64835,-0.648565,-0.656593,0,0
-2.48234,-0.00293064,0.64835,-0.648565,-0.65764,0,0
-2.48349,-0.00293064,0.626373,-0.648565,-0.636347,0,0
-2.48464,0.00293064,0.604397,-0.648565,-0.630064,0,0
-2.48589,0.00293064,0.604397,-0.648565,-0.6353,0,0
-2.48713,-0.00879097,0.604397,-0.648565,-0.636347,0,0
-2.48857,-0.00879097,0.626373,-0.648565,-0.624654,0,0
-2.48991,-0.00879097,0.64835,-0.648565,-0.618196,0,0
-2.49106,-0.00293064,0.604397,-0.648565,-0.617149,0,0
-2.49221,-0.00879097,0.604397,-0.648565,-0.616101,0,0
-2.49365,-0.00879097,0.626373,-0.648565,-0.614007,0,0
-2.4948,-0.00293064,0.604397,-0.648565,-0.614007,0,0
-2.49614,-0.00293064,0.64835,-0.648565,-0.609818,0,0
-2.49748,0.00293064,0.626373,-0.648565,-0.609818,0,0
-2.49834,0.00293064,0.582417,-0.648565,-0.605455,0,0
-2.49949,0.00293064,0.582417,-0.648565,-0.600219,0,0
-2.50084,0.00293064,0.582417,-0.648565,-0.603361,0,0
-2.50179,0.00293064,0.582417,-0.648565,-0.599172,0,0
-2.50285,0.00293064,0.53846,-0.648565,-0.588525,0,0
-2.50409,-0.00293064,0.56044,-0.648565,-0.596903,0,0
-2.50515,-0.00293064,0.53846,-0.648565,-0.595856,0,0
-2.50639,-0.00879097,0.582417,-0.648565,-0.584162,0,0
-2.50754,-0.00879097,0.582417,-0.648565,-0.582068,0,0
-2.50889,-0.00879097,0.604397,-0.648565,-0.576657,0,0
-2.50994,-0.00293064,0.582417,-0.648565,-0.57561,0,0
-2.51109,-0.00293064,0.582417,-0.648565,-0.571421,0,0
-2.51214,0.00293064,0.53846,-0.648565,-0.572468,0,0
-2.5132,0.00293064,0.53846,-0.648565,-0.563916,0,0
-2.51416,0.00293064,0.53846,-0.648565,-0.560775,0,0
-2.51502,0.00293064,0.472527,-0.648565,-0.551175,0,0
-2.51607,0.00293064,0.53846,-0.648565,-0.549081,0,0
-2.51713,-0.00293064,0.494507,-0.648565,-0.552222,0,0
-2.51828,-0.0146523,0.516483,-0.648565,-0.552222,0,0
-2.51952,-0.00879097,0.56044,-0.648565,-0.546986,0,0
-2.52086,-0.00879097,0.582417,-0.648565,-0.544717,0,0
-2.52192,-0.0146523,0.56044,-0.648565,-0.534071,0,0
-2.52278,-0.00293064,0.516483,-0.648565,-0.528835,0,0
-2.52393,0.00293064,0.516483,-0.648565,-0.530929,0,0
-2.52479,0.00293064,0.494507,-0.648565,-0.520283,0,0
-2.52575,0.00879097,0.472527,-0.648565,-0.510684,0,0
-2.5269,0.00879097,0.494507,-0.648565,-0.510684,0,0
-2.52786,-0.00293064,0.494507,-0.648565,-0.509636,0,0
-2.52863,-0.00293064,0.472527,-0.648565,-0.504226,0,0
-2.52958,-0.00293064,0.472527,-0.648565,-0.509636,0,0
-2.53073,-0.0146523,0.472527,-0.648565,-0.500037,0,0
-2.53179,-0.00879097,0.516483,-0.648565,-0.493579,0,0
-2.53284,-0.00293064,0.494507,-0.648565,-0.488343,0,0
-2.53399,-0.00293064,0.53846,-0.648565,-0.480838,0,0
-2.53466,-0.00293064,0.45055,-0.648565,-0.485202,0,0
-2.53572,-0.00293064,0.494507,-0.648565,-0.487296,0,0
-2.53668,-0.00293064,0.472527,-0.648565,-0.473334,0,0
-2.53763,-0.00293064,0.494507,-0.648565,-0.475602,0,0
-2.53859,-0.00293064,0.45055,-0.648565,-0.474381,0,0
-2.53945,-0.00293064,0.472527,-0.648565,-0.471239,0,0
-2.54041,-0.00293064,0.472527,-0.648565,-0.454309,0,0
-2.54128,-0.00293064,0.472527,-0.648565,-0.447852,0,0
-2.54195,-0.00293064,0.42857,-0.648565,-0.457451,0,0
-2.54281,-0.00293064,0.406593,-0.648565,-0.453088,0,0
-2.54377,-0.00879097,0.384617,-0.648565,-0.445757,0,0
-2.54472,-0.00879097,0.45055,-0.648565,-0.450993,0,0
-2.54568,-0.00879097,0.472527,-0.648565,-0.447852,0,0
-2.54635,-0.00293064,0.42857,-0.648565,-0.443488,0,0
-2.54731,-0.00293064,0.406593,-0.648565,-0.424464,0,0
-2.54808,-0.00293064,0.406593,-0.648565,-0.4297,0,0
-2.54885,-0.00879097,0.42857,-0.648565,-0.425511,0,0
-2.55,-0.00879097,0.45055,-0.648565,-0.415912,0,0
-2.55095,-0.00293064,0.42857,-0.648565,-0.40736,0,0
-2.55162,-0.00879097,0.42857,-0.648565,-0.411549,0,0
-2.55258,-0.00293064,0.42857,-0.648565,-0.410502,0,0
-2.55325,-0.00293064,0.42857,-0.648565,-0.400902,0,0
-2.55402,-0.00293064,0.384617,-0.648565,-0.399855,0,0
-2.55469,-0.00293064,0.34066,-0.648565,-0.397761,0,0
-2.55536,0.00293064,0.362637,-0.648565,-0.391303,0,0
-2.55613,-0.00293064,0.362637,-0.648565,-0.381704,0,0
-2.55709,0.00293064,0.384617,-0.648565,-0.381704,0,0
-2.55766,-0.00293064,0.362637,-0.648565,-0.382925,0,0
-2.55833,-0.00293064,0.34066,-0.648565,-0.378562,0,0
-2.55891,-0.00293064,0.34066,-0.648565,-0.380656,0,0
-2.55958,-0.00879097,0.34066,-0.648565,-0.37001,0,0
-2.56034,-0.0146523,0.362637,-0.648565,-0.356222,0,0
-2.5613,-0.0146523,0.384617,-0.648565,-0.358316,0,0
-2.56217,-0.00879097,0.362637,-0.648565,-0.36268,0,0
-2.56293,-0.00879097,0.362637,-0.648565,-0.354127,0,0
-2.5637,-0.00293064,0.406593,-0.648565,-0.346623,0,0
-2.56427,-0.00293064,0.384617,-0.648565,-0.34767,0,0
-2.56514,0.00293064,0.34066,-0.648565,-0.344528,0,0
-2.5659,0.00293064,0.362637,-0.648565,-0.33807,0,0
-2.56629,0.00879097,0.31868,-0.648565,-0.333882,0,0
-2.56686,0.00879097,0.296703,-0.648565,-0.33807,0,0
-2.56744,0.00293064,0.296703,-0.648565,-0.340165,0,0
-2.5682,-0.00293064,0.296703,-0.648565,-0.326377,0,0
-2.56878,-0.00879097,0.296703,-0.648565,-0.321141,0,0
-2.56945,-0.0146523,0.31868,-0.648565,-0.317825,0,0
-2.57012,-0.0146523,0.31868,-0.648565,-0.319919,0,0
-2.5706,-0.00293064,0.274727,-0.648565,-0.314683,0,0
-2.57117,0.00293064,0.274727,-0.648565,-0.300895,0,0
-2.57156,0.00293064,0.252747,-0.648565,-0.302989,0,0
-2.57213,0.00293064,0.252747,-0.648565,-0.298626,0,0
-2.5728,-0.00293064,0.274727,-0.648565,-0.309272,0,0
-2.57347,-0.00879097,0.296703,-0.648565,-0.297579,0,0
-2.57414,-0.00879097,0.296703,-0.648565,-0.296532,0,0
-2.57481,-0.00879097,0.274727,-0.648565,-0.283791,0,0
-2.57539,-0.00879097,0.296703,-0.648565,-0.287979,0,0
-2.57587,-0.00293064,0.296703,-0.648565,-0.287979,0,0
-2.57644,0.00293064,0.274727,-0.648565,-0.273144,0,0
-2.57683,0.00293064,0.23077,-0.648565,-0.273144,0,0
-2.57759,0.00293064,0.252747,-0.648565,-0.266686,0,0
-2.57779,0.00293064,0.20879,-0.648565,-0.264592,0,0
-2.57826,-0.00293064,0.23077,-0.648565,-0.259356,0,0
-2.57874,-0.00293064,0.23077,-0.648565,-0.259356,0,0
-2.57922,-0.00879097,0.23077,-0.648565,-0.258134,0,0
-2.57989,-0.00879097,0.274727,-0.648565,-0.249757,0,0
-2.58056,-0.00879097,0.31868,-0.648565,-0.247488,0,0
-2.58104,-0.00879097,0.274727,-0.648565,-0.251851,0,0
-2.58171,-0.00293064,0.252747,-0.648565,-0.240157,0,0
-2.5821,-0.00293064,0.252747,-0.648565,-0.23911,0,0
-2.58267,0.00293064,0.252747,-0.648565,-0.23911,0,0
-2.58286,0.00879097,0.20879,-0.648565,-0.236841,0,0
-2.58325,0.00879097,0.186813,-0.648565,-0.226195,0,0
-2.58344,0.00879097,0.164837,-0.648565,-0.228464,0,0
-2.58382,0.00293064,0.164837,-0.648565,-0.236841,0,0
-2.58421,-0.00293064,0.164837,-0.648565,-0.229511,0,0
-2.58488,-0.00879097,0.20879,-0.648565,-0.213454,0,0
-2.58526,-0.00879097,0.20879,-0.648565,-0.216595,0,0
-2.58574,-0.00879097,0.23077,-0.648565,-0.210312,0,0
-2.58622,-0.00293064,0.20879,-0.648565,-0.197571,0,0
-2.58641,0.00293064,0.186813,-0.648565,-0.202807,0,0
-2.58679,0.00293064,0.20879,-0.648565,-0.193208,0,0
-2.58708,0.00879097,0.186813,-0.648565,-0.194255,0,0
-2.58737,0.00293064,0.142857,-0.648565,-0.186925,0,0
-2.58756,-0.00293064,0.12088,-0.648565,-0.191114,0,0
-2.58813,0.00293064,0.164837,-0.648565,-0.187972,0,0
-2.58813,-0.00293064,0.12088,-0.648565,-0.178373,0,0
-2.58852,-0.00879097,0.12088,-0.648565,-0.180467,0,0
-2.5888,-0.00879097,0.12088,-0.648565,-0.167726,0,0
-2.58909,-0.00879097,0.12088,-0.648565,-0.159174,0,0
-2.58948,-0.00293064,0.142857,-0.648565,-0.156032,0,0
-2.58976,-0.00293064,0.142857,-0.648565,-0.154811,0,0
-2.59015,-0.00293064,0.142857,-0.648565,-0.151669,0,0
-2.59043,-0.00293064,0.142857,-0.648565,-0.144164,0,0
-2.59053,-0.00879097,0.12088,-0.648565,-0.138928,0,0
-2.59082,-0.00879097,0.0988998,-0.648565,-0.143117,0,0
-2.5912,-0.0146523,0.164837,-0.648565,-0.141023,0,0
-2.5912,-0.00879097,0.0988998,-0.648565,-0.126187,0,0
-2.59149,-0.00879097,0.12088,-0.648565,-0.127235,0,0
-2.59197,-0.00879097,0.142857,-0.648565,-0.120777,0,0
-2.59206,-0.00293064,0.12088,-0.648565,-0.112225,0,0
-2.59225,-0.00293064,0.0988998,-0.648565,-0.113272,0,0
-2.59245,-0.00879097,0.0988998,-0.648565,-0.111178,0,0
-2.59293,-0.00293064,0.164837,-0.648565,-0.0994838,0,0
-2.59293,-0.00293064,0.0988998,-0.648565,-0.101578,0,0
-2.59321,-0.00293064,0.0988998,-0.648565,-0.103673,0,0
-2.59321,-0.00293064,0.0769234,-0.648565,-0.0973894,0,0
-2.5936,0.00293064,0.0988998,-0.648565,-0.0898845,0,0
-2.59379,0.00293064,0.0549469,-0.648565,-0.0919789,0,0
-2.59398,0.00293064,0.0769234,-0.648565,-0.0888373,0,0
-2.59398,0.00879097,0.0769234,-0.648565,-0.0813324,0,0
-2.59398,-0.00293064,0.0329666,-0.648565,-0.0727803,0,0
-2.59427,-0.00879097,0.0549469,-0.648565,-0.0706859,0,0
-2.59427,-0.00293064,0.0549469,-0.648565,-0.0610866,0,0
-2.59436,0.00293064,0.0549469,-0.648565,-0.0644027,0,0
-2.59465,0.00293064,0.0549469,-0.648565,-0.0537562,0,0
-2.59456,0.00293064,0.0109901,-0.648565,-0.0568978,0,0
-2.59475,0.00879097,0.0329666,-0.648565,-0.0589922,0,0
-2.59475,0.00879097,0.0109901,-0.648565,-0.0525344,0,0
-2.59484,0.00293064,0.0329666,-0.648565,-0.0462512,0,0
-2.59475,0.00293064,0.0109901,-0.648565,-0.0462512,0,0
-2.59503,-0.00293064,0.0329666,-0.648565,-0.0345575,0,0
-2.59503,-0.00293064,0.0329666,-0.648565,-0.0397935,0,0
-2.59523,-0.00293064,0.0329666,-0.648565,-0.0249582,0,0
-2.59523,0.00293064,0.0109901,-0.648565,-0.0228638,0,0
-2.59513,0.00293064,0.0109901,-0.648565,-0.0260054,0,0
-2.59503,0.00293064,-0.0109901,-0.648565,-0.0143117,0,0
-2.59494,0.00293064,-0.0329666,-0.648565,-0.0143117,0,0
-2.59523,0.00293064,0.0109901,-0.648565,-0.0109956,0,0
-2.59523,0.00293064,0.0109901,-0.648565,-0.0143117,0,0
-2.59513,0.00293064,-0.0329666,-0.648565,-0.00994838,0,0
-2.59532,0.00293064,0.0109901,-0.648565,0.00471239,0,0
-2.59513,0.00293064,0.0109901,-0.648565,0.002618,0,0
-2.59513,-0.00293064,-0.0109901,-0.648565,0.00471239,0,0
-2.59513,-0.00293064,-0.0109901,-0.648565,0.0164061,0,0
-2.59503,-0.00293064,-0.0109901,-0.648565,0.0197222,0,0
-2.59503,-0.00879097,-0.0329666,-0.648565,0.0111701,0,0
-2.59503,-0.00293064,0.0109901,-0.648565,0.0153589,0,0
-2.59503,-0.0146523,-0.0109901,-0.648565,0.0185005,0,0
-2.59503,-0.00879097,-0.0549469,-0.648565,0.0207694,0,0
-2.59494,-0.00879097,-0.0329666,-0.648565,0.0197222,0,0
-2.59484,-0.00879097,-0.0329666,-0.648565,0.0228638,0,0
-2.59494,-0.00293064,-0.0329666,-0.648565,0.0207694,0,0
-2.59494,-0.00293064,-0.0109901,-0.648565,0.0280998,0,0
-2.59494,-0.00293064,-0.0329666,-0.648565,0.0345575,0,0
-2.59465,-0.00879097,-0.0549469,-0.648565,0.0280998,0,0
-2.59484,-0.0146523,-0.0109901,-0.648565,0.0218166,0,0
-2.59484,-0.0146523,-0.0109901,-0.648565,0.0280998,0,0
-2.59494,-0.0146523,-0.0109901,-0.648565,0.0270526,0,0
-2.59475,-0.00879097,-0.0329666,-0.648565,0.0324631,0,0
-2.59475,-0.00293064,-0.0109901,-0.648565,0.0228638,0,0
-2.59465,-0.00293064,-0.0329666,-0.648565,0.0164061,0,0
-2.59446,-0.00293064,-0.0549469,-0.648565,0.0249582,0,0
-2.59456,-0.00879097,-0.0109901,-0.648565,0.029147,0,0
-2.59456,-0.00293064,-0.0329666,-0.648565,0.029147,0,0
-2.59465,-0.00293064,0.0109901,-0.648565,0.0249582,0,0
-2.59446,-0.00293064,-0.0329666,-0.648565,0.0185005,0,0
-2.59436,-0.0146523,-0.0109901,-0.648565,0.029147,0,0
-2.59446,-0.00879097,-0.0109901,-0.648565,0.0270526,0,0
-2.59436,-0.00879097,-0.0329666,-0.648565,0.029147,0,0
-2.59436,-0.00293064,-0.0329666,-0.648565,0.0218166,0,0
-2.59436,0.00293064,-0.0109901,-0.648565,0.0228638,0,0
-2.59427,-0.00293064,-0.0329666,-0.648565,0.0197222,0,0
-2.59427,-0.00293064,-0.0109901,-0.648565,0.0164061,0,0
-2.59417,-0.00879097,-0.0329666,-0.648565,0.0185005,0,0
-2.59417,-0.0146523,-0.0329666,-0.648565,0.0185005,0,0
-2.59417,-0.00879097,-0.0329666,-0.648565,0.0185005,0,0
-2.59417,-0.00293064,-0.0109901,-0.648565,0.0122173,0,0
-2.59417,-0.00293064,-0.0109901,-0.648565,0.023911,0,0
-2.59398,0.00293064,-0.0329666,-0.648565,0.0218166,0,0
-2.59408,0.00293064,-0.0109901,-0.648565,0.0260054,0,0
-2.59398,0.00293064,-0.0109901,-0.648565,0.0143117,0,0
-2.59398,-0.00293064,-0.0109901,-0.648565,0.0101229,0,0
-2.59379,-0.00879097,-0.0549469,-0.648565,0.0122173,0,0
-2.59388,-0.0146523,-0.0109901,-0.648565,0.00785398,0,0
-2.59388,-0.00879097,-0.0329666,-0.648565,0.0164061,0,0
-2.59388,-0.00293064,-0.0329666,-0.648565,0.0164061,0,0
-2.59398,-0.00879097,0.0109901,-0.648565,0.0122173,0,0
-2.59398,-0.00879097,-0.0329666,-0.648565,0.0153589,0,0
-2.59398,-0.00879097,-0.0109901,-0.648565,0.0143117,0,0
-2.59398,-0.00293064,-0.0109901,-0.648565,0.0143117,0,0
-2.59388,-0.00879097,-0.0329666,-0.648565,0.00907572,0,0
-2.59379,-0.0146523,-0.0549469,-0.648565,0.0122173,0,0
-2.59398,-0.00879097,0.0109901,-0.648565,0.0122173,0,0
-2.59379,-0.00293064,-0.0329666,-0.648565,0.00785398,0,0
-2.59398,-0.00879097,0.0329666,-0.648565,0.0132645,0,0
-2.59379,-0.00879097,-0.0329666,-0.648565,0.0153589,0,0
-2.59398,-0.00879097,-0.0109901,-0.648565,-0.00366519,0,0
-2.59388,-0.00879097,-0.0109901,-0.648565,-0.000349066,0,0
-2.59398,-0.00879097,0.0109901,-0.648565,0.00366519,0,0
-2.59388,-0.00879097,-0.0109901,-0.648565,0.00471239,0,0
-2.59388,-0.00879097,-0.0109901,-0.648565,0.0111701,0,0
-2.59398,-0.00879097,-0.0329666,-0.648565,0.0111701,0,0
-2.59379,-0.00293064,-0.0329666,-0.648565,0.0015708,0,0
-2.59379,-0.00293064,-0.0109901,-0.648565,-0.0015708,0,0
-2.59388,0.00293064,-0.0109901,-0.648565,-0.00575959,0,0
-2.59388,-0.00293064,-0.0109901,-0.648565,-0.00890118,0,0
-2.59398,-0.00293064,0.0109901,-0.648565,-0.00471239,0,0
-2.59388,-0.00293064,-0.0109901,-0.648565,0.0111701,0,0
-2.59388,-0.00293064,-0.0109901,-0.648565,0.0015708,0,0
-2.59379,-0.00293064,-0.0109901,-0.648565,-0.00575959,0,0
-2.59398,-0.00293064,0.0109901,-0.648565,-0.00680679,0,0
-2.59388,-0.00293064,0.0109901,-0.648565,-0.000349066,0,0
-2.59379,-0.00293064,-0.0109901,-0.648565,-0.00366519,0,0
-2.59398,-0.00293064,0.0329666,-0.648565,-0.00680679,0,0
-2.59379,-0.00879097,-0.0329666,-0.648565,0.002618,0,0
-2.59388,-0.00879097,-0.0109901,-0.648565,0.000523599,0,0
-2.59398,-0.00879097,0.0109901,-0.648565,-0.00575959,0,0
-2.59379,-0.00879097,-0.0329666,-0.648565,0.000523599,0,0
-2.59398,-0.00879097,0.0109901,-0.648565,-0.00785398,0,0
-2.59379,-0.00293064,-0.0329666,-0.648565,-0.000349066,0,0
-2.59379,-0.00879097,-0.0329666,-0.648565,0.00366519,0,0
-2.59388,-0.00879097,0.0109901,-0.648565,-0.000349066,0,0
-2.59398,-0.00879097,-0.0109901,-0.648565,0.0015708,0,0
-2.59398,-0.0146523,-0.0109901,-0.648565,-0.00471239,0,0
-2.59379,-0.00879097,-0.0329666,-0.648565,-0.0015708,0,0
-2.59398,-0.00879097,0.0109901,-0.648565,0.000523599,0,0
-2.59398,-0.00293064,-0.0109901,-0.648565,-0.0015708,0,0
-2.59398,-0.00879097,-0.0109901,-0.648565,-0.0015708,0,0
-2.59388,-0.00879097,-0.0109901,-0.648565,0.002618,0,0
-2.59388,-0.00293064,-0.0329666,-0.648565,-0.00366519,0,0
-2.59398,-0.00293064,-0.0109901,-0.648565,-0.002618,0,0
-2.59398,-0.00879097,0.0109901,-0.648565,0.00680679,0,0
-2.59398,-0.00879097,0.0109901,-0.648565,0.00575959,0,0
-2.59398,-0.00879097,-0.0109901,-0.648565,0.0122173,0,0
-2.59388,-0.0146523,-0.0109901,-0.648565,0.00680679,0,0
-2.59388,-0.00879097,-0.0329666,-0.648565,0.002618,0,0
-2.59398,-0.00879097,0.0109901,-0.648565,-0.002618,0,0
-2.59398,-0.00879097,-0.0109901,-0.648565,-0.00366519,0,0
-2.59388,-0.00293064,-0.0109901,-0.648565,-0.0015708,0,0
-2.59379,-0.00293064,-0.0329666,-0.648565,0.000523599,0,0
-2.59388,-0.00879097,-0.0109901,-0.648565,0.00366519,0,0
-2.59388,-0.00879097,-0.0109901,-0.648565,0.0015708,0,0
-2.59398,-0.0146523,0.0109901,-0.648565,0.00785398,0,0
-2.59388,-0.00879097,-0.0109901,-0.648565,0.00575959,0,0
-2.59388,-0.00293064,-0.0109901,-0.648565,-0.002618,0,0
-2.59379,-0.00293064,-0.0109901,-0.648565,-0.00366519,0,0
-2.59388,0.00293064,-0.0109901,-0.648565,0.0015708,0,0
-2.59398,-0.00293064,0.0109901,-0.648565,0.0101229,0,0
-2.59388,-0.00879097,-0.0109901,-0.648565,-0.00471239,0,0
-2.59379,-0.00293064,-0.0329666,-0.648565,-0.00785398,0,0
-2.59388,-0.00293064,-0.0329666,-0.648565,-0.00785398,0,0
-2.59398,-0.00293064,-0.0329666,-0.648565,-0.002618,0,0
-2.59388,-0.00879097,-0.0109901,-0.648565,0.00366519,0,0
-2.59388,-0.00879097,-0.0109901,-0.648565,0.000523599,0,0
-2.59398,-0.00293064,0.0109901,-0.648565,-0.000349066,0,0
-2.59388,-0.00293064,-0.0329666,-0.648565,0.00785398,0,0
-2.59398,-0.00879097,0.0109901,-0.648565,0.0015708,0,0
-2.59379,-0.00879097,-0.0109901,-0.648565,-0.00366519,0,0
-2.59379,-0.0205126,-0.0109901,-0.648565,-0.00575959,0,0
-2.59398,-0.0146523,0.0109901,-0.648565,-0.00994838,0,0
-2.59379,-0.0146523,-0.0109901,-0.648565,-0.0015708,0,0
-2.59398,-0.00879097,-0.0109901,-0.648565,0.002618,0,0
-2.59398,-0.00293064,-0.0109901,-0.648565,0.000523599,0,0
-2.59388,-0.00293064,-0.0329666,-0.648565,0.00575959,0,0
-2.59379,-0.00293064,-0.0329666,-0.648565,0.00575959,0,0
-2.59398,-0.00293064,-0.0109901,-0.648565,0.00575959,0,0
-2.59388,-0.00293064,-0.0109901,-0.648565,-0.002618,0,0
-2.59379,-0.00293064,-0.0549469,-0.648565,0.000523599,0,0
-2.59398,-0.00879097,0.0329666,-0.648565,0.00366519,0,0
-2.59379,-0.00879097,0.0109901,-0.648565,0.0015708,0,0
-2.59398,-0.00293064,-0.0329666,-0.648565,0.0015708,0,0
-2.59379,-0.00293064,-0.0109901,-0.648565,-0.00366519,0,0
-2.59398,0.00293064,0.0109901,-0.648565,-0.00575959,0,0
-2.59379,-0.00293064,-0.0329666,-0.648565,-0.0015708,0,0
-2.59398,-0.00879097,-0.0109901,-0.648565,-0.002618,0,0
-2.59388,-0.00879097,-0.0329666,-0.648565,0.00471239,0,0
-2.59388,-0.00293064,-0.0109901,-0.648565,-0.000349066,0,0
-2.59388,-0.00293064,-0.0109901,-0.648565,0.002618,0,0
-2.59388,0.00293064,-0.0109901,-0.648565,0.00680679,0,0
-2.59379,0.00293064,0.0109901,-0.648565,0.00471239,0,0
-2.59398,0.00293064,-0.0109901,-0.648565,0.000523599,0,0
-2.59388,0.00293064,-0.0109901,-0.648565,-0.00471239,0,0
-2.59388,-0.00879097,-0.0109901,-0.648565,-0.00680679,0,0
-2.59398,-0.00879097,-0.0109901,-0.648565,-0.000349066,0,0
-2.59398,-0.00879097,-0.0109901,-0.648565,0.00907572,0,0
-2.59379,-0.00879097,-0.0329666,-0.648565,0.00785398,0,0
-2.59388,-0.00879097,-0.0329666,-0.648565,0.00471239,0,0
-2.59388,-0.00293064,0.0109901,-0.648565,0.00785398,0,0
-2.59379,-0.00293064,-0.0329666,-0.648565,-0.00680679,0,0
-2.59379,-0.00293064,-0.0329666,-0.648565,0.000523599,0,0
-2.59379,-0.00879097,-0.0109901,-0.648565,0.0015708,0,0
-2.59388,-0.00879097,-0.0109901,-0.648565,0.0015708,0,0
-2.59388,-0.00879097,-0.0109901,-0.648565,-0.000349066,0,0
-2.59388,-0.00879097,-0.0109901,-0.648565,-0.002618,0,0
-2.59388,-0.00879097,0.0109901,-0.648565,-0.0015708,0,0
-2.59369,-0.00879097,-0.0329666,-0.648565,0.00366519,0,0
-2.59388,-0.00293064,-0.0109901,-0.648565,-0.000349066,0,0
-2.59379,-0.00293064,0.0109901,-0.648565,0.002618,0,0
-2.59398,-0.00879097,-0.0109901,-0.648565,-0.00471239,0,0
-2.59379,-0.00879097,-0.0329666,-0.648565,-0.002618,0,0
-2.59379,-0.00879097,0.0109901,-0.648565,0.00471239,0,0
-2.59398,-0.00293064,-0.0109901,-0.648565,-0.000349066,0,0
-2.59379,-0.00293064,-0.0109901,-0.648565,-0.00890118,0,0
-2.59379,-0.00879097,-0.0109901,-0.648565,0.000523599,0,0
-2.59398,-0.00293064,0.0109901,-0.648565,0.00471239,0,0
-2.59388,-0.00293064,-0.0329666,-0.648565,-0.000349066,0,0
-2.59398,-0.00879097,-0.0109901,-0.648565,0.00680679,0,0
-2.59388,-0.00879097,-0.0109901,-0.648565,-0.000349066,0,0
-2.59388,-0.00879097,-0.0109901,-0.648565,-0.0015708,0,0
-2.59398,-0.00293064,-0.0109901,-0.648565,0.000523599,0,0
-2.59379,-0.00293064,-0.0329666,-0.648565,-0.000349066,0,0
-2.59388,-0.00293064,-0.0109901,-0.648565,0.00680679,0,0
-2.59398,0.00293064,-0.0109901,-0.648565,0.0101229,0,0
-2.59388,0.00293064,-0.0109901,-0.648565,-0.0015708,0,0
-2.59398,-0.00293064,0.0109901,-0.648565,-0.00471239,0,0
-2.59398,-0.00293064,-0.0329666,-0.648565,-0.00471239,0,0
-2.59388,-0.00293064,-0.0329666,-0.648565,-0.002618,0,0
-2.59398,-0.00879097,-0.0109901,-0.648565,0.000523599,0,0
-2.59398,-0.00293064,-0.0109901,-0.648565,-0.00575959,0,0
-2.59388,-0.00293064,-0.0109901,-0.648565,0.00366519,0,0
-2.59398,-0.00293064,0.0109901,-0.648565,0.00907572,0,0
-2.59388,-0.00293064,-0.0109901,-0.648565,-0.000349066,0,0
-2.59398,0.00293064,-0.0329666,-0.648565,-0.00575959,0,0
-2.59398,0.00293064,0.0109901,-0.648565,0.00366519,0,0
-2.59398,-0.00293064,-0.0329666,-0.648565,0.00575959,0,0
-2.59398,-0.00293064,0.0109901,-0.648565,0.002618,0,0
-2.59398,-0.00293064,0.0109901,-0.648565,-0.000349066,0,0
-2.59388,-0.00879097,-0.0109901,-0.648565,-0.00366519,0,0
-2.59388,-0.00879097,0.0109901,-0.648565,-0.002618,0,0
-2.59398,-0.00293064,-0.0109901,-0.648565,-0.000349066,0,0
-2.59398,0.00293064,0.0109901,-0.648565,0.00471239,0,0
-2.59398,-0.00293064,-0.0109901,-0.648565,0.00366519,0,0
-2.59398,-0.00293064,-0.0109901,-0.648565,0.002618,0,0
-2.59379,-0.00879097,-0.0109901,-0.648565,0.002618,0,0
-2.59379,-0.00879097,-0.0109901,-0.648565,-0.000349066,0,0
-2.59388,-0.00293064,-0.0329666,-0.648565,-0.00785398,0,0
-2.59388,-0.00293064,-0.0109901,-0.648565,-0.00366519,0,0
-2.59398,-0.00293064,0.0549469,-0.648565,-0.000349066,0,0
-2.59388,0.00293064,-0.0109901,-0.648565,0.000523599,0,0
-2.59398,0.00293064,-0.0109901,-0.648565,0.002618,0,0
-2.59398,0.00293064,-0.0109901,-0.648565,0.00575959,0,0
-2.59398,0.00293064,-0.0109901,-0.648565,0.00471239,0,0
-2.59379,-0.00879097,-0.0109901,-0.648565,-0.00366519,0,0
-2.59388,-0.0146523,0.0109901,-0.648565,-0.00575959,0,0
-2.59398,-0.0146523,-0.0109901,-0.648565,-0.00366519,0,0
-2.59379,-0.00293064,-0.0109901,-0.648565,-0.0015708,0,0
-2.59388,-0.00293064,-0.0109901,-0.648565,0.00471239,0,0
-2.59388,0.00293064,0.0109901,-0.648565,-0.002618,0,0
-2.59379,0.00293064,-0.0329666,-0.648565,-0.00471239,0,0
-2.59379,-0.00293064,-0.0109901,-0.648565,0.000523599,0,0
-2.59379,-0.00293064,-0.0329666,-0.648565,0.00471239,0,0
-2.59398,-0.00293064,0.0329666,-0.648565,0.00785398,0,0
-2.59379,-0.00293064,-0.0109901,-0.648565,0.00471239,0,0
-2.59398,-0.00293064,0.0109901,-0.648565,0.002618,0,0
-2.5936,0.00293064,-0.0329666,-0.648565,-0.00575959,0,0
-2.59398,0.00293064,0.0109901,-0.648565,-0.00575959,0,0
-2.59398,0.00293064,0.0109901,-0.648565,0.00575959,0,0
-2.59398,0.00293064,-0.0109901,-0.648565,-0.00471239,0,0
-2.59388,-0.00879097,-0.0109901,-0.648565,-0.00890118,0,0
-2.59398,-0.0146523,-0.0109901,-0.648565,0.0015708,0,0
-2.59379,-0.00879097,-0.0329666,-0.648565,0.002618,0,0
-2.59398,-0.00293064,0.0109901,-0.648565,0.00907572,0,0
-2.59379,-0.00293064,-0.0549469,-0.648565,0.00575959,0,0
-2.59379,-0.00293064,-0.0109901,-0.648565,0.00471239,0,0
-2.59388,-0.00879097,-0.0109901,-0.648565,-0.000349066,0,0
-2.59398,-0.00293064,0.0109901,-0.648565,-0.000349066,0,0
-2.59398,-0.00879097,0.0109901,-0.648565,0.000523599,0,0
-2.59379,-0.0146523,-0.0329666,-0.648565,0.000523599,0,0
-2.59398,-0.0146523,-0.0109901,-0.648565,-0.00785398,0,0
-2.59398,-0.00879097,0.0329666,-0.648565,0.0015708,0,0
-2.59388,-0.00293064,-0.0109901,-0.648565,0.0015708,0,0
-2.59398,-0.00293064,-0.0329666,-0.648565,0.00471239,0,0
-2.59398,0.00293064,-0.0109901,-0.648565,0.000523599,0,0
-2.59398,-0.00293064,-0.0329666,-0.648565,-0.002618,0,0
-2.59408,-0.0146523,0.0109901,-0.648565,-0.00366519,0,0
-2.59379,-0.00879097,-0.0329666,-0.648565,0.0111701,0,0
-2.59379,-0.00293064,-0.0329666,-0.648565,0.0015708,0,0
-2.59379,-0.00879097,-0.0109901,-0.648565,0.0015708,0,0
-2.59398,-0.00879097,0.0109901,-0.648565,0.0015708,0,0
-2.59388,-0.00879097,-0.0109901,-0.648565,0.00680679,0,0
-2.59388,-0.00293064,-0.0329666,-0.648565,-0.000349066,0,0
-2.59398,-0.00293064,0.0329666,-0.648565,0.000523599,0,0
-2.59388,-0.00879097,-0.0109901,-0.648565,-0.0015708,0,0
-2.59398,-0.00879097,-0.0109901,-0.648565,-0.00471239,0,0
-2.59398,-0.00879097,-0.0109901,-0.648565,0.000523599,0,0
-2.59379,-0.00879097,-0.0329666,-0.648565,-0.000349066,0,0
-2.59388,-0.00293064,-0.0109901,-0.648565,-0.00366519,0,0
-2.59388,-0.00879097,-0.0109901,-0.648565,0.00680679,0,0
-2.59379,-0.00293064,-0.0329666,-0.648565,0.00575959,0,0
-2.59388,0.00293064,-0.0329666,-0.648565,-0.000349066,0,0
-2.59398,0.00293064,0.0109901,-0.648565,-0.00471239,0,0
-2.59388,-0.00293064,-0.0109901,-0.648565,0.00907572,0,0
-2.59379,-0.00879097,-0.0109901,-0.648565,-0.0015708,0,0
-2.59388,-0.00293064,0.0109901,-0.648565,-0.00575959,0,0
-2.59398,-0.00293064,-0.0109901,-0.648565,0.0015708,0,0
-2.59388,-0.00293064,-0.0109901,-0.648565,0.0111701,0,0
-2.59398,-0.00293064,0.0109901,-0.648565,0.0015708,0,0
-2.59379,0.00293064,-0.0109901,-0.648565,-0.00575959,0,0
-2.59388,0.00293064,-0.0109901,-0.648565,-0.000349066,0,0
-2.59398,-0.00879097,0.0109901,-0.648565,-0.00680679,0,0
-2.59398,-0.00879097,0.0109901,-0.648565,-0.00680679,0,0
-2.59379,-0.00879097,-0.0549469,-0.648565,0.00366519,0,0
-2.59398,-0.00879097,0.0109901,-0.648565,0.00907572,0,0
-2.59398,-0.00293064,-0.0109901,-0.648565,0.0101229,0,0
-2.59388,-0.00879097,-0.0109901,-0.648565,-0.00680679,0,0
-2.59379,-0.00293064,-0.0109901,-0.648565,-0.00471239,0,0
-2.59379,-0.00293064,-0.0329666,-0.648565,-0.000349066,0,0
-2.59369,-0.00293064,-0.0549469,-0.648565,0.0015708,0,0
-2.59398,-0.00293064,0.0109901,-0.648565,0.00575959,0,0
-2.59388,-0.0146523,-0.0109901,-0.648565,-0.00890118,0,0
-2.59398,-0.00879097,0.0109901,-0.648565,-0.000349066,0,0
-2.59379,-0.00879097,-0.0329666,-0.648565,0.0015708,0,0
-2.59398,-0.00879097,-0.0109901,-0.648565,-0.00471239,0,0
-2.59379,-0.00293064,-0.0109901,-0.648565,0.0015708,0,0
-2.59388,-0.00879097,-0.0109901,-0.648565,0.00680679,0,0
-2.59398,-0.0146523,0.0109901,-0.648565,0.000523599,0,0
-2.59388,-0.0146523,-0.0109901,-0.648565,-0.000349066,0,0
-2.59388,-0.00879097,-0.0329666,-0.648565,0.002618,0,0
-2.59398,-0.00293064,-0.0109901,-0.648565,0.0122173,0,0
-2.59398,0.00293064,-0.0109901,-0.648565,-0.002618,0,0
-2.59398,-0.00293064,-0.0329666,-0.648565,-0.0015708,0,0
-2.59379,0.00293064,0.0109901,-0.648565,0.0015708,0,0
-2.59398,0.00293064,-0.0109901,-0.648565,-0.00471239,0,0
-2.59388,-0.00293064,-0.0109901,-0.648565,-0.00575959,0,0
-2.59388,-0.00879097,-0.0329666,-0.648565,-0.002618,0,0
-2.59398,-0.00879097,-0.0109901,-0.648565,0.0101229,0,0
-2.59398,-0.00293064,-0.0109901,-0.648565,-0.00471239,0,0
-2.59379,-0.00293064,-0.0329666,-0.648565,-0.00890118,0,0
-2.59398,0.00293064,0.0109901,-0.648565,-0.000349066,0,0
-2.59388,-0.00879097,-0.0109901,-0.648565,0.00575959,0,0
-2.59369,-0.00879097,-0.0329666,-0.648565,0.0122173,0,0
-2.59388,-0.00879097,0.0109901,-0.648565,-0.002618,0,0
-2.59379,-0.00293064,-0.0109901,-0.648565,-0.00994838,0,0
-2.59398,-0.00293064,0.0109901,-0.648565,0.0015708,0,0
-2.59379,-0.00293064,-0.0329666,-0.648565,-0.0015708,0,0
-2.59388,-0.00879097,-0.0109901,-0.648565,-0.00366519,0,0
-2.59379,-0.00293064,-0.0329666,-0.648565,0.00907572,0,0
-2.59379,-0.00293064,-0.0329666,-0.648565,0.00575959,0,0
-2.59379,-0.00879097,-0.0329666,-0.648565,0.002618,0,0
-2.59398,-0.00879097,0.0109901,-0.648565,0.000523599,0,0
-2.59388,-0.0146523,-0.0109901,-0.648565,0.00907572,0,0
-2.59398,-0.00879097,-0.0109901,-0.648565,-0.002618,0,0
-2.59388,-0.00879097,-0.0109901,-0.648565,0.0015708,0,0
-2.59398,-0.00879097,-0.0109901,-0.648565,-0.00366519,0,0
-2.59379,-0.00879097,-0.0109901,-0.648565,-0.00680679,0,0
-2.59398,-0.00293064,0.0109901,-0.648565,0.0015708,0,0
-2.59388,-0.00293064,-0.0329666,-0.648565,0.0132645,0,0
-2.59398,-0.00293064,0.0109901,-0.648565,-0.0015708,0,0
-2.59379,-0.00293064,-0.0329666,-0.648565,-0.00890118,0,0
-2.59388,-0.00879097,-0.0109901,-0.648565,0.00680679,0,0
-2.59388,-0.00879097,0.0109901,-0.648565,0.00575959,0,0
-2.59388,-0.00879097,-0.0329666,-0.648565,0.002618,0,0
-2.59379,-0.00879097,-0.0109901,-0.648565,0.000523599,0,0
-2.59379,-0.00879097,-0.0109901,-0.648565,-0.000349066,0,0
-2.59379,-0.00293064,-0.0329666,-0.648565,-0.000349066,0,0
-2.59379,-0.00293064,-0.0109901,-0.648565,0.000523599,0,0
-2.59388,-0.00293064,-0.0109901,-0.648565,0.00471239,0,0
-2.59398,-0.00879097,0.0109901,-0.648565,-0.0015708,0,0
-2.59379,-0.0146523,-0.0329666,-0.648565,-0.0015708,0,0
-2.59388,-0.00879097,-0.0109901,-0.648565,0.00366519,0,0
-2.59388,-0.0146523,-0.0109901,-0.648565,-0.0015708,0,0
-2.59398,-0.00879097,0.0109901,-0.648565,0.00366519,0,0
-2.59388,-0.00879097,-0.0109901,-0.648565,0.00471239,0,0
-2.59388,-0.00293064,-0.0109901,-0.648565,-0.00680679,0,0
-2.59388,-0.00879097,-0.0109901,-0.648565,0.002618,0,0
-2.59398,-0.00879097,0.0109901,-0.648565,0.00575959,0,0
-2.59398,-0.00293064,0.0109901,-0.648565,-0.00471239,0,0
-2.59398,0.00293064,-0.0109901,-0.648565,0.00471239,0,0
-2.59398,0.00293064,-0.0109901,-0.648565,0.00366519,0,0
-2.59388,-0.00293064,-0.0329666,-0.648565,-0.0015708,0,0
-2.59388,0.00293064,-0.0109901,-0.648565,-0.002618,0,0
-2.59398,-0.00293064,-0.0109901,-0.648565,-0.00366519,0,0
-2.59379,-0.00879097,-0.0329666,-0.648565,-0.0015708,0,0
-2.59388,-0.00879097,-0.0109901,-0.648565,0.00680679,0,0
-2.59388,-0.00879097,0.0109901,-0.648565,-0.000349066,0,0
-2.59379,-0.00879097,-0.0109901,-0.648565,-0.00366519,0,0
-2.59388,-0.00293064,0.0109901,-0.648565,-0.002618,0,0
-2.59388,0.00293064,-0.0109901,-0.648565,0.00471239,0,0
-2.59379,0.00293064,-0.0329666,-0.648565,0.00366519,0,0
-2.59398,-0.00879097,-0.0109901,-0.648565,0.00471239,0,0
-2.59398,-0.00879097,-0.0109901,-0.648565,0.00366519,0,0
-2.59398,-0.00293064,0.0329666,-0.648565,-0.00575959,0,0
-2.59398,-0.00293064,-0.0109901,-0.648565,-0.000349066,0,0
-2.59388,-0.00293064,-0.0109901,-0.648565,0.0015708,0,0
-2.59398,-0.00293064,0.0109901,-0.648565,0.000523599,0,0
-2.59388,-0.00293064,-0.0329666,-0.648565,0.00575959,0,0
-2.59408,-0.00879097,0.0329666,-0.648565,0.0015708,0,0
-2.59388,-0.0146523,-0.0109901,-0.648565,-0.00680679,0,0
-2.59379,-0.0146523,-0.0329666,-0.648565,-0.00366519,0,0
-2.59379,-0.00293064,-0.0329666,-0.648565,0.00907572,0,0
-2.59398,0.00293064,-0.0109901,-0.648565,0.000523599,0,0
-2.59388,0.00293064,-0.0109901,-0.648565,0.0015708,0,0
-2.59388,-0.00293064,-0.0329666,-0.648565,-0.000349066,0,0
-2.59388,-0.00879097,-0.0329666,-0.648565,0.0015708,0,0
-2.59398,-0.00879097,-0.0109901,-0.648565,-0.000349066,0,0
-2.59398,-0.00879097,-0.0109901,-0.648565,0.002618,0,0
-2.59388,-0.00293064,-0.0109901,-0.648565,0.00680679,0,0
-2.59398,-0.0146523,0.0109901,-0.648565,-0.000349066,0,0
-2.59388,-0.00879097,-0.0329666,-0.648565,-0.00575959,0,0
-2.59379,-0.00879097,-0.0329666,-0.648565,0.000523599,0,0
-2.59388,-0.00879097,0.0109901,-0.648565,0.00471239,0,0
-2.59388,-0.00879097,-0.0109901,-0.648565,0.00471239,0,0
-2.59398,-0.00879097,-0.0109901,-0.648565,0.00575959,0,0
-2.59388,-0.00879097,-0.0109901,-0.648565,-0.002618,0,0
-2.59388,-0.00879097,-0.0109901,-0.648565,-0.002618,0,0
-2.59398,-0.00293064,-0.0109901,-0.648565,-0.00471239,0,0
-2.59398,-0.00293064,-0.0109901,-0.648565,-0.00471239,0,0
-2.59398,-0.00293064,-0.0329666,-0.648565,0.0015708,0,0
-2.59379,-0.00293064,-0.0109901,-0.648565,0.0015708,0,0
-2.59398,0.00293064,-0.0109901,-0.648565,-0.00366519,0,0
-2.59379,-0.00293064,0.0109901,-0.648565,0.00366519,0,0
-2.59388,-0.00293064,-0.0109901,-0.648565,0.0015708,0,0
-2.59398,-0.00879097,0.0109901,-0.648565,-0.002618,0,0
-2.59379,-0.00879097,-0.0109901,-0.648565,-0.00575959,0,0
-2.59388,-0.0146523,-0.0109901,-0.648565,-0.0015708,0,0
-2.59379,-0.0146523,-0.0329666,-0.648565,0.000523599,0,0
-2.59388,-0.00879097,-0.0329666,-0.648565,-0.0015708,0,0
-2.59379,-0.00293064,-0.0329666,-0.648565,0.00366519,0,0
-2.59398,-0.00293064,-0.0109901,-0.648565,-0.000349066,0,0
-2.59398,-0.00879097,0.0109901,-0.648565,0.00471239,0,0
-2.59388,-0.00879097,-0.0329666,-0.648565,0.000523599,0,0
-2.59388,-0.00879097,-0.0109901,-0.648565,-0.00471239,0,0
-2.59388,-0.00879097,0.0109901,-0.648565,0.00366519,0,0
-2.59379,-0.00293064,-0.0109901,-0.648565,0.0111701,0,0
-2.59398,-0.00293064,0.0109901,-0.648565,0.00785398,0,0
-2.59379,-0.00293064,-0.0329666,-0.648565,0.0015708,0,0
-2.59388,-0.00293064,-0.0329666,-0.648565,-0.002618,0,0
-2.59379,-0.00293064,-0.0109901,-0.648565,0.00907572,0,0
-2.59388,-0.00293064,0.0109901,-0.648565,-0.002618,0,0
-2.59398,-0.00879097,-0.0109901,-0.648565,-0.00471239,0,0
-2.59388,-0.00879097,-0.0109901,-0.648565,0.0015708,0,0
-2.59388,-0.00879097,-0.0109901,-0.648565,-0.000349066,0,0
-2.59388,-0.00879097,-0.0109901,-0.648565,-0.00890118,0,0
-2.59388,-0.00879097,-0.0109901,-0.648565,0.000523599,0,0
-2.59388,-0.00293064,-0.0109901,-0.648565,0.0122173,0,0
-2.59388,-0.00293064,-0.0109901,-0.648565,-0.0015708,0,0
-2.59398,-0.00293064,0.0109901,-0.648565,-0.0164061,0,0
-2.59388,-0.00293064,-0.0109901,-0.648565,-0.002618,0,0
-2.59388,-0.0146523,-0.0109901,-0.648565,0.002618,0,0
-2.59398,-0.00879097,0.0109901,-0.648565,0.00471239,0,0
-2.59398,-0.00879097,-0.0109901,-0.648565,0.000523599,0,0
-2.59388,-0.00293064,-0.0109901,-0.648565,-0.002618,0,0
-2.59379,-0.00879097,-0.0109901,-0.648565,-0.00471239,0,0
-2.59398,-0.00879097,-0.0109901,-0.648565,-0.00785398,0,0
-2.59388,-0.00879097,-0.0109901,-0.648565,0.00366519,0,0
-2.59398,-0.0146523,-0.0109901,-0.648565,0.00366519,0,0
-2.59398,-0.00879097,0.0109901,-0.648565,-0.00366519,0,0
-2.59388,-0.00879097,-0.0109901,-0.648565,0.00471239,0,0
-2.59388,-0.0146523,-0.0329666,-0.648565,-0.00471239,0,0
-2.59388,-0.00879097,0.0109901,-0.648565,-0.000349066,0,0
-2.59379,-0.00879097,-0.0329666,-0.648565,-0.00366519,0,0
-2.59398,-0.00293064,0.0109901,-0.648565,0.0015708,0,0
-2.59388,-0.00293064,-0.0109901,-0.648565,-0.002618,0,0
-2.59379,-0.00879097,-0.0109901,-0.648565,-0.0109956,0,0
-2.59379,-0.00879097,-0.0549469,-0.648565,0.00680679,0,0
-2.59388,-0.00879097,-0.0329666,-0.648565,0.0111701,0,0
-2.59388,-0.00879097,-0.0109901,-0.648565,0.000523599,0,0
-2.59388,-0.00879097,0.0329666,-0.648565,-0.00471239,0,0
-2.59398,-0.00879097,-0.0109901,-0.648565,-0.000349066,0,0
-2.59388,-0.00879097,-0.0329666,-0.648565,0.0015708,0,0
-2.59388,-0.00293064,-0.0109901,-0.648565,0.00366519,0,0
-2.59388,-0.00293064,-0.0329666,-0.648565,-0.002618,0,0
-2.59398,-0.00293064,-0.0109901,-0.648565,-0.00366519,0,0
-2.59388,-0.00293064,-0.0109901,-0.648565,0.00366519,0,0
-2.59398,-0.00879097,-0.0109901,-0.648565,-0.00471239,0,0
-2.59388,-0.0146523,-0.0109901,-0.648565,-0.000349066,0,0
-2.59417,-0.0146523,0.0329666,-0.648565,0.00680679,0,0
-2.59398,-0.0146523,-0.0109901,-0.648565,0.0111701,0,0
-2.59388,-0.00879097,-0.0329666,-0.648565,-0.0015708,0,0
-2.59388,-0.00879097,-0.0109901,-0.648565,0.00471239,0,0
-2.59398,-0.00879097,0.0109901,-0.648565,-0.00575959,0,0
-2.59379,-0.00293064,-0.0109901,-0.648565,0.0015708,0,0
-2.59379,-0.00293064,-0.0329666,-0.648565,-0.00471239,0,0
-2.59379,-0.00293064,-0.0109901,-0.648565,-0.00471239,0,0
-2.59398,-0.00879097,0.0109901,-0.648565,0.000523599,0,0
-2.59379,-0.00879097,-0.0329666,-0.648565,0.00366519,0,0
-2.59379,-0.00879097,-0.0109901,-0.648565,0.002618,0,0
-2.59379,-0.00879097,-0.0109901,-0.648565,0.000523599,0,0
-2.59398,-0.00293064,0.0109901,-0.648565,-0.002618,0,0
-2.59379,0.00293064,-0.0109901,-0.648565,-0.0015708,0,0
-2.59388,0.00293064,0.0109901,-0.648565,0.0015708,0,0
-2.59379,-0.00293064,-0.0109901,-0.648565,-0.000349066,0,0
-2.59398,-0.00293064,0.0109901,-0.648565,-0.00575959,0,0
-2.59379,-0.00293064,-0.0549469,-0.648565,-0.000349066,0,0
-2.59388,-0.0146523,-0.0109901,-0.648565,0.00366519,0,0
-2.59398,-0.00879097,-0.0109901,-0.648565,0.0015708,0,0
-2.59398,-0.00879097,-0.0329666,-0.648565,-0.00366519,0,0
-2.59398,-0.00293064,-0.0109901,-0.648565,-0.0015708,0,0
-2.59379,-0.00293064,-0.0549469,-0.648565,0.002618,0,0
-2.59388,0.00293064,-0.0109901,-0.648565,-0.00471239,0,0
-2.59398,-0.00879097,-0.0109901,-0.648565,-0.00366519,0,0
-2.59388,-0.00879097,-0.0329666,-0.648565,-0.00366519,0,0
-2.59388,-0.00879097,-0.0329666,-0.648565,0.00680679,0,0
-2.59398,-0.0146523,0.0109901,-0.648565,0.002618,0,0
-2.59379,-0.0146523,-0.0109901,-0.648565,-0.00471239,0,0
-2.59398,-0.0146523,-0.0109901,-0.648565,0.002618,0,0
-2.59388,-0.00879097,-0.0109901,-0.648565,0.00575959,0,0
-2.59398,-0.00879097,-0.0329666,-0.648565,0.0015708,0,0
-2.59388,-0.00293064,-0.0109901,-0.648565,-0.00785398,0,0
-2.59408,-0.00293064,0.0109901,-0.648565,0.002618,0,0
-2.59379,-0.00293064,0.0109901,-0.648565,-0.002618,0,0
-2.59398,-0.00293064,-0.0109901,-0.648565,-0.00994838,0,0
-2.59379,-0.00879097,-0.0329666,-0.648565,-0.00471239,0,0
-2.59388,-0.00879097,-0.0109901,-0.648565,0.00575959,0,0
-2.59398,-0.00879097,-0.0109901,-0.648565,-0.0015708,0,0
-2.59379,-0.00879097,-0.0109901,-0.648565,-0.0015708,0,0
-2.59388,-0.00293064,-0.0109901,-0.648565,0.002618,0,0
-2.59388,0.00293064,-0.0109901,-0.648565,0.000523599,0,0
-2.59379,0.00293064,-0.0329666,-0.648565,0.00471239,0,0
-2.59388,-0.00293064,-0.0329666,-0.648565,-0.0015708,0,0
-2.59398,-0.00293064,0.0109901,-0.648565,0.00575959,0,0
-2.59398,-0.00293064,-0.0109901,-0.648565,0.00366519,0,0
-2.59398,-0.0146523,-0.0109901,-0.648565,0.00575959,0,0
-2.59388,-0.0146523,-0.0109901,-0.648565,-0.00366519,0,0
-2.59398,-0.0146523,-0.0329666,-0.648565,-0.00471239,0,0
-2.59379,-0.00879097,-0.0109901,-0.648565,-0.00366519,0,0
-2.59398,-0.00879097,-0.0329666,-0.648565,0.002618,0,0
-2.59388,-0.00293064,-0.0109901,-0.648565,0.00471239,0,0
-2.59388,-0.00293064,-0.0109901,-0.648565,-0.0015708,0,0
-2.59398,-0.00879097,0.0109901,-0.648565,-0.00366519,0,0
-2.59388,-0.00879097,-0.0109901,-0.648565,0.0015708,0,0
-2.59388,-0.00293064,-0.0109901,-0.648565,0.00575959,0,0
-2.59379,-0.00879097,-0.0329666,-0.648565,0.00575959,0,0
-2.59379,-0.00293064,-0.0329666,-0.648565,0.0015708,0,0
-2.59379,-0.00293064,-0.0109901,-0.648565,-0.000349066,0,0
-2.59388,-0.00293064,-0.0109901,-0.648565,-0.002618,0,0
-2.59388,-0.00293064,-0.0109901,-0.648565,0.000523599,0,0
-2.59398,-0.00879097,-0.0109901,-0.648565,0.002618,0,0
-2.59388,-0.00879097,-0.0109901,-0.648565,-0.000349066,0,0
-2.59398,-0.0146523,0.0109901,-0.648565,0.002618,0,0
-2.59398,-0.00879097,0.0109901,-0.648565,0.00471239,0,0
-2.59388,-0.00879097,-0.0109901,-0.648565,0.00680679,0,0
-2.59388,-0.00293064,-0.0109901,-0.648565,0.002618,0,0
-2.59398,-0.00293064,-0.0109901,-0.648565,-0.000349066,0,0
-2.59398,-0.00293064,-0.0109901,-0.648565,-0.0015708,0,0
-2.59379,-0.00293064,-0.0109901,-0.648565,-0.000349066,0,0
-2.59379,-0.0146523,-0.0329666,-0.648565,-0.000349066,0,0
-2.59388,-0.0146523,0.0109901,-0.648565,0.00575959,0,0
-2.59379,-0.00879097,0.0109901,-0.648565,0.00680679,0,0
-2.59398,-0.00293064,0.0109901,-0.648565,0.0015708,0,0
-2.59388,-0.00293064,-0.0109901,-0.648565,0.0015708,0,0
-2.59398,-0.00293064,-0.0109901,-0.648565,0.000523599,0,0
-2.59388,-0.00879097,-0.0329666,-0.648565,-0.000349066,0,0
-2.59388,-0.00879097,-0.0109901,-0.648565,-0.00366519,0,0
-2.59408,-0.00879097,0.0109901,-0.648565,-0.00471239,0,0
-2.59379,-0.00879097,-0.0329666,-0.648565,0.000523599,0,0
-2.59388,-0.0146523,-0.0329666,-0.648565,-0.002618,0,0
-2.59388,-0.00879097,-0.0109901,-0.648565,-0.002618,0,0
-2.59398,-0.00293064,0.0109901,-0.648565,0.00366519,0,0
-2.59388,-0.00293064,-0.0109901,-0.648565,-0.002618,0,0
-2.59388,-0.00293064,-0.0109901,-0.648565,-0.0015708,0,0
-2.59388,-0.00293064,-0.0329666,-0.648565,-0.00366519,0,0
-2.59398,-0.00879097,-0.0109901,-0.648565,-0.002618,0,0
-2.59379,-0.00879097,-0.0109901,-0.648565,0.002618,0,0
-2.59388,-0.00879097,0.0109901,-0.648565,0.00575959,0,0
-2.59398,-0.00293064,0.0109901,-0.648565,0.002618,0,0
-2.59398,-0.00293064,-0.0109901,-0.648565,0.00575959,0,0
-2.59398,0.00293064,-0.0109901,-0.648565,0.00366519,0,0
-2.59379,0.00293064,-0.0109901,-0.648565,0.000523599,0,0
-2.59388,0.00293064,-0.0109901,-0.648565,-0.000349066,0,0
-2.59398,0.00293064,-0.0109901,-0.648565,0.00471239,0,0
-2.59408,0.00293064,-0.0109901,-0.648565,-0.000349066,0,0
-2.59398,-0.00293064,-0.0109901,-0.648565,0.002618,0,0
-2.59388,-0.00879097,-0.0329666,-0.648565,0.0015708,0,0
-2.59398,-0.00879097,-0.0109901,-0.648565,-0.00366519,0,0
-2.59398,-0.00879097,-0.0109901,-0.648565,-0.00575959,0,0
-2.59398,-0.00879097,0.0109901,-0.648565,-0.00680679,0,0
-2.59408,-0.00879097,0.0109901,-0.648565,-0.0015708,0,0
-2.59398,-0.00879097,-0.0109901,-0.648565,0.0101229,0,0
-2.59398,-0.00293064,-0.0109901,-0.648565,-0.002618,0,0
-2.59388,-0.00879097,-0.0109901,-0.648565,-0.00994838,0,0
-2.59408,-0.00293064,0.0329666,-0.648565,0.002618,0,0
-2.59379,-0.00879097,-0.0329666,-0.648565,0.00366519,0,0
-2.59379,-0.0146523,-0.0329666,-0.648565,0.002618,0,0
-2.59379,-0.0146523,-0.0329666,-0.648565,0.0015708,0,0
-2.59398,-0.0205126,0.0109901,-0.648565,-0.00366519,0,0
-2.59398,-0.0146523,-0.0109901,-0.648565,-0.00366519,0,0
-2.59388,-0.0146523,0.0109901,-0.648565,-0.00366519,0,0
-2.59417,-0.0146523,0.0109901,-0.648565,0.002618,0,0
-2.59379,-0.00879097,-0.0329666,-0.648565,0.0101229,0,0
-2.59388,-0.00293064,-0.0329666,-0.648565,-0.0015708,0,0
-2.59398,-0.00293064,0.0109901,-0.648565,-0.0109956,0,0
-2.59388,-0.00293064,0.0109901,-0.648565,0.002618,0,0
-2.59369,-0.00293064,-0.0329666,-0.648565,0.000523599,0,0
-2.59388,-0.00293064,-0.0109901,-0.648565,0.00575959,0,0
-2.59379,-0.00293064,0.0109901,-0.648565,0.000523599,0,0
-2.59379,-0.00879097,-0.0329666,-0.648565,0.00680679,0,0
-2.59379,-0.00879097,0.0109901,-0.648565,0.00680679,0,0
-2.59379,-0.00879097,-0.0329666,-0.648565,-0.000349066,0,0
-2.59398,-0.00293064,0.0109901,-0.648565,-0.0015708,0,0
-2.59408,-0.00293064,0.0109901,-0.648565,-0.00890118,0,0
-2.59398,-0.00293064,0.0109901,-0.648565,-0.00575959,0,0
-2.59398,-0.00293064,-0.0109901,-0.648565,0.00907572,0,0
-2.59398,-0.00879097,0.0109901,-0.648565,0.00785398,0,0
-2.59388,-0.00293064,-0.0329666,-0.648565,0.00575959,0,0
-2.59388,-0.00293064,-0.0109901,-0.648565,0.00471239,0,0
-2.59398,-0.00293064,0.0329666,-0.648565,0.000523599,0,0
-2.59388,-0.00879097,-0.0329666,-0.648565,-0.00471239,0,0
-2.59398,-0.00879097,0.0109901,-0.648565,0.000523599,0,0
-2.59398,-0.00879097,-0.0109901,-0.648565,-0.00366519,0,0
-2.59408,-0.00293064,-0.0109901,-0.648565,-0.0109956,0,0
-2.59388,-0.00293064,-0.0109901,-0.648565,-0.002618,0,0
-2.59388,-0.00293064,-0.0329666,-0.648565,0.00471239,0,0
-2.59388,0.00293064,-0.0109901,-0.648565,0.00366519,0,0
-2.59398,-0.00293064,-0.0109901,-0.648565,0.000523599,0,0
-2.59398,-0.00293064,-0.0109901,-0.648565,-0.000349066,0,0
-2.59398,-0.00879097,-0.0109901,-0.648565,-0.00575959,0,0
-2.59388,-0.00879097,-0.0109901,-0.648565,-0.00575959,0,0
-2.59398,-0.00879097,-0.0109901,-0.648565,0.000523599,0,0
-2.59379,-0.00879097,-0.0109901,-0.648565,-0.00366519,0,0
-2.59379,-0.00879097,-0.0329666,-0.648565,-0.002618,0,0
-2.59388,-0.00293064,0.0109901,-0.648565,0.00471239,0,0
-2.59388,-0.00293064,-0.0109901,-0.648565,0.00366519,0,0
-2.59379,-0.00293064,-0.0329666,-0.648565,-0.00680679,0,0
-2.59398,-0.00293064,-0.0109901,-0.648565,-0.0015708,0,0
-2.59398,-0.00293064,0.0109901,-0.648565,-0.000349066,0,0
-2.59398,-0.00879097,-0.0109901,-0.648565,0.00366519,0,0
-2.59379,-0.0146523,-0.0329666,-0.648565,0.002618,0,0
-2.59388,-0.0146523,-0.0109901,-0.648565,-0.00890118,0,0
-2.59398,-0.0146523,-0.0109901,-0.648565,0.000523599,0,0
-2.59388,-0.0146523,-0.0109901,-0.648565,0.00575959,0,0
-2.59398,-0.00293064,-0.0109901,-0.648565,0.000523599,0,0
-2.59379,-0.00293064,-0.0329666,-0.648565,0.0015708,0,0
-2.59388,-0.00293064,-0.0329666,-0.648565,0.002618,0,0
-2.59398,-0.00879097,-0.0109901,-0.648565,-0.0015708,0,0
-2.59398,-0.00879097,-0.0109901,-0.648565,-0.00471239,0,0
-2.59388,-0.00879097,-0.0109901,-0.648565,0.00680679,0,0
-2.59388,-0.00879097,-0.0109901,-0.648565,-0.002618,0,0
-2.59379,-0.00293064,-0.0329666,-0.648565,-0.002618,0,0
-2.59379,-0.00293064,-0.0109901,-0.648565,0.00366519,0,0
-2.59398,0.00293064,0.0109901,-0.648565,0.002618,0,0
-2.59398,0.00293064,0.0109901,-0.648565,-0.002618,0,0
-2.59388,0.00293064,-0.0109901,-0.648565,-0.00680679,0,0
-2.59398,0.00293064,0.0109901,-0.648565,-0.000349066,0,0
-2.59379,0.00293064,-0.0329666,-0.648565,0.00471239,0,0
-2.59379,-0.00293064,-0.0329666,-0.648565,0.00785398,0,0
-2.59388,-0.00879097,-0.0329666,-0.648565,0.00907572,0,0
-2.59398,-0.00879097,0.0109901,-0.648565,-0.00471239,0,0
-2.59388,-0.00879097,-0.0109901,-0.648565,-0.000349066,0,0
-2.59388,-0.00879097,-0.0109901,-0.648565,0.002618,0,0
-2.59379,-0.00879097,-0.0109901,-0.648565,0.0015708,0,0
-2.59398,-0.00879097,0.0109901,-0.648565,-0.002618,0,0
-2.59388,-0.00293064,-0.0109901,-0.648565,-0.00890118,0,0
-2.59388,-0.00293064,-0.0109901,-0.648565,-0.002618,0,0
-2.59379,0.00293064,-0.0109901,-0.648565,0.0015708,0,0
-2.59398,0.00293064,-0.0109901,-0.648565,0.000523599,0,0
-2.59379,0.00293064,-0.0329666,-0.648565,-0.00471239,0,0
-2.59388,-0.00293064,0.0109901,-0.648565,-0.002618,0,0
-2.59379,-0.00293064,-0.0329666,-0.648565,0.0015708,0,0
-2.59398,-0.00293064,-0.0109901,-0.648565,0.00471239,0,0
-2.59388,-0.00879097,-0.0109901,-0.648565,0.0122173,0,0
-2.59398,-0.00879097,0.0109901,-0.648565,0.000523599,0,0
-2.59388,-0.00879097,-0.0109901,-0.648565,-0.0122173,0,0
-2.59398,-0.00293064,0.0109901,-0.648565,-0.00680679,0,0
-2.59388,-0.00293064,-0.0109901,-0.648565,0.002618,0,0
-2.59398,-0.00293064,0.0109901,-0.648565,-0.00575959,0,0
-2.59379,-0.00293064,-0.0109901,-0.648565,-0.00366519,0,0
-2.59398,-0.00293064,-0.0109901,-0.648565,0.00471239,0,0
-2.59379,-0.00293064,-0.0329666,-0.648565,-0.00680679,0,0
-2.59388,-0.00293064,-0.0109901,-0.648565,-0.000349066,0,0
-2.59398,-0.00293064,0.0109901,-0.648565,0.0015708,0,0
-2.59398,-0.00293064,0.0109901,-0.648565,0.0015708,0,0
-2.59379,-0.00293064,0.0109901,-0.648565,-0.000349066,0,0
-2.59379,-0.00879097,-0.0329666,-0.648565,-0.000349066,0,0
-2.59379,-0.00879097,-0.0109901,-0.648565,-0.000349066,0,0
-2.59398,-0.00879097,0.0109901,-0.648565,0.0015708,0,0
-2.59388,-0.00879097,-0.0329666,-0.648565,-0.00471239,0,0
-2.59398,-0.00879097,0.0109901,-0.648565,-0.00575959,0,0
-2.59388,-0.00879097,0.0109901,-0.648565,0.00471239,0,0
-2.59388,-0.00879097,-0.0549469,-0.648565,0.00471239,0,0
-2.59388,0.00293064,-0.0109901,-0.648565,-0.00366519,0,0
-2.59379,0.00293064,-0.0109901,-0.648565,-0.0015708,0,0
-2.59379,-0.00293064,-0.0109901,-0.648565,0.00471239,0,0
-2.59379,-0.00293064,-0.0329666,-0.648565,0.002618,0,0
-2.59398,-0.00293064,0.0109901,-0.648565,-0.00575959,0,0
-2.59379,-0.00879097,-0.0329666,-0.648565,0.00907572,0,0
-2.59388,-0.0146523,-0.0109901,-0.648565,-0.002618,0,0
-2.59388,-0.0146523,-0.0109901,-0.648565,-0.002618,0,0
-2.59388,-0.00879097,-0.0109901,-0.648565,-0.00471239,0,0
-2.59398,-0.00879097,0.0109901,-0.648565,-0.000349066,0,0
-2.59398,-0.00293064,0.0109901,-0.648565,0.00785398,0,0
-2.59388,0.00293064,-0.0329666,-0.648565,0.00366519,0,0
-2.59398,0.00293064,-0.0109901,-0.648565,-0.00471239,0,0
-2.59379,0.00293064,-0.0329666,-0.648565,0.0111701,0,0
-2.59379,0.00293064,-0.0329666,-0.648565,0.00366519,0,0
-2.59398,0.00293064,-0.0109901,-0.648565,-0.002618,0,0
-2.59379,0.00293064,0.0109901,-0.648565,0.000523599,0,0
-2.59388,-0.00879097,-0.0109901,-0.648565,0.002618,0,0
-2.59398,-0.0146523,-0.0109901,-0.648565,0.00471239,0,0
-2.59388,-0.0205126,0.0109901,-0.648565,-0.00471239,0,0
