yaw_angle_raw,yaw_torque_raw,yaw_vel_motor,yaw_angle_imu,yaw_vel_imu,target_torque,target_velocity
3.08097,0.0205126,0.0109901,-2.79218,-0.00366519,0,0
3.08107,0.0263739,-0.0109901,-2.79218,-0.00366519,0,0
3.08116,0.0263739,-0.0329666,-2.79218,0.00575959,0,0
3.08097,0.0263739,-0.0109901,-2.79218,0.00366519,0,0
3.08107,0.0146523,-0.0329666,-2.79218,-0.000349066,0,0
3.08126,0.0205126,-0.0329666,-2.79218,-0.0015708,0,0
3.08107,0.0205126,-0.0109901,-2.79218,0.0015708,0,0
3.08126,0.0205126,-0.0329666,-2.79218,0.00366519,0,0
3.08107,0.0263739,-0.0329666,-2.79218,0.002618,0,0
3.08097,0.0322342,0.0109901,-2.79218,0.000523599,0,0
3.08107,0.0322342,-0.0109901,-2.79218,-0.0015708,0,0
3.08107,0.0263739,-0.0109901,-2.79218,0.00680679,0,0
3.08126,0.0205126,-0.0329666,-2.79218,0.00575959,0,0
3.08107,0.0263739,-0.0329666,-2.79218,0.000523599,0,0
3.08107,0.0263739,0.0109901,-2.79218,0.0015708,0,0
3.08116,0.0146523,-0.0329666,-2.79218,0.00680679,0,0
3.08116,0.0205126,-0.0109901,-2.79218,-0.00680679,0,0
3.08107,0.0146523,0.0109901,-2.79218,-0.00890118,0,0
3.08107,0.0146523,-0.0109901,-2.79218,-0.00680679,0,0
3.08107,0.0146523,-0.0329666,-2.79218,0.000523599,0,0
3.08107,0.0146523,-0.0109901,-2.79218,0.000523599,0,0
3.08097,0.0146523,-0.0109901,-2.79218,0.000523599,0,0
3.08107,0.0146523,-0.0109901,-2.79218,-0.000349066,0,0
3.08116,0.0205126,-0.0549469,-2.79218,-0.00471239,0,0
3.08097,0.0205126,0.0109901,-2.79218,0.0015708,0,0
3.08116,0.0205126,-0.0329666,-2.79218,0.0015708,0,0
3.08116,0.0205126,-0.0329666,-2.79218,0.0015708,0,0
3.08107,0.0205126,0.0109901,-2.79218,0.0015708,0,0
3.08097,0.0205126,0.0109901,-2.79218,-0.000349066,0,0
3.08107,0.0205126,-0.0329666,-2.79218,0.0015708,0,0
3.08107,0.0205126,-0.0109901,-2.79218,0.00366519,0,0
3.08107,0.0205126,-0.0109901,-2.79218,-0.000349066,0,0
3.08107,0.0205126,-0.0329666,-2.79218,0.002618,0,0
3.08116,0.0146523,-0.0109901,-2.79218,0.00907572,0,0
3.08107,0.0205126,-0.0109901,-2.79218,0.0015708,0,0
3.08107,0.0205126,-0.0109901,-2.79218,-0.00785398,0,0
3.08107,0.0205126,0.0109901,-2.79218,0.0101229,0,0
3.08107,0.0205126,-0.0109901,-2.79218,0.0111701,0,0
3.08097,0.0263739,0.0109901,-2.79218,-0.00890118,0,0
3.08107,0.0263739,-0.0109901,-2.79218,-0.00680679,0,0
3.08107,0.0263739,-0.0109901,-2.79218,-0.0015708,0,0
3.08107,0.0263739,-0.0329666,-2.79218,0.00575959,0,0
3.08107,0.0263739,-0.0109901,-2.79218,0.0143117,0,0
3.08116,0.0205126,-0.0109901,-2.79218,0.00680679,0,0
3.08107,0.0205126,-0.0109901,-2.79218,-0.00680679,0,0
3.08107,0.0205126,-0.0329666,-2.79218,-0.00575959,0,0
3.08107,0.0146523,-0.0109901,-2.79218,-0.0015708,0,0
3.08107,0.00879097,0.0109901,-2.79218,0.00366519,0,0
3.08116,0.00879097,-0.0329666,-2.79218,0.00471239,0,0
3.08107,0.0146523,-0.0109901,-2.79218,0.00366519,0,0
3.08107,0.0205126,-0.0109901,-2.79218,0.0015708,0,0
3.08126,0.0205126,-0.0329666,-2.792,0.00471239,0,0
3.08097,0.0263739,0.0109901,-2.792,0.002618,0,0
3.08097,0.0263739,-0.0109901,-2.79218,-0.00680679,0,0
3.08116,0.0263739,-0.0329666,-2.79218,0.000523599,0,0
3.08107,0.0322342,0.0109901,-2.792,0.002618,0,0
3.08126,0.0322342,-0.0329666,-2.792,0.00575959,0,0
3.08116,0.0205126,-0.0329666,-2.792,0.00471239,0,0
3.08107,0.0205126,-0.0109901,-2.792,-0.00366519,0,0
3.08107,0.0263739,-0.0329666,-2.792,0.00366519,0,0
3.08097,0.0205126,0.0109901,-2.792,0.00471239,0,0
3.08107,0.0146523,-0.0109901,-2.792,-0.002618,0,0
3.08107,0.0146523,-0.0109901,-2.792,-0.00366519,0,0
3.08107,0.0205126,-0.0109901,-2.792,0.00366519,0,0
3.08097,0.0205126,0.0109901,-2.792,0.002618,0,0
3.08107,0.0205126,-0.0329666,-2.792,-0.002618,0,0
3.08107,0.0205126,-0.0109901,-2.792,-0.00471239,0,0
3.08107,0.0263739,-0.0109901,-2.792,0.002618,0,0
3.08107,0.0263739,-0.0109901,-2.792,-0.002618,0,0
3.08107,0.0263739,-0.0109901,-2.792,-0.00994838,0,0
3.08107,0.0263739,-0.0109901,-2.792,0.002618,0,0
3.08088,0.0263739,0.0329666,-2.792,0.00471239,0,0
3.08107,0.0205126,-0.0329666,-2.792,-0.000349066,0,0
3.08107,0.0205126,-0.0329666,-2.792,-0.00785398,0,0
3.08107,0.0205126,-0.0329666,-2.79218,-0.002618,0,0
3.08107,0.0205126,-0.0329666,-2.79218,-0.002618,0,0
3.08107,0.0146523,0.0109901,-2.79218,0.000523599,0,0
3.08107,0.0205126,-0.0109901,-2.79218,0.002618,0,0
3.08107,0.0205126,0.0109901,-2.792,0.00575959,0,0
3.08107,0.0205126,-0.0329666,-2.792,0.00366519,0,0
3.08107,0.0146523,-0.0109901,-2.792,-0.002618,0,0
3.08107,0.0205126,-0.0109901,-2.792,-0.00471239,0,0
3.08116,0.0205126,-0.0329666,-2.792,0.00471239,0,0
3.08097,0.0263739,0.0109901,-2.792,0.0015708,0,0
3.08107,0.0205126,-0.0329666,-2.792,-0.002618,0,0
3.08097,0.0263739,0.0109901,-2.792,0.00680679,0,0
3.08107,0.0205126,-0.0109901,-2.792,0.000523599,0,0
3.08107,0.0205126,-0.0329666,-2.792,-0.00785398,0,0
3.08107,0.0205126,-0.0109901,-2.792,0.0015708,0,0
3.08116,0.0263739,-0.0329666,-2.792,0.0122173,0,0
3.08116,0.0263739,-0.0329666,-2.792,0.002618,0,0
3.08107,0.0205126,0.0109901,-2.792,0.000523599,0,0
3.08107,0.0205126,-0.0109901,-2.792,-0.00994838,0,0
3.08107,0.0205126,0.0109901,-2.792,-0.00575959,0,0
3.08097,0.0205126,0.0329666,-2.792,0.002618,0,0
3.08107,0.0263739,-0.0109901,-2.792,0.00471239,0,0
3.08107,0.0263739,-0.0109901,-2.792,0.002618,0,0
3.08097,0.0322342,0.0109901,-2.792,0.0015708,0,0
3.08116,0.0263739,-0.0109901,-2.792,0.0111701,0,0
3.08107,0.0263739,-0.0329666,-2.792,0.00366519,0,0
3.08097,0.0322342,-0.0109901,-2.792,-0.00680679,0,0
3.08107,0.0322342,-0.0109901,-2.792,-0.00366519,0,0
3.08107,0.0263739,-0.0109901,-2.792,-0.00680679,0,0
3.08107,0.0263739,-0.0109901,-2.792,-0.002618,0,0
3.08107,0.0205126,-0.0109901,-2.792,0.00471239,0,0
3.08097,0.0146523,0.0109901,-2.792,0.00366519,0,0
3.08107,0.0146523,0.0109901,-2.792,0.0015708,0,0
3.08116,0.0205126,-0.0329666,-2.792,0.0015708,0,0
3.08116,0.0263739,-0.0329666,-2.792,0.000523599,0,0
3.08107,0.0205126,0.0109901,-2.792,-0.0015708,0,0
3.08107,0.0263739,0.0109901,-2.792,-0.00471239,0,0
3.08107,0.0205126,-0.0109901,-2.792,-0.0015708,0,0
3.08097,0.0263739,0.0109901,-2.792,0.00785398,0,0
3.08116,0.0263739,-0.0329666,-2.792,0.00575959,0,0
3.08116,0.0263739,-0.0109901,-2.792,-0.00366519,0,0
3.08107,0.0263739,-0.0329666,-2.792,-0.002618,0,0
3.08107,0.00879097,-0.0109901,-2.792,0.0015708,0,0
3.08107,0.0146523,-0.0109901,-2.792,0.00785398,0,0
3.08107,0.0205126,-0.0329666,-2.792,-0.002618,0,0
3.08107,0.0205126,-0.0109901,-2.792,-0.00994838,0,0
3.08116,0.0205126,-0.0329666,-2.792,-0.00575959,0,0
3.08116,0.0263739,-0.0109901,-2.792,0.00785398,0,0
3.08116,0.0263739,-0.0329666,-2.792,-0.000349066,0,0
3.08097,0.0263739,0.0109901,-2.792,0.00366519,0,0
3.08097,0.0205126,-0.0109901,-2.792,0.00680679,0,0
3.08107,0.0205126,-0.0329666,-2.792,0.000523599,0,0
3.08107,0.0146523,0.0109901,-2.792,0.002618,0,0
3.08116,0.0146523,-0.0329666,-2.792,-0.000349066,0,0
3.08116,0.0146523,-0.0109901,-2.792,0.00366519,0,0
3.08116,0.0146523,-0.0109901,-2.792,-0.000349066,0,0
3.08126,0.0146523,-0.0549469,-2.792,-0.0153589,0,0
3.08116,0.0205126,0.0109901,-2.792,0.0015708,0,0
3.08097,0.0263739,0.0329666,-2.792,0.00907572,0,0
3.08116,0.0263739,-0.0109901,-2.792,0.0015708,0,0
3.08107,0.0263739,0.0109901,-2.792,-0.00680679,0,0
3.08116,0.0263739,-0.0329666,-2.792,-0.00890118,0,0
3.08126,0.0263739,-0.0109901,-2.792,0.00785398,0,0
3.08107,0.0263739,0.0109901,-2.792,0.00471239,0,0
3.08097,0.0263739,0.0109901,-2.792,-0.00575959,0,0
3.08116,0.0205126,-0.0109901,-2.792,-0.002618,0,0
3.08116,0.0146523,-0.0109901,-2.792,-0.002618,0,0
3.08107,0.0146523,-0.0109901,-2.792,0.000523599,0,0
3.08116,0.0146523,-0.0109901,-2.792,-0.00471239,0,0
3.08107,0.0146523,0.0109901,-2.792,-0.00994838,0,0
3.08097,0.0205126,-0.0109901,-2.792,0.00575959,0,0
3.08116,0.0263739,-0.0329666,-2.792,0.002618,0,0
3.08116,0.0205126,-0.0109901,-2.792,-0.00366519,0,0
3.08107,0.0263739,-0.0109901,-2.792,-0.0015708,0,0
3.08107,0.0263739,-0.0109901,-2.792,0.00575959,0,0
3.08107,0.0263739,-0.0109901,-2.792,-0.00575959,0,0
3.08107,0.0205126,-0.0109901,-2.792,-0.00366519,0,0
3.08107,0.0205126,-0.0109901,-2.792,0.000523599,0,0
3.08107,0.0146523,0.0109901,-2.792,0.002618,0,0
3.08107,0.0146523,0.0109901,-2.792,-0.002618,0,0
3.08107,0.0146523,-0.0109901,-2.792,0.000523599,0,0
3.08107,0.0146523,-0.0109901,-2.792,0.00471239,0,0
3.08116,0.00879097,-0.0329666,-2.792,0.00471239,0,0
3.08097,0.00879097,0.0109901,-2.792,-0.00680679,0,0
3.08107,0.0146523,-0.0109901,-2.792,-0.00785398,0,0
3.08107,0.0146523,-0.0109901,-2.792,-0.000349066,0,0
3.08107,0.00879097,-0.0109901,-2.792,0.00471239,0,0
3.08107,0.00293064,0.0109901,-2.792,-0.0015708,0,0
3.08126,0.0146523,-0.0329666,-2.792,-0.0015708,0,0
3.08107,0.0205126,-0.0109901,-2.792,0.002618,0,0
3.08116,0.0205126,-0.0109901,-2.792,0.000523599,0,0
3.08088,0.0263739,0.0329666,-2.792,-0.00785398,0,0
3.08107,0.0263739,-0.0109901,-2.792,0.000523599,0,0
3.08088,0.0322342,-0.0109901,-2.792,0.000523599,0,0
3.08107,0.0263739,-0.0109901,-2.792,-0.000349066,0,0
3.08107,0.0205126,-0.0109901,-2.792,-0.002618,0,0
3.08097,0.0263739,-0.0109901,-2.792,-0.002618,0,0
3.08107,0.0263739,-0.0109901,-2.792,0.002618,0,0
3.08107,0.0205126,-0.0109901,-2.792,0.002618,0,0
3.08116,0.0146523,-0.0109901,-2.792,0.002618,0,0
3.08116,0.0146523,-0.0329666,-2.792,-0.00366519,0,0
3.08126,0.0146523,-0.0329666,-2.792,-0.00366519,0,0
3.08107,0.0146523,-0.0109901,-2.792,-0.002618,0,0
3.08107,0.0205126,0.0109901,-2.792,0.0101229,0,0
3.08097,0.0322342,0.0109901,-2.792,-0.002618,0,0
3.08107,0.0322342,-0.0109901,-2.792,-0.00680679,0,0
3.08126,0.0322342,-0.0329666,-2.792,-0.000349066,0,0
3.08107,0.0322342,-0.0329666,-2.792,0.00366519,0,0
3.08107,0.0322342,0.0109901,-2.792,-0.002618,0,0
3.08107,0.0322342,-0.0109901,-2.792,-0.0015708,0,0
3.08107,0.0322342,-0.0109901,-2.792,0.00471239,0,0
3.08107,0.0322342,-0.0109901,-2.792,-0.00471239,0,0
3.08107,0.0322342,-0.0109901,-2.792,0.002618,0,0
3.08088,0.0205126,0.0109901,-2.79218,-0.00785398,0,0
3.08116,0.0205126,-0.0109901,-2.79218,-0.000349066,0,0
3.08097,0.0146523,-0.0109901,-2.792,0.00366519,0,0
3.08107,0.0146523,-0.0109901,-2.792,-0.0015708,0,0
3.08107,0.0205126,-0.0329666,-2.79218,-0.00575959,0,0
3.08107,0.0263739,0.0109901,-2.79218,0.002618,0,0
3.08107,0.0146523,0.0109901,-2.792,0.0122173,0,0
3.08107,0.0205126,-0.0109901,-2.792,0.00575959,0,0
3.08107,0.0205126,-0.0109901,-2.792,0.00366519,0,0
3.08097,0.0205126,-0.0109901,-2.792,-0.000349066,0,0
3.08107,0.0205126,-0.0109901,-2.792,-0.00785398,0,0
3.08107,0.0205126,-0.0329666,-2.792,-0.00680679,0,0
3.08107,0.0205126,-0.0109901,-2.792,0.00471239,0,0
3.08107,0.0205126,-0.0109901,-2.792,0.00575959,0,0
3.08107,0.0205126,-0.0109901,-2.792,0.002618,0,0
3.08116,0.0205126,-0.0329666,-2.792,0.000523599,0,0
3.08107,0.0205126,-0.0329666,-2.792,0.00471239,0,0
3.08107,0.0205126,-0.0109901,-2.792,0.000523599,0,0
3.08107,0.0205126,-0.0109901,-2.792,-0.00471239,0,0
3.08107,0.0205126,-0.0109901,-2.792,0.000523599,0,0
3.08107,0.0263739,-0.0109901,-2.792,-0.00366519,0,0
3.08116,0.0263739,-0.0109901,-2.792,-0.0015708,0,0
3.08107,0.0263739,0.0109901,-2.792,0.00575959,0,0
3.08116,0.0263739,-0.0329666,-2.792,0.00680679,0,0
3.08116,0.0263739,-0.0329666,-2.792,0.00680679,0,0
3.08116,0.0146523,-0.0109901,-2.792,0.000523599,0,0
3.08107,0.00293064,0.0109901,-2.792,-0.002618,0,0
3.08116,0.00293064,-0.0329666,-2.792,-0.00575959,0,0
3.08116,0.00293064,-0.0109901,-2.792,0.000523599,0,0
3.08107,-0.00293064,0.0109901,-2.792,-0.002618,0,0
3.08126,0.00293064,-0.0329666,-2.792,0.002618,0,0
3.08126,0.00293064,-0.0109901,-2.792,0.00471239,0,0
3.08126,0.00293064,-0.0109901,-2.792,0.0122173,0,0
3.08116,0.00879097,-0.0109901,-2.792,0.0174533,0,0
3.08145,0.00879097,-0.0549469,-2.792,0.0111701,0,0
3.08145,0.00293064,-0.0329666,-2.792,0.00366519,0,0
3.08145,-0.00293064,-0.0109901,-2.79183,0.0122173,0,0
3.08145,-0.00293064,-0.0329666,-2.79183,0.0111701,0,0
3.08145,-0.00879097,-0.0329666,-2.79183,0.00471239,0,0
3.08145,-0.00879097,-0.0109901,-2.79183,0.0111701,0,0
3.08155,-0.00879097,-0.0329666,-2.79183,0.0122173,0,0
3.08164,-0.00879097,-0.0549469,-2.79183,0.0143117,0,0
3.08155,-0.0146523,-0.0109901,-2.79183,0.0015708,0,0
3.08164,-0.0146523,-0.0109901,-2.79183,-0.0143117,0,0
3.08155,-0.0146523,-0.0109901,-2.79183,-0.023911,0,0
3.08145,-0.0146523,0.0109901,-2.792,-0.0376991,0,0
3.08116,-0.0146523,0.0329666,-2.792,-0.0408407,0,0
3.08126,-0.0146523,0.0109901,-2.79218,-0.0312414,0,0
3.08097,-0.00879097,0.0549469,-2.79218,-0.0228638,0,0
3.08088,-0.00879097,0.0549469,-2.79218,-0.0132645,0,0
3.08107,0.00293064,0.0109901,-2.79218,0.00366519,0,0
3.08088,0.00293064,0.0329666,-2.79218,0.0101229,0,0
3.08088,0.00293064,0.0109901,-2.79218,-0.00366519,0,0
3.08088,0.00879097,0.0109901,-2.79218,-0.00890118,0,0
3.08107,0.00293064,-0.0109901,-2.79218,-0.00890118,0,0
3.08088,-0.00293064,0.0109901,-2.79218,-0.00890118,0,0
3.08097,-0.00879097,-0.0109901,-2.79235,-0.00785398,0,0
3.08088,-0.0146523,0.0109901,-2.79235,-0.0164061,0,0
3.08088,-0.0205126,-0.0329666,-2.79235,-0.0132645,0,0
3.08078,-0.0146523,0.0109901,-2.79235,-0.0132645,0,0
3.08078,-0.0205126,0.0109901,-2.79235,-0.0228638,0,0
3.08078,-0.0205126,-0.0109901,-2.79253,-0.0335103,0,0
3.08068,-0.0146523,0.0109901,-2.79253,-0.0216421,0,0
3.08068,-0.0146523,-0.0109901,-2.79253,-0.00471239,0,0
3.08059,-0.00293064,0.0109901,-2.79253,-0.00994838,0,0
3.08049,-0.00293064,0.0329666,-2.79253,-0.0132645,0,0
3.08059,0.00293064,-0.0109901,-2.79253,-0.00785398,0,0
3.08068,0.00879097,-0.0109901,-2.7927,-0.00994838,0,0
3.08068,0.00293064,-0.0329666,-2.7927,-0.00366519,0,0
3.08068,-0.00293064,-0.0329666,-2.7927,-0.002618,0,0
3.08059,-0.00879097,0.0109901,-2.7927,-0.0015708,0,0
3.08059,-0.00879097,-0.0109901,-2.7927,-0.0109956,0,0
3.08068,-0.0146523,-0.0329666,-2.7927,-0.0164061,0,0
3.08049,-0.00879097,0.0109901,-2.7927,-0.0164061,0,0
3.08068,-0.00879097,-0.0109901,-2.7927,-0.0132645,0,0
3.08049,-0.00293064,0.0109901,-2.7927,-0.0205949,0,0
3.08068,-0.00293064,-0.0109901,-2.79288,-0.0205949,0,0
3.08068,-0.00293064,-0.0329666,-2.79288,-0.0122173,0,0
3.08068,-0.00879097,-0.0109901,-2.79288,-0.00680679,0,0
3.08059,-0.00879097,0.0109901,-2.79288,-0.0015708,0,0
3.08078,-0.00293064,-0.0329666,-2.79288,0.00471239,0,0
3.08078,-0.00293064,-0.0329666,-2.79288,-0.002618,0,0
3.08068,-0.00879097,-0.0109901,-2.79288,-0.002618,0,0
3.08068,-0.00879097,-0.0109901,-2.79288,-0.0015708,0,0
3.08068,-0.00879097,-0.0109901,-2.79288,-0.0132645,0,0
3.08068,-0.00879097,-0.0109901,-2.79288,-0.00994838,0,0
3.08059,-0.00879097,0.0109901,-2.79288,-0.00471239,0,0
3.08059,-0.00293064,-0.0109901,-2.79288,-0.0153589,0,0
3.08059,-0.00293064,-0.0109901,-2.79288,-0.0153589,0,0
3.08049,-0.00293064,0.0109901,-2.79305,-0.0153589,0,0
3.0804,-0.00293064,0.0109901,-2.79305,-0.0132645,0,0
3.08049,0.00293064,-0.0109901,-2.79305,-0.000349066,0,0
3.08049,0.00879097,-0.0329666,-2.79305,0.00680679,0,0
3.08049,0.00293064,-0.0109901,-2.79305,-0.00366519,0,0
3.0803,0.00293064,-0.0109901,-2.79305,0.00366519,0,0
3.0803,0.00293064,-0.0109901,-2.79305,0.0122173,0,0
3.0804,0.00293064,-0.0109901,-2.79288,0.00575959,0,0
3.08049,0.00293064,-0.0549469,-2.79305,-0.0015708,0,0
3.08049,0.00293064,-0.0329666,-2.79305,0.0015708,0,0
3.08049,0.00293064,-0.0109901,-2.79288,0.0174533,0,0
3.0804,-0.00293064,-0.0109901,-2.79288,0.0228638,0,0
3.08049,-0.00879097,-0.0329666,-2.79288,0.0174533,0,0
3.08049,-0.00879097,-0.0109901,-2.79288,0.0143117,0,0
3.08049,-0.0146523,-0.0109901,-2.79288,0.00366519,0,0
3.08059,-0.0146523,-0.0329666,-2.79288,-0.00366519,0,0
3.08049,-0.0146523,-0.0109901,-2.79288,-0.00785398,0,0
3.08049,-0.00879097,-0.0109901,-2.79288,-0.00785398,0,0
3.08049,-0.00293064,-0.0109901,-2.79288,0.0015708,0,0
3.08059,-0.00293064,-0.0329666,-2.79288,0.0164061,0,0
3.08049,0.00293064,-0.0109901,-2.7927,0.0197222,0,0
3.08068,0.00293064,-0.0549469,-2.7927,0.0270526,0,0
3.08068,0.00293064,-0.0329666,-2.7927,0.0249582,0,0
3.08088,0.00293064,-0.0329666,-2.7927,0.0111701,0,0
3.08078,0.00293064,-0.0329666,-2.79253,0.0101229,0,0
3.08088,0.00293064,-0.0329666,-2.79253,0.002618,0,0
3.08078,-0.00293064,-0.0109901,-2.7927,-0.0143117,0,0
3.08078,-0.00293064,-0.0329666,-2.7927,-0.0205949,0,0
3.08088,-0.00293064,-0.0109901,-2.7927,-0.0109956,0,0
3.08078,-0.00293064,0.0109901,-2.7927,-0.00575959,0,0
3.08088,-0.00293064,-0.0329666,-2.7927,-0.000349066,0,0
3.08068,-0.00293064,0.0109901,-2.7927,-0.00471239,0,0
3.08088,-0.00293064,-0.0329666,-2.7927,0.002618,0,0
3.08088,-0.00293064,-0.0109901,-2.7927,-0.002618,0,0
3.08088,-0.00293064,-0.0109901,-2.7927,-0.0015708,0,0
3.08088,-0.00879097,-0.0109901,-2.7927,-0.00366519,0,0
3.08088,-0.00879097,-0.0549469,-2.7927,0.0015708,0,0
3.08107,-0.0205126,-0.0329666,-2.7927,0.00785398,0,0
3.08097,-0.0205126,-0.0329666,-2.7927,-0.002618,0,0
3.08097,-0.0205126,-0.0109901,-2.7927,-0.00471239,0,0
3.08107,-0.0205126,-0.0329666,-2.7927,-0.00366519,0,0
3.08107,-0.0205126,-0.0109901,-2.7927,-0.0122173,0,0
3.08107,-0.0205126,-0.0109901,-2.7927,-0.0164061,0,0
3.08107,-0.0205126,-0.0109901,-2.79288,-0.023911,0,0
3.08088,-0.0146523,0.0329666,-2.79288,-0.0249582,0,0
3.08097,-0.00879097,0.0109901,-2.79288,-0.0185005,0,0
3.08097,-0.00879097,-0.0109901,-2.79288,-0.002618,0,0
3.08078,-0.00293064,0.0109901,-2.79288,-0.000349066,0,0
3.08088,-0.00879097,0.0109901,-2.79288,0.000523599,0,0
3.08078,-0.00879097,0.0329666,-2.79288,0.000523599,0,0
3.08088,-0.00293064,0.0109901,-2.79288,-0.00575959,0,0
3.08088,-0.00293064,-0.0109901,-2.79288,-0.00680679,0,0
3.08088,0.00293064,-0.0109901,-2.79305,-0.0109956,0,0
3.08068,-0.00293064,-0.0109901,-2.79305,-0.00785398,0,0
3.08078,-0.00293064,-0.0109901,-2.79305,-0.00366519,0,0
3.08068,-0.00293064,-0.0109901,-2.79305,-0.00471239,0,0
3.08078,-0.00293064,-0.0109901,-2.79305,-0.00785398,0,0
3.08088,-0.00879097,-0.0109901,-2.79305,-0.0143117,0,0
3.08068,-0.00879097,0.0109901,-2.79305,-0.00471239,0,0
3.08088,-0.00293064,-0.0329666,-2.79305,0.0015708,0,0
3.08088,-0.00879097,-0.0329666,-2.79305,-0.00366519,0,0
3.08078,-0.0146523,-0.0549469,-2.79305,-0.00890118,0,0
3.08078,-0.00879097,-0.0109901,-2.79305,-0.00994838,0,0
3.08088,-0.0146523,-0.0329666,-2.79305,-0.00890118,0,0
3.08088,-0.0205126,0.0109901,-2.79323,-0.0109956,0,0
3.08088,-0.0205126,-0.0109901,-2.79323,-0.0174533,0,0
3.08068,-0.0146523,0.0109901,-2.79323,-0.0153589,0,0
3.08068,-0.00879097,0.0109901,-2.79323,-0.0109956,0,0
3.08068,-0.00879097,0.0109901,-2.79323,-0.00785398,0,0
3.08068,-0.00293064,-0.0109901,-2.79323,-0.00994838,0,0
3.08078,-0.00293064,0.0109901,-2.7934,-0.0195477,0,0
3.08078,0.00293064,-0.0109901,-2.7934,-0.0174533,0,0
3.08088,-0.00293064,-0.0329666,-2.7934,-0.0164061,0,0
3.08088,-0.00293064,-0.0329666,-2.7934,-0.0174533,0,0
3.08088,-0.00293064,-0.0329666,-2.7934,-0.0164061,0,0
3.08088,-0.00293064,0.0109901,-2.7934,-0.0132645,0,0
3.08088,-0.00293064,-0.0109901,-2.79358,-0.00785398,0,0
3.08078,-0.00293064,0.0109901,-2.79358,-0.0122173,0,0
3.08078,-0.00293064,-0.0109901,-2.79358,-0.0122173,0,0
3.08088,0.00293064,0.0109901,-2.79358,-0.00785398,0,0
3.08088,0.00293064,-0.0109901,-2.79358,-0.0143117,0,0
3.08097,-0.00293064,-0.0109901,-2.79358,-0.0164061,0,0
3.08088,-0.00293064,-0.0109901,-2.79358,-0.0164061,0,0
3.08068,0.00293064,0.0109901,-2.79375,-0.0174533,0,0
3.08078,-0.00293064,-0.0109901,-2.79375,-0.0185005,0,0
3.08088,-0.00293064,-0.0329666,-2.79375,-0.0132645,0,0
3.08078,-0.00293064,0.0109901,-2.79375,-0.0109956,0,0
3.08088,-0.0146523,-0.0109901,-2.79375,-0.00890118,0,0
3.08088,-0.0146523,-0.0329666,-2.79375,-0.002618,0,0
3.08088,-0.00879097,0.0109901,-2.79375,-0.00575959,0,0
3.08068,-0.00879097,-0.0109901,-2.79375,-0.00680679,0,0
3.08088,-0.0146523,-0.0109901,-2.79375,-0.00785398,0,0
3.08097,-0.00879097,-0.0109901,-2.79392,-0.0164061,0,0
3.08088,-0.00879097,0.0329666,-2.79392,-0.0132645,0,0
3.08088,-0.00293064,-0.0329666,-2.79392,-0.00471239,0,0
3.08088,-0.00879097,0.0109901,-2.79392,-0.00471239,0,0
3.08088,-0.00879097,-0.0329666,-2.79392,-0.0122173,0,0
3.08068,-0.00293064,-0.0109901,-2.79392,-0.00994838,0,0
3.08088,0.00293064,-0.0109901,-2.79392,0.00907572,0,0
3.08088,0.00293064,-0.0109901,-2.79392,0.0101229,0,0
3.08068,0.00293064,-0.0109901,-2.79392,0.0015708,0,0
3.08088,-0.00293064,-0.0109901,-2.79392,-0.0015708,0,0
3.08088,-0.00879097,-0.0109901,-2.79392,-0.0015708,0,0
3.08088,-0.00879097,-0.0109901,-2.79392,-0.00366519,0,0
3.08088,-0.00879097,-0.0109901,-2.79392,0.0015708,0,0
3.08088,-0.00293064,-0.0329666,-2.79392,0.002618,0,0
3.08078,-0.00879097,-0.0109901,-2.79392,0.00471239,0,0
3.08078,-0.0146523,0.0109901,-2.79392,-0.0015708,0,0
3.08088,-0.00879097,-0.0109901,-2.79392,0.00575959,0,0
3.08088,-0.00293064,-0.0109901,-2.79392,0.0143117,0,0
3.08078,-0.00293064,-0.0109901,-2.79375,0.0101229,0,0
3.08088,0.00293064,-0.0329666,-2.79375,0.00366519,0,0
3.08088,0.00293064,0.0109901,-2.79375,0.00575959,0,0
3.08088,0.00293064,-0.0329666,-2.79375,0.0185005,0,0
3.08088,0.00293064,-0.0329666,-2.79375,0.00680679,0,0
3.08088,0.00293064,-0.0109901,-2.79375,-0.0015708,0,0
3.08088,-0.00293064,-0.0329666,-2.79375,-0.0015708,0,0
3.08088,-0.00879097,-0.0109901,-2.79375,-0.0015708,0,0
3.08068,-0.00879097,0.0109901,-2.79375,-0.00575959,0,0
3.08088,-0.0146523,0.0109901,-2.79375,-0.002618,0,0
3.08078,-0.0205126,0.0109901,-2.79375,0.0015708,0,0
3.08078,-0.0146523,-0.0109901,-2.79375,0.0015708,0,0
3.08078,-0.0146523,0.0109901,-2.79375,-0.00575959,0,0
3.08078,-0.00879097,0.0109901,-2.79375,-0.00366519,0,0
3.08088,-0.00879097,-0.0109901,-2.79375,-0.000349066,0,0
3.08078,-0.00879097,-0.0109901,-2.79375,0.0143117,0,0
3.08078,-0.00293064,-0.0109901,-2.79375,0.0101229,0,0
3.08078,0.00293064,0.0109901,-2.79375,-0.00890118,0,0
3.08068,0.00293064,-0.0109901,-2.79375,-0.0015708,0,0
3.08068,-0.00293064,0.0109901,-2.79375,0.002618,0,0
3.08078,-0.00293064,-0.0109901,-2.79375,-0.00471239,0,0
3.08088,-0.00293064,-0.0329666,-2.79375,-0.002618,0,0
3.08068,-0.00293064,0.0109901,-2.79375,0.000523599,0,0
3.08088,-0.00879097,-0.0329666,-2.79375,0.0015708,0,0
3.08088,-0.00879097,-0.0329666,-2.79375,0.000523599,0,0
3.08068,-0.0146523,0.0109901,-2.79375,-0.00366519,0,0
3.08068,-0.0146523,-0.0109901,-2.79375,-0.00890118,0,0
3.08088,-0.00293064,-0.0329666,-2.79392,-0.00890118,0,0
3.08078,-0.00293064,-0.0109901,-2.79392,-0.0122173,0,0
3.08068,-0.00293064,0.0109901,-2.79392,-0.002618,0,0
3.08068,0.00293064,0.0109901,-2.79392,0.000523599,0,0
3.08088,-0.00293064,-0.0329666,-2.79392,-0.00890118,0,0
3.08088,-0.00293064,-0.0329666,-2.79392,0.0015708,0,0
3.08088,-0.0146523,-0.0109901,-2.79392,0.000523599,0,0
3.08088,-0.0205126,-0.0109901,-2.79392,-0.0164061,0,0
3.08088,-0.0146523,-0.0109901,-2.79392,-0.0195477,0,0
3.08068,-0.00879097,0.0109901,-2.79392,-0.00785398,0,0
3.08088,-0.0146523,-0.0109901,-2.79392,-0.00994838,0,0
3.08088,-0.00879097,-0.0329666,-2.79392,-0.00785398,0,0
3.08068,-0.00879097,0.0109901,-2.79392,-0.00680679,0,0
3.08088,-0.00879097,-0.0109901,-2.7941,-0.00890118,0,0
3.08088,-0.00879097,-0.0109901,-2.7941,-0.00471239,0,0
3.08078,-0.00293064,0.0109901,-2.7941,-0.00890118,0,0
3.08068,-0.00293064,0.0109901,-2.7941,-0.0015708,0,0
3.08068,-0.00293064,0.0109901,-2.7941,-0.0132645,0,0
3.08078,-0.00293064,-0.0109901,-2.7941,-0.00680679,0,0
3.08068,-0.00293064,0.0329666,-2.7941,-0.0132645,0,0
3.08068,-0.00879097,-0.0329666,-2.7941,-0.0153589,0,0
3.08068,-0.0146523,-0.0109901,-2.7941,-0.00680679,0,0
3.08049,-0.0205126,0.0549469,-2.7941,-0.00471239,0,0
3.08068,-0.0146523,-0.0109901,-2.79427,-0.00471239,0,0
3.08059,-0.0146523,-0.0109901,-2.79427,-0.00890118,0,0
3.08068,-0.00879097,-0.0109901,-2.79427,-0.00785398,0,0
3.08049,-0.00879097,0.0109901,-2.79427,-0.000349066,0,0
3.08068,-0.00879097,-0.0109901,-2.79427,0.00471239,0,0
3.08049,-0.00879097,-0.0109901,-2.79427,-0.00994838,0,0
3.08059,-0.00879097,-0.0109901,-2.79427,-0.00575959,0,0
3.08059,-0.00293064,-0.0109901,-2.79427,0.0015708,0,0
3.08068,-0.00293064,-0.0109901,-2.79427,0.00785398,0,0
3.08068,-0.00879097,-0.0109901,-2.79427,0.00907572,0,0
3.08049,-0.00293064,-0.0109901,-2.79427,-0.002618,0,0
3.08049,-0.00293064,0.0109901,-2.79427,-0.000349066,0,0
3.08059,-0.00879097,-0.0109901,-2.79427,0.00366519,0,0
3.0804,-0.00879097,0.0109901,-2.79427,0.00575959,0,0
3.08049,-0.00293064,-0.0109901,-2.79427,0.00680679,0,0
3.08049,-0.00879097,-0.0329666,-2.7941,0.00471239,0,0
3.08059,-0.0146523,0.0109901,-2.79427,-0.0015708,0,0
3.08059,-0.0146523,-0.0329666,-2.7941,0.00471239,0,0
3.08049,-0.00879097,-0.0109901,-2.7941,0.00366519,0,0
3.08049,-0.0146523,0.0109901,-2.7941,0.00471239,0,0
3.08049,-0.00879097,0.0109901,-2.7941,0.0015708,0,0
3.08049,-0.00879097,-0.0109901,-2.7941,0.00680679,0,0
3.08049,-0.00293064,-0.0109901,-2.7941,0.00785398,0,0
3.08049,-0.00879097,-0.0109901,-2.7941,0.00785398,0,0
3.08049,-0.00293064,-0.0109901,-2.7941,0.0111701,0,0
3.08049,-0.00293064,-0.0109901,-2.7941,0.00785398,0,0
3.08049,-0.00293064,-0.0109901,-2.7941,0.00471239,0,0
3.08068,-0.00293064,-0.0329666,-2.7941,-0.002618,0,0
3.08068,-0.00293064,-0.0329666,-2.7941,-0.000349066,0,0
3.08068,-0.00293064,-0.0329666,-2.7941,-0.000349066,0,0
3.08049,-0.00879097,0.0329666,-2.7941,0.00471239,0,0
3.08068,-0.00879097,-0.0329666,-2.7941,-0.00680679,0,0
3.08059,-0.00879097,-0.0109901,-2.7941,-0.0153589,0,0
3.08068,-0.00879097,-0.0109901,-2.7941,-0.00471239,0,0
3.08068,-0.00293064,-0.0329666,-2.7941,-0.000349066,0,0
3.08049,-0.00293064,-0.0109901,-2.7941,0.00680679,0,0
3.08059,-0.00293064,-0.0109901,-2.7941,-0.00575959,0,0
3.08078,-0.00293064,-0.0329666,-2.7941,-0.00680679,0,0
3.08059,0.00293064,-0.0109901,-2.7941,-0.00471239,0,0
3.08059,0.00293064,0.0109901,-2.7941,-0.0015708,0,0
3.08068,-0.00293064,0.0109901,-2.7941,-0.00575959,0,0
3.08059,-0.00879097,0.0329666,-2.7941,-0.00994838,0,0
3.08059,-0.00879097,-0.0109901,-2.7941,-0.002618,0,0
3.08068,-0.00879097,-0.0109901,-2.7941,-0.00366519,0,0
3.08049,-0.0146523,0.0109901,-2.7941,-0.00366519,0,0
3.08049,-0.0146523,-0.0109901,-2.7941,0.000523599,0,0
3.08059,-0.00879097,-0.0109901,-2.7941,0.0015708,0,0
3.08059,-0.00293064,-0.0109901,-2.7941,-0.0015708,0,0
3.08068,0.00293064,-0.0109901,-2.7941,-0.00471239,0,0
3.08059,0.00293064,-0.0109901,-2.79427,-0.002618,0,0
3.08049,-0.00293064,-0.0109901,-2.79427,-0.000349066,0,0
3.08049,-0.00293064,-0.0109901,-2.7941,0.0015708,0,0
3.08049,-0.00293064,0.0109901,-2.7941,0.00575959,0,0
3.08059,-0.00293064,-0.0109901,-2.7941,0.00785398,0,0
3.08049,-0.00879097,0.0109901,-2.7941,0.002618,0,0
3.08068,-0.0146523,-0.0329666,-2.7941,0.00366519,0,0
3.08049,-0.00879097,-0.0109901,-2.7941,0.002618,0,0
3.08049,-0.00879097,-0.0109901,-2.7941,0.0015708,0,0
3.08049,-0.00293064,-0.0109901,-2.7941,0.00366519,0,0
3.08068,-0.00879097,-0.0329666,-2.7941,0.00575959,0,0
3.08068,-0.00879097,-0.0109901,-2.7941,-0.00994838,0,0
3.08059,-0.00293064,0.0109901,-2.7941,-0.0015708,0,0
3.08059,-0.00293064,0.0109901,-2.7941,-0.002618,0,0
3.0804,0.00293064,0.0109901,-2.7941,0.000523599,0,0
3.08068,0.00293064,-0.0329666,-2.7941,-0.00575959,0,0
3.08059,0.00293064,0.0109901,-2.7941,0.002618,0,0
3.08059,-0.00293064,-0.0329666,-2.7941,-0.0015708,0,0
3.08059,0.00293064,-0.0109901,-2.7941,-0.000349066,0,0
3.08059,0.00293064,-0.0109901,-2.7941,0.002618,0,0
3.08059,0.00293064,-0.0329666,-2.7941,-0.00785398,0,0
3.08049,0.00879097,0.0109901,-2.79427,-0.00785398,0,0
3.08068,0.00293064,-0.0329666,-2.79427,0.002618,0,0
3.08059,0.00879097,-0.0109901,-2.79427,-0.00366519,0,0
3.08059,0.00879097,0.0109901,-2.79427,-0.00890118,0,0
3.08049,0.00293064,0.0109901,-2.79427,0.000523599,0,0
3.08059,0.00293064,-0.0329666,-2.79427,-0.0015708,0,0
3.08059,0.00293064,-0.0109901,-2.79427,-0.00890118,0,0
3.08049,-0.00293064,-0.0109901,-2.79427,-0.000349066,0,0
3.08049,-0.00293064,0.0109901,-2.79427,-0.00575959,0,0
3.08049,0.00293064,-0.0109901,-2.79427,-0.0109956,0,0
3.08049,0.00293064,-0.0109901,-2.79427,-0.000349066,0,0
3.08049,-0.00293064,-0.0109901,-2.79427,0.00575959,0,0
3.08049,-0.00293064,0.0109901,-2.79427,0.0015708,0,0
3.08049,-0.00293064,-0.0329666,-2.79427,0.000523599,0,0
3.08068,-0.00879097,-0.0329666,-2.79427,-0.000349066,0,0
3.08059,-0.0146523,-0.0109901,-2.79427,-0.000349066,0,0
3.08059,-0.0205126,-0.0109901,-2.79427,-0.00680679,0,0
3.08049,-0.0205126,-0.0109901,-2.79427,-0.00366519,0,0
3.08049,-0.0205126,0.0109901,-2.79427,-0.0015708,0,0
3.08068,-0.0205126,-0.0329666,-2.79427,0.00471239,0,0
3.08049,-0.0146523,0.0109901,-2.79427,0.00680679,0,0
3.08059,-0.0205126,-0.0329666,-2.79427,0.00680679,0,0
3.08049,-0.0146523,-0.0329666,-2.79427,-0.000349066,0,0
3.08049,-0.00879097,0.0109901,-2.79427,-0.000349066,0,0
3.08068,-0.00293064,-0.0549469,-2.79427,-0.00680679,0,0
3.08049,-0.00293064,0.0109901,-2.79427,0.00366519,0,0
3.08068,0.00293064,-0.0329666,-2.79427,-0.00366519,0,0
3.08068,-0.00293064,-0.0109901,-2.79427,-0.0015708,0,0
3.08049,0.00293064,0.0109901,-2.79427,0.00366519,0,0
3.08049,0.00293064,0.0329666,-2.79427,0.00471239,0,0
3.08068,0.00293064,-0.0109901,-2.79427,0.00785398,0,0
3.08059,0.00293064,-0.0329666,-2.79427,0.0132645,0,0
3.0804,0.00293064,0.0109901,-2.79427,0.00471239,0,0
3.08049,-0.00293064,-0.0109901,-2.79427,0.000523599,0,0
3.08068,-0.00879097,-0.0329666,-2.7941,0.00471239,0,0
3.08049,-0.00879097,-0.0109901,-2.7941,0.002618,0,0
3.08068,-0.00879097,-0.0109901,-2.7941,0.00907572,0,0
3.08068,-0.00293064,-0.0329666,-2.7941,0.00471239,0,0
3.08068,-0.00879097,-0.0109901,-2.7941,-0.00680679,0,0
3.08049,-0.00879097,0.0109901,-2.7941,-0.000349066,0,0
3.08068,-0.00879097,-0.0109901,-2.7941,0.00575959,0,0
3.08049,-0.00879097,-0.0109901,-2.7941,-0.00471239,0,0
3.08049,-0.00879097,-0.0109901,-2.7941,-0.0015708,0,0
3.08059,-0.0146523,-0.0109901,-2.7941,-0.00471239,0,0
3.08049,-0.0205126,-0.0109901,-2.7941,0.000523599,0,0
3.08068,-0.0146523,-0.0109901,-2.7941,0.000523599,0,0
3.08049,-0.00879097,0.0109901,-2.79427,-0.00785398,0,0
3.08049,-0.00879097,0.0109901,-2.79427,-0.000349066,0,0
3.08059,-0.00293064,-0.0109901,-2.79427,0.000523599,0,0
3.08049,-0.00293064,-0.0109901,-2.79427,-0.00471239,0,0
3.08068,0.00293064,-0.0329666,-2.79427,-0.00785398,0,0
3.08059,0.00293064,-0.0329666,-2.79427,-0.0015708,0,0
3.08068,0.00293064,-0.0329666,-2.79427,0.00366519,0,0
3.08059,0.00879097,0.0109901,-2.79427,0.00575959,0,0
3.08059,0.00293064,-0.0329666,-2.79427,-0.00575959,0,0
3.08068,-0.00293064,-0.0109901,-2.79427,-0.00890118,0,0
3.08049,-0.00293064,0.0109901,-2.79427,0.00366519,0,0
3.08059,-0.00879097,-0.0109901,-2.79427,0.00366519,0,0
3.08059,-0.0146523,-0.0109901,-2.79427,0.000523599,0,0
3.08068,-0.00879097,-0.0329666,-2.79427,-0.000349066,0,0
3.08049,-0.00879097,0.0329666,-2.79427,0.000523599,0,0
3.08059,-0.0146523,-0.0109901,-2.79427,0.000523599,0,0
3.08059,-0.0205126,0.0109901,-2.79427,-0.0015708,0,0
3.08068,-0.0146523,-0.0329666,-2.79427,-0.00366519,0,0
3.08059,-0.0205126,-0.0109901,-2.79427,0.00366519,0,0
3.08059,-0.00879097,-0.0109901,-2.79427,0.000523599,0,0
3.08059,-0.0146523,-0.0329666,-2.79427,-0.0109956,0,0
3.08049,-0.0146523,0.0109901,-2.79427,-0.00575959,0,0
3.08068,-0.00879097,-0.0329666,-2.79427,-0.00366519,0,0
3.08049,-0.0146523,-0.0109901,-2.79427,0.000523599,0,0
3.08059,-0.00879097,-0.0109901,-2.79427,0.0015708,0,0
3.08068,-0.00879097,-0.0109901,-2.79427,-0.0015708,0,0
3.08068,-0.00293064,-0.0329666,-2.79427,0.00471239,0,0
3.08049,-0.00293064,-0.0109901,-2.79427,0.00366519,0,0
3.08049,0.00293064,-0.0109901,-2.79427,0.002618,0,0
3.08049,-0.00293064,0.0109901,-2.79427,0.00575959,0,0
3.08059,-0.00293064,-0.0329666,-2.79427,-0.00366519,0,0
3.08059,0.00293064,-0.0109901,-2.79427,0.000523599,0,0
3.08049,0.00293064,-0.0109901,-2.79427,-0.00366519,0,0
3.08059,-0.00293064,-0.0329666,-2.79427,0.00575959,0,0
3.08049,0.00293064,0.0109901,-2.79427,0.00471239,0,0
3.08049,0.00293064,0.0109901,-2.79427,0.002618,0,0
3.08068,0.00293064,-0.0329666,-2.79427,-0.00366519,0,0
3.08059,-0.00293064,-0.0109901,-2.79427,-0.00471239,0,0
3.08059,-0.00293064,-0.0109901,-2.79427,0.00471239,0,0
3.08059,-0.00293064,-0.0329666,-2.79427,-0.00471239,0,0
3.08068,-0.00293064,-0.0329666,-2.79427,0.0015708,0,0
3.08068,-0.0146523,-0.0109901,-2.79427,-0.000349066,0,0
3.08068,-0.0205126,-0.0109901,-2.79427,-0.00575959,0,0
3.08049,-0.00879097,-0.0109901,-2.79427,-0.00890118,0,0
3.08068,-0.00879097,-0.0109901,-2.79427,-0.0015708,0,0
3.08068,-0.00879097,-0.0109901,-2.79427,0.0015708,0,0
3.08049,-0.00879097,-0.0109901,-2.79427,-0.002618,0,0
3.08059,-0.00879097,-0.0329666,-2.79427,-0.00680679,0,0
3.08059,-0.0146523,-0.0109901,-2.79427,-0.00785398,0,0
3.08059,-0.00879097,-0.0109901,-2.79427,-0.002618,0,0
3.08068,-0.00293064,-0.0329666,-2.79427,0.0015708,0,0
3.08059,-0.00293064,-0.0109901,-2.79427,0.002618,0,0
3.08068,-0.00293064,-0.0109901,-2.79427,0.00471239,0,0
3.08049,-0.00293064,0.0329666,-2.79427,0.00366519,0,0
3.08068,-0.00293064,0.0109901,-2.79427,-0.0015708,0,0
3.08049,-0.00293064,-0.0109901,-2.79427,-0.00366519,0,0
3.08068,-0.00293064,-0.0109901,-2.79427,-0.000349066,0,0
3.08059,0.00293064,-0.0329666,-2.79427,0.0015708,0,0
3.08049,0.00293064,-0.0109901,-2.79427,0.002618,0,0
3.08049,-0.00293064,0.0109901,-2.79427,0.00471239,0,0
3.08068,-0.00879097,-0.0329666,-2.79427,0.0015708,0,0
3.08059,-0.00879097,-0.0109901,-2.79427,0.002618,0,0
3.08049,-0.00879097,-0.0109901,-2.79427,0.00680679,0,0
3.08049,-0.00293064,0.0109901,-2.79427,0.00575959,0,0
3.08068,-0.00879097,-0.0329666,-2.79427,-0.00890118,0,0
3.08049,-0.00293064,-0.0109901,-2.79427,-0.002618,0,0
3.0804,-0.00293064,0.0109901,-2.79427,0.0143117,0,0
3.08059,-0.00293064,-0.0109901,-2.79427,0.0015708,0,0
3.08059,0.00293064,0.0109901,-2.79427,-0.002618,0,0
3.08059,0.00879097,-0.0109901,-2.79427,0.002618,0,0
3.08059,-0.00293064,-0.0329666,-2.79427,0.000523599,0,0
3.08049,0.00293064,0.0109901,-2.79427,-0.0015708,0,0
3.08068,0.00293064,-0.0109901,-2.79427,0.00471239,0,0
3.08059,0.00293064,-0.0109901,-2.79427,0.00575959,0,0
3.08068,-0.00293064,-0.0109901,-2.79427,0.00575959,0,0
3.08049,-0.00879097,0.0109901,-2.79427,-0.00471239,0,0
3.08059,-0.00293064,-0.0329666,-2.79427,-0.000349066,0,0
3.08049,-0.00293064,-0.0109901,-2.79427,-0.002618,0,0
3.08059,-0.00879097,-0.0329666,-2.79427,0.00471239,0,0
3.08068,-0.0146523,-0.0109901,-2.79427,0.002618,0,0
3.08059,-0.0146523,-0.0109901,-2.79427,-0.00471239,0,0
3.08059,-0.0146523,-0.0109901,-2.79427,0.00471239,0,0
3.08059,-0.0146523,-0.0109901,-2.7941,0.00471239,0,0
3.08049,-0.0146523,-0.0109901,-2.7941,-0.000349066,0,0
3.08059,-0.00879097,-0.0109901,-2.79427,-0.0015708,0,0
3.08049,-0.00293064,0.0109901,-2.7941,0.000523599,0,0
3.08068,0.00293064,-0.0329666,-2.79427,-0.00366519,0,0
3.08068,0.00293064,-0.0109901,-2.79427,0.000523599,0,0
3.08059,-0.00293064,-0.0109901,-2.7941,0.00575959,0,0
3.08059,-0.00293064,-0.0109901,-2.7941,0.00471239,0,0
3.08059,-0.00293064,-0.0109901,-2.7941,-0.002618,0,0
3.08049,-0.00293064,0.0109901,-2.7941,-0.00366519,0,0
3.08049,-0.00879097,0.0109901,-2.7941,-0.000349066,0,0
3.08059,-0.00879097,-0.0329666,-2.7941,-0.000349066,0,0
3.08049,-0.00879097,-0.0109901,-2.7941,0.0015708,0,0
3.08059,-0.00879097,-0.0109901,-2.7941,-0.002618,0,0
3.08059,-0.00879097,-0.0329666,-2.79427,-0.00471239,0,0
3.08049,-0.0146523,-0.0109901,-2.7941,0.00471239,0,0
3.08049,-0.0146523,-0.0109901,-2.79427,-0.00785398,0,0
3.08049,-0.00879097,-0.0109901,-2.79427,-0.002618,0,0
3.08068,-0.00293064,-0.0109901,-2.79427,0.00785398,0,0
3.08059,-0.00879097,-0.0109901,-2.79427,0.000523599,0,0
3.08059,-0.00879097,-0.0109901,-2.79427,-0.0015708,0,0
3.0804,-0.00293064,0.0329666,-2.79427,-0.00471239,0,0
3.08068,-0.00293064,-0.0329666,-2.79427,0.000523599,0,0
3.08059,0.00293064,-0.0329666,-2.79427,0.00680679,0,0
3.08059,0.00879097,-0.0109901,-2.79427,-0.000349066,0,0
3.08049,0.00293064,0.0109901,-2.79427,-0.0015708,0,0
3.08068,-0.00293064,-0.0329666,-2.79427,0.0015708,0,0
3.08059,-0.00879097,0.0109901,-2.79427,-0.00366519,0,0
3.08049,-0.00879097,-0.0109901,-2.79427,-0.00575959,0,0
3.08068,-0.0146523,-0.0109901,-2.79427,-0.000349066,0,0
3.08059,-0.0146523,-0.0109901,-2.79427,0.00907572,0,0
3.08068,-0.00879097,-0.0329666,-2.79427,-0.000349066,0,0
3.08049,-0.00879097,-0.0109901,-2.79427,0.000523599,0,0
3.08068,-0.00879097,-0.0109901,-2.79427,-0.000349066,0,0
3.08049,-0.00879097,0.0109901,-2.79427,-0.0109956,0,0
3.08059,-0.0146523,-0.0329666,-2.79427,-0.00366519,0,0
3.08068,-0.00879097,-0.0329666,-2.79427,0.00366519,0,0
3.08049,-0.00293064,0.0109901,-2.79427,0.000523599,0,0
3.08068,-0.00293064,-0.0329666,-2.79427,-0.0015708,0,0
3.08059,-0.00293064,0.0109901,-2.79427,-0.00366519,0,0
3.08068,0.00293064,-0.0329666,-2.79427,0.000523599,0,0
3.08059,-0.00293064,-0.0109901,-2.79427,0.000523599,0,0
3.08059,-0.00293064,0.0109901,-2.79427,0.0111701,0,0
3.08049,-0.00879097,0.0109901,-2.79427,0.00366519,0,0
3.08049,-0.00293064,-0.0109901,-2.79427,-0.00471239,0,0
3.08049,-0.00879097,0.0109901,-2.79427,-0.00575959,0,0
3.08068,-0.00293064,-0.0329666,-2.79427,-0.00575959,0,0
3.08049,-0.00879097,-0.0109901,-2.79427,-0.002618,0,0
3.08059,-0.00293064,-0.0109901,-2.79427,-0.0015708,0,0
3.08068,-0.00293064,-0.0109901,-2.79427,-0.00471239,0,0
3.08059,-0.00293064,0.0109901,-2.79427,-0.00471239,0,0
3.08049,-0.00293064,0.0109901,-2.79427,-0.002618,0,0
3.08059,-0.00879097,0.0109901,-2.79427,-0.0015708,0,0
3.08059,-0.0146523,-0.0109901,-2.79427,0.0111701,0,0
3.08059,-0.0146523,-0.0109901,-2.79427,0.000523599,0,0
3.08059,-0.00879097,-0.0109901,-2.79427,-0.00575959,0,0
3.08068,-0.00879097,-0.0109901,-2.79427,0.0015708,0,0
3.08059,-0.00879097,-0.0109901,-2.79427,0.000523599,0,0
3.08068,-0.00879097,-0.0109901,-2.79427,-0.00575959,0,0
3.08068,-0.00879097,-0.0109901,-2.79427,-0.00471239,0,0
3.08068,-0.00879097,-0.0329666,-2.79427,0.000523599,0,0
3.08059,-0.00879097,0.0109901,-2.79427,0.00471239,0,0
3.08059,-0.00879097,-0.0109901,-2.79427,-0.000349066,0,0
3.08049,-0.00879097,0.0109901,-2.79427,0.000523599,0,0
3.08068,-0.00879097,-0.0109901,-2.79427,0.00680679,0,0
3.08068,-0.00879097,-0.0109901,-2.79427,0.002618,0,0
3.08068,-0.00879097,-0.0329666,-2.79427,0.000523599,0,0
3.08049,-0.00879097,0.0109901,-2.79427,0.000523599,0,0
3.08068,-0.00293064,-0.0329666,-2.79427,0.0101229,0,0
3.08049,-0.00879097,0.0109901,-2.79427,0.00785398,0,0
3.08068,-0.00293064,-0.0329666,-2.79427,-0.00471239,0,0
3.08049,-0.00293064,-0.0109901,-2.79427,-0.000349066,0,0
3.08049,-0.00293064,0.0109901,-2.79427,-0.00366519,0,0
3.08068,-0.00293064,-0.0329666,-2.79427,0.002618,0,0
3.08049,-0.00879097,0.0109901,-2.79427,0.0101229,0,0
3.08068,-0.00879097,-0.0329666,-2.7941,0.00471239,0,0
3.08068,-0.00879097,-0.0109901,-2.7941,0.00785398,0,0
3.08049,-0.00879097,0.0329666,-2.7941,-0.000349066,0,0
3.08068,-0.00879097,-0.0109901,-2.7941,-0.0015708,0,0
3.08049,-0.00293064,-0.0109901,-2.7941,-0.000349066,0,0
3.08068,-0.00293064,-0.0109901,-2.7941,-0.002618,0,0
3.08068,-0.00293064,-0.0329666,-2.7941,-0.002618,0,0
3.08059,-0.00293064,0.0109901,-2.7941,0.00471239,0,0
3.08068,-0.00293064,-0.0109901,-2.7941,0.0015708,0,0
3.08049,0.00293064,0.0109901,-2.79427,-0.00680679,0,0
3.08068,0.00293064,-0.0109901,-2.7941,0.000523599,0,0
3.08059,0.00293064,0.0109901,-2.7941,0.00471239,0,0
3.08049,-0.00293064,0.0109901,-2.7941,-0.00471239,0,0
3.08068,-0.00879097,-0.0329666,-2.7941,0.0015708,0,0
3.08059,-0.0146523,-0.0109901,-2.7941,0.00471239,0,0
3.08049,-0.0205126,-0.0329666,-2.7941,0.002618,0,0
3.0804,-0.0205126,0.0109901,-2.7941,-0.0015708,0,0
3.08059,-0.0146523,-0.0329666,-2.7941,-0.00471239,0,0
3.08059,-0.0146523,-0.0109901,-2.7941,-0.002618,0,0
3.08059,-0.00879097,-0.0329666,-2.7941,0.002618,0,0
3.08049,-0.00879097,0.0109901,-2.7941,0.0015708,0,0
3.08049,-0.0146523,-0.0109901,-2.7941,0.00575959,0,0
3.08068,-0.0146523,-0.0329666,-2.7941,0.00471239,0,0
3.08059,-0.00879097,-0.0109901,-2.7941,-0.00575959,0,0
3.08049,-0.00879097,0.0109901,-2.7941,-0.00785398,0,0
3.08068,-0.00879097,-0.0329666,-2.79427,-0.00471239,0,0
3.08059,-0.00293064,-0.0329666,-2.79427,-0.002618,0,0
3.08059,-0.00879097,-0.0109901,-2.79427,0.0015708,0,0
3.08068,-0.00293064,-0.0109901,-2.79427,0.000523599,0,0
3.08049,0.00293064,0.0109901,-2.79427,-0.00680679,0,0
3.08059,-0.00879097,-0.0109901,-2.79427,-0.00680679,0,0
3.08068,-0.00879097,-0.0329666,-2.79427,-0.002618,0,0
3.08049,-0.00293064,-0.0109901,-2.79427,0.002618,0,0
3.08059,-0.00879097,-0.0109901,-2.79427,-0.0015708,0,0
3.08049,-0.00879097,0.0329666,-2.79427,-0.00575959,0,0
3.08059,-0.00879097,-0.0329666,-2.79427,0.00366519,0,0
3.08049,-0.0146523,-0.0329666,-2.79427,0.00785398,0,0
3.08068,-0.00879097,-0.0109901,-2.79427,0.00471239,0,0
3.08059,-0.00879097,-0.0109901,-2.79427,-0.00680679,0,0
3.08049,-0.00879097,-0.0109901,-2.79427,-0.00366519,0,0
3.08068,-0.00293064,-0.0109901,-2.79427,-0.000349066,0,0
3.08068,-0.00293064,0.0109901,-2.79427,-0.00471239,0,0
3.08049,-0.00293064,0.0329666,-2.79427,0.0015708,0,0
3.08049,-0.00879097,-0.0109901,-2.79427,0.00575959,0,0
3.08068,-0.00293064,-0.0109901,-2.79427,0.00471239,0,0
3.08049,-0.00293064,-0.0109901,-2.79427,-0.000349066,0,0
3.08068,0.00293064,-0.0329666,-2.79427,-0.000349066,0,0
3.08068,0.00879097,-0.0109901,-2.79427,0.000523599,0,0
3.08049,0.00293064,0.0109901,-2.79427,0.000523599,0,0
3.08068,0.00293064,-0.0329666,-2.79427,-0.00366519,0,0
3.08068,0.00293064,-0.0329666,-2.79427,-0.00680679,0,0
3.08059,-0.00293064,-0.0109901,-2.79427,0.002618,0,0
3.08068,-0.00293064,0.0109901,-2.79427,0.002618,0,0
3.08068,0.00293064,-0.0109901,-2.79427,-0.0015708,0,0
3.08049,-0.00293064,-0.0109901,-2.79427,-0.00366519,0,0
3.08049,0.00293064,0.0109901,-2.79427,0.000523599,0,0
3.08068,0.00293064,-0.0329666,-2.79427,-0.00366519,0,0
3.08059,0.00293064,-0.0109901,-2.79427,-0.00785398,0,0
3.08059,-0.00293064,-0.0109901,-2.79427,-0.0015708,0,0
3.08059,-0.00293064,-0.0109901,-2.79427,0.002618,0,0
3.08068,-0.00293064,0.0109901,-2.79427,-0.00680679,0,0
3.08059,-0.00293064,-0.0109901,-2.79427,0.0015708,0,0
3.08049,-0.00293064,0.0109901,-2.79427,-0.002618,0,0
3.08049,-0.00879097,-0.0109901,-2.79427,-0.00785398,0,0
3.08068,-0.00879097,-0.0329666,-2.79427,0.00785398,0,0
3.08068,-0.00879097,-0.0109901,-2.79427,-0.00575959,0,0
3.08049,-0.00879097,0.0109901,-2.79427,-0.0164061,0,0
3.08059,-0.00879097,-0.0109901,-2.79427,-0.00366519,0,0
3.08059,-0.00879097,0.0109901,-2.79427,0.000523599,0,0
3.08049,-0.0146523,-0.0109901,-2.79427,0.00907572,0,0
3.08059,-0.00879097,-0.0109901,-2.79427,0.002618,0,0
3.08049,-0.00879097,-0.0109901,-2.79427,-0.0015708,0,0
3.08049,-0.00879097,0.0329666,-2.79427,0.00366519,0,0
3.08049,-0.00879097,-0.0329666,-2.79427,0.00575959,0,0
3.08068,-0.00879097,-0.0329666,-2.79427,0.00471239,0,0
3.08059,-0.00879097,-0.0109901,-2.79427,0.00366519,0,0
3.08049,-0.00879097,-0.0109901,-2.79427,0.002618,0,0
3.08059,-0.00879097,-0.0329666,-2.79427,-0.000349066,0,0
3.08049,-0.00293064,0.0109901,-2.79427,0.00366519,0,0
3.08049,-0.00293064,-0.0109901,-2.79427,0.00575959,0,0
3.08049,-0.00293064,-0.0109901,-2.79427,-0.000349066,0,0
3.08049,-0.00879097,-0.0109901,-2.79427,-0.002618,0,0
3.08059,-0.00879097,-0.0109901,-2.79427,0.000523599,0,0
3.08049,-0.00879097,0.0109901,-2.79427,0.00366519,0,0
3.08068,-0.00293064,-0.0329666,-2.79427,0.0122173,0,0
3.08049,-0.00293064,-0.0109901,-2.7941,0.00907572,0,0
3.08049,-0.00293064,-0.0109901,-2.7941,0.00471239,0,0
3.08049,-0.00293064,-0.0109901,-2.7941,0.00575959,0,0
3.08059,-0.00293064,-0.0109901,-2.7941,-0.0109956,0,0
3.08049,-0.00879097,-0.0109901,-2.7941,-0.00575959,0,0
3.08059,-0.00879097,-0.0109901,-2.7941,0.00575959,0,0
3.08059,-0.0146523,-0.0109901,-2.7941,0.00785398,0,0
3.08049,-0.0146523,-0.0109901,-2.7941,0.002618,0,0
3.08049,-0.00879097,-0.0109901,-2.7941,0.0122173,0,0
3.08059,-0.00879097,-0.0109901,-2.7941,0.00366519,0,0
3.08059,-0.00879097,-0.0109901,-2.7941,-0.0143117,0,0
3.08068,-0.00879097,-0.0109901,-2.7941,-0.0109956,0,0
3.08068,-0.00879097,-0.0329666,-2.7941,0.00471239,0,0
3.08049,-0.00879097,-0.0109901,-2.7941,0.0174533,0,0
3.08068,-0.00879097,-0.0109901,-2.7941,0.0185005,0,0
3.08068,-0.0146523,-0.0329666,-2.7941,0.00471239,0,0
3.08068,-0.0146523,-0.0329666,-2.7941,-0.00890118,0,0
3.08059,-0.00879097,0.0109901,-2.7941,-0.00890118,0,0
3.08068,-0.00879097,-0.0329666,-2.7941,-0.0015708,0,0
3.08068,-0.00879097,-0.0329666,-2.7941,0.00907572,0,0
3.08068,-0.00879097,-0.0109901,-2.7941,0.00471239,0,0
3.08078,-0.00879097,-0.0329666,-2.7941,-0.000349066,0,0
3.08059,-0.00879097,-0.0109901,-2.7941,0.00785398,0,0
3.08059,-0.00879097,0.0109901,-2.7941,-0.00366519,0,0
3.08059,-0.00879097,-0.0109901,-2.7941,-0.00994838,0,0
3.08078,-0.00879097,-0.0329666,-2.7941,-0.00994838,0,0
3.08078,-0.0146523,-0.0329666,-2.7941,-0.00471239,0,0
3.08068,-0.00879097,0.0109901,-2.7941,-0.0015708,0,0
3.08068,-0.00879097,-0.0109901,-2.7941,0.0218166,0,0
3.08068,-0.0146523,-0.0329666,-2.79392,0.0111701,0,0
3.08068,-0.0146523,0.0109901,-2.7941,-0.00471239,0,0
3.08059,-0.00879097,-0.0109901,-2.7941,-0.0109956,0,0
3.08078,-0.00879097,-0.0109901,-2.7941,-0.0164061,0,0
3.08068,-0.0146523,-0.0109901,-2.7941,-0.00890118,0,0
3.08059,-0.00879097,0.0109901,-2.7941,0.0132645,0,0
3.08068,-0.00879097,-0.0109901,-2.7941,0.00575959,0,0
3.08059,-0.0146523,-0.0109901,-2.7941,0.00366519,0,0
3.08078,-0.00879097,-0.0109901,-2.7941,-0.00575959,0,0
3.08068,0.00293064,-0.0109901,-2.7941,-0.00680679,0,0
3.08068,0.00293064,0.0109901,-2.7941,-0.0109956,0,0
3.08068,0.00293064,-0.0109901,-2.7941,-0.00575959,0,0
3.08068,-0.00293064,-0.0109901,-2.7941,0.00680679,0,0
3.08068,-0.00293064,-0.0329666,-2.7941,0.00785398,0,0
3.08068,-0.00293064,-0.0109901,-2.7941,0.002618,0,0
3.08049,-0.00293064,0.0109901,-2.7941,-0.00680679,0,0
3.08068,-0.00293064,-0.0109901,-2.7941,-0.00994838,0,0
3.08068,-0.00293064,-0.0329666,-2.7941,-0.0109956,0,0
3.08068,-0.00293064,0.0109901,-2.7941,-0.0185005,0,0
3.08078,-0.00879097,-0.0329666,-2.79427,-0.00680679,0,0
3.08049,-0.0146523,0.0109901,-2.79427,0.002618,0,0
3.08059,-0.0205126,0.0329666,-2.79427,0.000523599,0,0
3.08078,-0.0146523,-0.0329666,-2.79427,-0.0109956,0,0
3.08068,-0.0146523,-0.0329666,-2.79427,-0.00366519,0,0
3.08049,-0.00879097,-0.0109901,-2.79427,-0.00680679,0,0
3.08068,-0.00879097,0.0109901,-2.79427,-0.00575959,0,0
3.08088,-0.00879097,-0.0109901,-2.79427,-0.0015708,0,0
3.08068,-0.00879097,-0.0329666,-2.79427,-0.00366519,0,0
3.08049,-0.0146523,0.0109901,-2.79427,-0.0153589,0,0
3.08059,-0.00879097,-0.0109901,-2.79427,-0.00471239,0,0
3.08068,-0.00879097,0.0109901,-2.79427,-0.002618,0,0
3.08068,-0.00293064,-0.0329666,-2.79427,-0.00680679,0,0
3.08068,-0.00293064,-0.0329666,-2.79427,-0.00575959,0,0
3.08068,-0.00293064,-0.0109901,-2.79445,-0.00575959,0,0
3.08059,-0.00879097,-0.0109901,-2.79445,-0.00994838,0,0
3.08068,-0.00879097,-0.0109901,-2.79445,-0.00890118,0,0
3.08049,-0.00293064,0.0109901,-2.79445,-0.00994838,0,0
3.08068,-0.00293064,-0.0109901,-2.79445,-0.0195477,0,0
3.08059,-0.00293064,-0.0109901,-2.79445,-0.0153589,0,0
3.08049,-0.00879097,-0.0109901,-2.79445,-0.002618,0,0
3.08068,-0.00879097,-0.0109901,-2.79445,-0.00471239,0,0
3.08068,-0.00879097,-0.0109901,-2.79445,-0.0015708,0,0
3.08049,-0.00879097,-0.0109901,-2.79462,-0.00680679,0,0
3.08049,-0.0205126,0.0109901,-2.79462,-0.0153589,0,0
3.08059,-0.00879097,-0.0109901,-2.79462,-0.0122173,0,0
3.08049,-0.00879097,-0.0109901,-2.79462,-0.0153589,0,0
3.08059,-0.00879097,0.0109901,-2.79462,-0.0143117,0,0
3.08049,-0.00879097,0.0109901,-2.79462,0.002618,0,0
3.0804,-0.00293064,0.0329666,-2.79462,0.0143117,0,0
3.08049,-0.00293064,0.0109901,-2.79462,0.000523599,0,0
3.08049,0.00293064,-0.0329666,-2.79462,-0.00680679,0,0
3.08049,-0.00879097,0.0109901,-2.79462,-0.00785398,0,0
3.0804,-0.00293064,-0.0109901,-2.7948,-0.00890118,0,0
3.0803,-0.00293064,-0.0109901,-2.7948,-0.0228638,0,0
3.0804,-0.00879097,0.0109901,-2.7948,-0.0122173,0,0
3.0803,-0.00879097,-0.0109901,-2.7948,-0.00680679,0,0
3.0803,-0.00293064,0.0109901,-2.7948,-0.00366519,0,0
3.0803,-0.00879097,0.0109901,-2.7948,0.000523599,0,0
3.0802,-0.0146523,0.0109901,-2.7948,-0.000349066,0,0
3.0802,-0.0146523,0.0109901,-2.7948,0.00471239,0,0
3.0802,-0.0146523,-0.0109901,-2.7948,0.000523599,0,0
3.0803,-0.0146523,-0.0109901,-2.7948,-0.00575959,0,0
3.08011,-0.00879097,0.0329666,-2.7948,-0.00575959,0,0
3.07992,-0.00879097,0.0109901,-2.7948,-0.002618,0,0
3.08011,-0.00879097,-0.0109901,-2.7948,-0.00575959,0,0
3.08011,-0.00879097,-0.0109901,-2.7948,0.0015708,0,0
3.08011,-0.00879097,0.0109901,-2.79497,-0.00471239,0,0
3.08011,-0.00879097,0.0109901,-2.79497,-0.0109956,0,0
3.08011,-0.00879097,-0.0109901,-2.79497,-0.0122173,0,0
3.08001,-0.00879097,0.0109901,-2.79497,-0.000349066,0,0
3.08001,-0.00293064,-0.0109901,-2.79497,0.00575959,0,0
3.08001,-0.00293064,0.0109901,-2.79497,-0.0015708,0,0
3.07992,-0.00293064,-0.0109901,-2.79497,-0.00366519,0,0
3.08011,-0.00293064,-0.0109901,-2.79497,-0.000349066,0,0
3.08001,-0.00293064,-0.0109901,-2.79497,-0.0015708,0,0
3.08011,-0.00293064,-0.0109901,-2.79497,0.00366519,0,0
3.08011,-0.00879097,-0.0109901,-2.79497,-0.00471239,0,0
3.08011,-0.00879097,-0.0109901,-2.79497,-0.0015708,0,0
3.08011,-0.00293064,-0.0109901,-2.79497,0.00471239,0,0
3.07992,-0.00293064,0.0109901,-2.79497,-0.00680679,0,0
3.08011,0.00293064,-0.0109901,-2.79497,-0.0015708,0,0
3.07992,-0.00293064,-0.0109901,-2.79497,0.00366519,0,0
3.08011,-0.00293064,-0.0329666,-2.79497,0.002618,0,0
3.08001,-0.00293064,-0.0109901,-2.79497,0.00471239,0,0
3.08011,0.00293064,-0.0329666,-2.79497,0.002618,0,0
3.08011,-0.00879097,-0.0109901,-2.79497,-0.0015708,0,0
3.0802,-0.00879097,-0.0329666,-2.7948,0.002618,0,0
3.08011,-0.0146523,-0.0109901,-2.7948,0.00785398,0,0
3.08011,-0.00879097,-0.0109901,-2.7948,0.0111701,0,0
3.08011,-0.00879097,-0.0109901,-2.7948,0.00785398,0,0
3.0802,-0.00879097,-0.0329666,-2.7948,0.0015708,0,0
3.0802,-0.00879097,-0.0109901,-2.7948,-0.00366519,0,0
3.0803,-0.0146523,-0.0109901,-2.7948,0.002618,0,0
3.08011,-0.0146523,-0.0109901,-2.7948,0.00785398,0,0
3.08011,-0.0146523,-0.0109901,-2.7948,-0.0015708,0,0
3.0803,-0.00879097,-0.0329666,-2.7948,-0.000349066,0,0
3.08011,-0.00879097,-0.0109901,-2.7948,0.00907572,0,0
3.0802,-0.00293064,-0.0109901,-2.7948,0.00907572,0,0
3.0802,-0.00293064,-0.0329666,-2.7948,0.00366519,0,0
3.0802,-0.00293064,-0.0109901,-2.7948,0.00366519,0,0
3.0803,0.00293064,-0.0109901,-2.79462,0.00907572,0,0
3.08011,-0.00879097,0.0109901,-2.79462,0.002618,0,0
3.08011,-0.00293064,-0.0109901,-2.79462,0.00575959,0,0
3.0803,-0.00293064,-0.0109901,-2.79462,0.0132645,0,0
3.08011,-0.00293064,-0.0109901,-2.79462,0.0101229,0,0
3.0804,-0.00879097,-0.0109901,-2.79462,0.00471239,0,0
3.0802,-0.0146523,0.0329666,-2.79462,0.00907572,0,0
3.08011,-0.00879097,-0.0109901,-2.79462,0.00785398,0,0
3.08011,-0.00879097,-0.0109901,-2.79462,0.00575959,0,0
3.0803,-0.00879097,-0.0329666,-2.79462,0.00471239,0,0
3.08011,-0.00879097,0.0109901,-2.79462,0.0111701,0,0
3.0802,-0.00879097,0.0109901,-2.79445,0.0132645,0,0
3.0803,-0.00879097,-0.0109901,-2.79445,0.0132645,0,0
3.0803,-0.00879097,-0.0109901,-2.79445,0.0132645,0,0
3.08049,-0.00879097,-0.0329666,-2.79445,0.00907572,0,0
3.08049,-0.00879097,-0.0329666,-2.79445,0.0132645,0,0
3.0803,-0.00879097,-0.0109901,-2.79445,0.00907572,0,0
3.0803,-0.00879097,-0.0109901,-2.79445,0.00471239,0,0
3.0802,-0.00879097,-0.0109901,-2.79445,-0.00366519,0,0
3.0804,-0.00293064,-0.0329666,-2.79445,-0.00994838,0,0
3.0804,-0.00293064,-0.0109901,-2.79445,-0.00471239,0,0
3.0803,-0.00293064,0.0109901,-2.79445,0.000523599,0,0
3.0802,-0.00293064,0.0109901,-2.79445,0.0015708,0,0
3.0803,-0.00293064,-0.0109901,-2.79445,-0.002618,0,0
3.0804,-0.00879097,-0.0329666,-2.79445,-0.00890118,0,0
3.0803,-0.0146523,-0.0109901,-2.79445,-0.00994838,0,0
3.0803,-0.00879097,-0.0329666,-2.79445,-0.0109956,0,0
3.0803,-0.00879097,0.0109901,-2.79445,-0.0122173,0,0
3.0803,-0.00293064,-0.0109901,-2.79445,-0.000349066,0,0
3.0802,0.00293064,0.0329666,-2.79445,-0.000349066,0,0
3.0803,0.00293064,-0.0109901,-2.79462,-0.0122173,0,0
3.0803,-0.00293064,-0.0109901,-2.79462,-0.0164061,0,0
3.0803,-0.00293064,-0.0109901,-2.79462,-0.0153589,0,0
3.0802,-0.00879097,0.0109901,-2.79462,-0.0164061,0,0
3.0803,-0.00879097,-0.0109901,-2.79462,-0.00994838,0,0
3.0803,-0.0146523,-0.0109901,-2.79462,-0.0109956,0,0
3.0803,-0.0146523,-0.0329666,-2.79462,-0.002618,0,0
3.0803,-0.0146523,-0.0109901,-2.7948,-0.00890118,0,0
3.0803,-0.0205126,-0.0109901,-2.7948,-0.00994838,0,0
3.0804,-0.0205126,-0.0109901,-2.7948,-0.0153589,0,0
3.0802,-0.0146523,0.0109901,-2.7948,-0.00471239,0,0
3.0803,-0.0146523,-0.0109901,-2.7948,-0.00785398,0,0
3.0803,-0.0146523,-0.0109901,-2.7948,-0.0109956,0,0
3.08011,-0.0205126,-0.0109901,-2.7948,-0.0132645,0,0
3.0802,-0.00879097,0.0109901,-2.79497,-0.0132645,0,0
3.0802,-0.00879097,0.0109901,-2.79497,-0.00890118,0,0
3.08011,-0.00293064,-0.0109901,-2.79497,-0.00471239,0,0
3.08011,-0.00879097,-0.0109901,-2.79497,-0.00680679,0,0
3.08011,-0.00879097,0.0109901,-2.79497,-0.0153589,0,0
3.08001,-0.00293064,-0.0109901,-2.79497,-0.0109956,0,0
3.08001,-0.00879097,-0.0109901,-2.79497,-0.0132645,0,0
3.08011,-0.00293064,-0.0109901,-2.79497,-0.0205949,0,0
3.07992,0.00293064,0.0109901,-2.79515,-0.00785398,0,0
3.07992,0.00293064,-0.0109901,-2.79515,-0.00785398,0,0
3.07992,0.00293064,-0.0329666,-2.79515,-0.0122173,0,0
3.08001,-0.00879097,-0.0109901,-2.79515,-0.00680679,0,0
3.07992,-0.0146523,0.0109901,-2.79515,-0.00680679,0,0
3.07992,-0.0146523,0.0109901,-2.79515,-0.0015708,0,0
3.08001,-0.0146523,-0.0109901,-2.79515,-0.000349066,0,0
3.08001,-0.0146523,-0.0109901,-2.79515,-0.000349066,0,0
3.07982,-0.0146523,0.0109901,-2.79515,-0.00471239,0,0
3.07992,-0.00879097,-0.0109901,-2.79515,-0.0109956,0,0
3.07992,-0.0146523,-0.0109901,-2.79515,-0.00785398,0,0
3.07992,-0.0146523,-0.0109901,-2.79515,0.000523599,0,0
3.07992,-0.0146523,-0.0109901,-2.79515,0.00366519,0,0
3.07992,-0.00879097,-0.0329666,-2.79515,-0.00366519,0,0
3.07982,-0.00879097,0.0109901,-2.79515,-0.000349066,0,0
3.07982,-0.0146523,0.0109901,-2.79515,-0.000349066,0,0
3.07982,-0.00879097,-0.0109901,-2.79515,-0.002618,0,0
3.08001,-0.00879097,-0.0329666,-2.79532,-0.00680679,0,0
3.07973,-0.00879097,-0.0109901,-2.79515,0.000523599,0,0
3.07973,-0.00293064,0.0109901,-2.79515,0.002618,0,0
3.07973,-0.00293064,0.0109901,-2.79515,0.00907572,0,0
3.07973,-0.00293064,-0.0109901,-2.79515,0.0111701,0,0
3.07973,0.00293064,0.0109901,-2.79515,0.00366519,0,0
3.07982,0.00293064,-0.0109901,-2.79515,0.002618,0,0
3.07982,-0.00293064,-0.0109901,-2.79515,0.00575959,0,0
3.07973,-0.00879097,0.0109901,-2.79515,0.002618,0,0
3.07973,-0.00293064,-0.0109901,-2.79515,0.00471239,0,0
3.07973,0.00293064,-0.0109901,-2.79515,0.00680679,0,0
3.07992,-0.00293064,-0.0329666,-2.79515,0.00366519,0,0
3.07973,-0.00293064,-0.0109901,-2.79515,0.002618,0,0
3.07992,-0.00879097,-0.0329666,-2.79515,0.00785398,0,0
3.07992,-0.00879097,-0.0329666,-2.79497,0.0185005,0,0
3.07982,-0.00879097,0.0109901,-2.79497,0.000523599,0,0
3.07992,-0.00879097,-0.0329666,-2.79497,0.002618,0,0
3.07982,-0.0146523,-0.0109901,-2.79497,0.00471239,0,0
3.07992,-0.00879097,-0.0109901,-2.79497,0.00907572,0,0
3.07992,-0.0146523,-0.0329666,-2.79497,0.00907572,0,0
3.07982,-0.00879097,-0.0329666,-2.79497,0.00907572,0,0
3.08001,-0.00879097,-0.0329666,-2.79497,0.00366519,0,0
3.07992,-0.00879097,-0.0109901,-2.79497,0.00680679,0,0
3.07992,-0.00293064,-0.0109901,-2.79497,-0.00575959,0,0
3.07973,-0.00879097,0.0109901,-2.79497,0.00366519,0,0
3.07992,-0.00879097,-0.0549469,-2.79497,0.00907572,0,0
3.07992,-0.00879097,-0.0109901,-2.79497,0.00785398,0,0
3.08001,-0.00293064,-0.0109901,-2.7948,0.00680679,0,0
3.08011,0.00293064,-0.0109901,-2.7948,-0.002618,0,0
3.08001,0.00293064,0.0109901,-2.7948,0.00680679,0,0
3.08011,0.00879097,-0.0109901,-2.7948,0.00680679,0,0
3.07992,0.00879097,0.0109901,-2.7948,0.00907572,0,0
3.08001,0.00293064,-0.0109901,-2.7948,0.00575959,0,0
3.08001,0.00293064,-0.0109901,-2.7948,0.00471239,0,0
3.07992,-0.00293064,-0.0109901,-2.7948,0.00471239,0,0
3.08001,-0.00293064,-0.0109901,-2.7948,-0.002618,0,0
3.08001,-0.00879097,-0.0109901,-2.7948,0.00785398,0,0
3.08011,-0.00293064,-0.0109901,-2.7948,0.00366519,0,0
3.07992,-0.00293064,0.0109901,-2.7948,0.00575959,0,0
3.07992,-0.00879097,-0.0109901,-2.7948,0.00680679,0,0
3.07992,-0.00293064,-0.0329666,-2.7948,0.000523599,0,0
3.07992,-0.00293064,0.0109901,-2.7948,0.0015708,0,0
3.08001,-0.00293064,-0.0329666,-2.7948,0.00575959,0,0
3.08001,-0.00879097,0.0109901,-2.7948,-0.000349066,0,0
3.08001,-0.0146523,-0.0109901,-2.7948,0.00680679,0,0
3.08011,-0.0146523,-0.0329666,-2.7948,0.0015708,0,0
3.07992,-0.00879097,0.0109901,-2.7948,-0.002618,0,0
3.07992,-0.0146523,-0.0109901,-2.7948,-0.0015708,0,0
3.07992,-0.0146523,-0.0109901,-2.7948,-0.00471239,0,0
3.08001,-0.00879097,-0.0109901,-2.7948,-0.00785398,0,0
3.08011,-0.00879097,-0.0329666,-2.7948,-0.00785398,0,0
3.08011,-0.00879097,-0.0109901,-2.7948,-0.00575959,0,0
3.07992,-0.00293064,-0.0109901,-2.7948,-0.00366519,0,0
3.07992,0.00293064,0.0109901,-2.7948,-0.00471239,0,0
3.07992,-0.00293064,-0.0109901,-2.7948,-0.000349066,0,0
3.08011,-0.00293064,-0.0329666,-2.7948,-0.00575959,0,0
3.08001,0.00293064,-0.0329666,-2.7948,-0.00785398,0,0
3.07992,0.00293064,0.0109901,-2.7948,-0.002618,0,0
3.08001,-0.00293064,-0.0109901,-2.7948,-0.00785398,0,0
3.07992,-0.00293064,0.0109901,-2.79497,-0.0122173,0,0
3.07992,-0.00879097,-0.0109901,-2.79497,-0.002618,0,0
3.07992,-0.00879097,-0.0109901,-2.79497,0.0015708,0,0
3.07982,-0.0146523,-0.0109901,-2.79497,-0.0109956,0,0
3.08001,-0.00879097,-0.0109901,-2.79497,-0.00471239,0,0
3.07992,-0.0146523,-0.0329666,-2.79497,-0.000349066,0,0
3.07992,-0.00879097,0.0329666,-2.79497,-0.0132645,0,0
3.07992,-0.00293064,-0.0329666,-2.79497,-0.0122173,0,0
3.07992,-0.00879097,-0.0109901,-2.79497,-0.00890118,0,0
3.07982,-0.00293064,0.0109901,-2.79497,-0.00890118,0,0
3.07992,-0.00293064,-0.0329666,-2.79497,-0.00575959,0,0
3.07992,-0.00293064,-0.0109901,-2.79497,-0.002618,0,0
3.07992,0.00293064,-0.0109901,-2.79497,-0.00575959,0,0
3.07992,0.00879097,-0.0109901,-2.79515,-0.0122173,0,0
3.08001,0.00293064,-0.0109901,-2.79515,-0.00575959,0,0
3.08001,0.00293064,-0.0109901,-2.79515,0.00366519,0,0
3.07982,0.00293064,-0.0109901,-2.79515,0.0015708,0,0
3.07992,0.00293064,-0.0109901,-2.79515,-0.00890118,0,0
3.07992,-0.0146523,0.0109901,-2.79515,-0.00785398,0,0
3.07992,-0.0146523,-0.0109901,-2.79515,-0.0122173,0,0
3.07992,-0.00879097,-0.0329666,-2.79515,-0.00680679,0,0
3.07982,-0.0146523,-0.0109901,-2.79515,0.000523599,0,0
3.08001,-0.00879097,-0.0329666,-2.79515,0.00471239,0,0
3.07973,-0.00879097,0.0109901,-2.79515,-0.00575959,0,0
3.07982,-0.00293064,-0.0109901,-2.79515,-0.0015708,0,0
3.07982,-0.00879097,0.0109901,-2.79515,0.00575959,0,0
3.07992,-0.00879097,-0.0109901,-2.79515,-0.00575959,0,0
3.07992,-0.00293064,0.0109901,-2.79515,-0.00575959,0,0
3.07992,-0.00293064,-0.0109901,-2.79515,-0.0015708,0,0
3.07973,0.00293064,-0.0109901,-2.79515,-0.00366519,0,0
3.07982,-0.00293064,0.0109901,-2.79515,-0.0015708,0,0
3.07982,0.00879097,-0.0109901,-2.79515,0.00366519,0,0
3.07982,0.00293064,-0.0329666,-2.79515,0.00680679,0,0
3.07992,0.00293064,-0.0109901,-2.79515,0.00680679,0,0
3.07992,0.00293064,-0.0109901,-2.79515,-0.00680679,0,0
3.07992,0.00879097,0.0109901,-2.79515,0.002618,0,0
3.07982,0.00879097,-0.0329666,-2.79515,0.00680679,0,0
3.07982,-0.00293064,0.0109901,-2.79515,0.00907572,0,0
3.07992,0.00293064,-0.0329666,-2.79515,0.0015708,0,0
3.07963,-0.00293064,0.0109901,-2.79515,0.000523599,0,0
3.07992,0.00293064,-0.0109901,-2.79515,0.00680679,0,0
3.07982,-0.00293064,-0.0109901,-2.79515,0.00907572,0,0
3.08001,-0.00879097,-0.0329666,-2.79497,0.0143117,0,0
3.07992,-0.00879097,-0.0109901,-2.79497,0.000523599,0,0
3.07973,-0.00879097,-0.0109901,-2.79497,0.000523599,0,0
3.07982,-0.00879097,-0.0109901,-2.79497,0.0122173,0,0
3.07992,-0.00879097,-0.0109901,-2.79497,0.00907572,0,0
3.07982,-0.00879097,-0.0109901,-2.79497,0.0015708,0,0
3.08001,-0.00879097,-0.0329666,-2.79497,0.00366519,0,0
3.07992,-0.00879097,-0.0109901,-2.79497,0.00366519,0,0
3.07982,-0.00879097,0.0109901,-2.79497,0.00680679,0,0
3.07992,-0.00879097,-0.0329666,-2.79497,0.00785398,0,0
3.07982,-0.00879097,-0.0109901,-2.79497,0.00366519,0,0
3.07992,-0.00879097,-0.0109901,-2.79497,0.00785398,0,0
3.07992,-0.00879097,-0.0109901,-2.79497,0.00907572,0,0
3.07992,-0.00879097,-0.0109901,-2.79497,0.002618,0,0
3.07992,-0.00293064,-0.0109901,-2.79497,0.0015708,0,0
3.07992,-0.00879097,-0.0109901,-2.79497,0.00366519,0,0
3.07992,-0.00879097,-0.0109901,-2.7948,0.00680679,0,0
3.07973,-0.00879097,0.0109901,-2.7948,0.0015708,0,0
3.07992,-0.00879097,-0.0109901,-2.7948,0.002618,0,0
3.07982,-0.00293064,0.0109901,-2.7948,-0.0015708,0,0
3.07992,0.00293064,-0.0109901,-2.7948,0.002618,0,0
3.07992,0.00293064,-0.0109901,-2.7948,0.002618,0,0
3.08011,0.00293064,-0.0109901,-2.7948,-0.00366519,0,0
3.07992,0.00293064,0.0109901,-2.7948,-0.00785398,0,0
3.08001,-0.00293064,-0.0549469,-2.79497,-0.00680679,0,0
3.07992,-0.00293064,-0.0109901,-2.7948,0.00575959,0,0
3.07992,-0.00293064,-0.0109901,-2.7948,0.0015708,0,0
3.07992,-0.00293064,-0.0109901,-2.7948,-0.0015708,0,0
3.07982,-0.00293064,0.0109901,-2.79497,-0.00785398,0,0
3.07982,-0.00293064,0.0109901,-2.79497,0.000523599,0,0
3.07992,-0.00879097,0.0109901,-2.7948,0.00471239,0,0
3.07982,-0.00879097,0.0109901,-2.79497,-0.00785398,0,0
3.07982,-0.0146523,-0.0109901,-2.79497,-0.0015708,0,0
3.07992,-0.0205126,-0.0329666,-2.79497,0.000523599,0,0
3.07973,-0.00879097,-0.0109901,-2.79497,-0.00575959,1,0
3.07992,-0.00879097,0.0109901,-2.79497,0.00471239,1,0
3.07963,0.114285,0.0109901,-2.79497,-0.00366519,1,0
3.07905,0.266666,0.12088,-2.79497,-0.0015708,1,0
3.07752,0.407326,0.34066,-2.79497,-0.0015708,1,0
3.07465,0.518682,0.692307,-2.79497,-0.00575959,1,0
3.0711,0.600733,1.08791,-2.79497,-0.00471239,1,0
3.06669,0.676923,1.43956,-2.79497,-0.00890118,1,0
3.06267,0.811722,1.68132,-2.79497,-0.0109956,1,0
3.05998,0.975824,1.57143,-2.79497,-0.0216421,1,0
3.05778,1.10476,1.35165,-2.79515,-0.0462512,1,0
3.0574,1.21026,1.02198,-2.79532,-0.0802852,1,0
3.05788,1.27472,0.53846,-2.7955,-0.0994838,1,0
3.05874,1.28645,0.20879,-2.79584,-0.123918,1,0
3.05922,1.24542,0.0329666,-2.79602,-0.144164,1,0
3.05979,1.18095,-0.0769234,-2.79637,-0.160221,1,0
3.05941,1.11062,-0.0109901,-2.79672,-0.176104,1,0
3.05884,1.06374,0.0769234,-2.79707,-0.198619,1,0
3.05778,1.04029,0.252747,-2.79759,-0.222006,1,0
3.0574,1.04029,0.252747,-2.79811,-0.23911,1,0
3.05673,1.05201,0.274727,-2.79864,-0.260403,1,0
3.05596,1.06374,0.296703,-2.79916,-0.27838,1,0
3.05539,1.0696,0.274727,-2.79968,-0.284838,1,0
3.05491,1.07546,0.296703,-2.80021,-0.284838,1,0
3.05424,1.07546,0.296703,-2.80091,-0.307178,1,0
3.05347,1.07546,0.296703,-2.8016,-0.328471,1,0
3.05251,1.07546,0.31868,-2.8023,-0.342434,1,0
3.05203,1.07546,0.34066,-2.803,-0.354127,1,0
3.05117,1.07546,0.362637,-2.8037,-0.36268,1,0
3.05031,1.07546,0.384617,-2.8044,-0.37542,1,0
3.04954,1.07546,0.384617,-2.80509,-0.387114,1,0
3.04858,1.07546,0.384617,-2.80597,-0.40736,1,0
3.04772,1.0696,0.42857,-2.80684,-0.419054,1,0
3.04676,1.0696,0.45055,-2.80771,-0.426559,1,0
3.04552,1.06374,0.45055,-2.80858,-0.441394,1,0
3.04475,1.06374,0.45055,-2.80946,-0.463734,1,0
3.04379,1.0696,0.494507,-2.8105,-0.488343,1,0
3.04283,1.07546,0.45055,-2.81155,-0.505273,1,0
3.04187,1.07546,0.472527,-2.81242,-0.520283,1,0
3.04082,1.0696,0.472527,-2.81347,-0.525519,1,0
3.03967,1.07546,0.516483,-2.81469,-0.531977,1,0
3.03842,1.08132,0.53846,-2.81574,-0.550128,1,0
3.03689,1.08132,0.56044,-2.81679,-0.567058,1,0
3.03603,1.08718,0.582417,-2.81801,-0.577879,1,0
3.03469,1.08132,0.604397,-2.81923,-0.576657,1,0
3.03344,1.07546,0.604397,-2.82028,-0.601266,1,0
3.0321,1.08132,0.582417,-2.8215,-0.606502,1,0
3.03076,1.08132,0.626373,-2.82272,-0.620465,1,0
3.02961,1.08718,0.604397,-2.82412,-0.632159,1,0
3.02846,1.08132,0.582417,-2.82534,-0.645947,1,0
3.02654,1.0696,0.626373,-2.82674,-0.674745,1,0
3.02549,1.0696,0.67033,-2.82813,-0.68958,1,0
3.02386,1.0696,0.736263,-2.82953,-0.693943,1,0
3.02223,1.07546,0.758244,-2.83093,-0.709826,1,0
3.02079,1.07546,0.736263,-2.83232,-0.720472,1,0
3.01926,1.08718,0.736263,-2.83372,-0.72693,1,0
3.01792,1.08718,0.736263,-2.83529,-0.741765,1,0
3.01648,1.08718,0.714287,-2.83668,-0.753633,1,0
3.01447,1.0696,0.736263,-2.83826,-0.758869,1,0
3.01332,1.0696,0.758244,-2.83983,-0.775974,1,0
3.0115,1.06374,0.802197,-2.8414,-0.794125,1,0
3.00968,1.06374,0.846153,-2.84297,-0.80896,1,0
3.00795,1.06374,0.846153,-2.84471,-0.821701,1,0
3.00623,1.07546,0.846153,-2.84628,-0.827112,1,0
3.00469,1.08132,0.824177,-2.84803,-0.841947,1,0
3.00306,1.08718,0.846153,-2.8496,-0.848405,1,0
3.00067,1.08718,0.868134,-2.85135,-0.867604,1,0
2.99942,1.08132,0.868134,-2.85309,-0.874934,1,0
2.99751,1.07546,0.89011,-2.85484,-0.883486,1,0
2.99549,1.07546,0.912086,-2.85676,-0.907048,1,0
2.99367,1.08132,0.89011,-2.8585,-0.923978,1,0
2.99176,1.08718,0.912086,-2.86042,-0.933577,1,0
2.98994,1.08718,0.934067,-2.86234,-0.940035,1,0
2.98811,1.08718,0.912086,-2.86426,-0.949634,1,0
2.98553,1.08132,0.934067,-2.86618,-0.967611,1,0
2.98409,1.06374,0.956043,-2.8681,-0.979479,1,0
2.98179,1.05788,1,-2.87002,-0.97721,1,0
2.97939,1.05201,1.08791,-2.87211,-0.999725,1,0
2.97738,1.06374,1.06593,-2.87403,-1.01875,1,0
2.97527,1.07546,1.04396,-2.87613,-1.03481,1,0
2.97317,1.07546,1.02198,-2.87822,-1.03795,1,0
2.97096,1.07546,1.04396,-2.88032,-1.05296,1,0
2.96809,1.07546,1.06593,-2.88241,-1.07093,1,0
2.96646,1.0696,1.10989,-2.88451,-1.07093,1,0
2.96416,1.07546,1.15385,-2.88678,-1.09345,1,0
2.96186,1.08132,1.10989,-2.88904,-1.10078,1,0
2.95956,1.07546,1.10989,-2.89114,-1.12853,1,0
2.95726,1.07546,1.13187,-2.89358,-1.14337,1,0
2.95477,1.07546,1.15385,-2.89585,-1.14337,1,0
2.95228,1.07546,1.15385,-2.89812,-1.15296,1,0
2.94911,1.08132,1.1978,-2.90039,-1.16483,1,0
2.94739,1.08132,1.1978,-2.90283,-1.18281,1,0
2.94471,1.08132,1.1978,-2.9051,-1.20096,1,0
2.94241,1.08718,1.21978,-2.90755,-1.21597,1,0
2.93991,1.08718,1.1978,-2.90999,-1.21702,1,0
2.93771,1.08718,1.17582,-2.91261,-1.24896,1,0
2.93503,1.08132,1.1978,-2.91505,-1.26065,1,0
2.93254,1.07546,1.24176,-2.91749,-1.25751,1,0
2.92909,1.08132,1.21978,-2.92011,-1.2713,1,0
2.92736,1.08132,1.26374,-2.92273,-1.29364,1,0
2.92468,1.08132,1.28571,-2.92535,-1.3001,1,0
2.92199,1.0696,1.28571,-2.92779,-1.30743,1,0
2.91931,1.06374,1.30769,-2.93058,-1.33099,1,0
2.91644,1.06374,1.37363,-2.9332,-1.34164,1,0
2.91366,1.07546,1.37363,-2.93599,-1.35123,1,0
2.91097,1.07546,1.35165,-2.93861,-1.35228,1,0
2.90724,1.0696,1.37363,-2.9414,-1.37881,1,0
2.90513,1.0696,1.3956,-2.9442,-1.38632,1,0
2.90235,1.0696,1.3956,-2.94699,-1.39906,1,0
2.89967,1.08132,1.37363,-2.94978,-1.41197,1,0
2.8967,1.08132,1.37363,-2.95257,-1.41826,1,0
2.89392,1.0696,1.3956,-2.95537,-1.43536,1,0
2.89085,1.06374,1.41758,-2.95833,-1.44601,1,0
2.88778,1.0696,1.46154,-2.96113,-1.45019,1,0
2.88376,1.0696,1.50549,-2.96409,-1.4769,1,0
2.88146,1.0696,1.52747,-2.96706,-1.48109,1,0
2.87839,1.0696,1.52747,-2.97003,-1.49278,1,0
2.87523,1.08132,1.54945,-2.973,-1.49924,1,0
2.87207,1.08132,1.54945,-2.97614,-1.51739,1,0
2.86891,1.08132,1.54945,-2.9791,-1.53659,1,0
2.86584,1.08132,1.54945,-2.98225,-1.53764,1,0
2.86249,1.08718,1.57143,-2.98539,-1.55683,1,0
2.85856,1.08132,1.54945,-2.98853,-1.56416,1,0
2.85607,1.08132,1.61538,-2.99167,-1.58546,1,0
2.85319,1.08132,1.57143,-2.99481,-1.59401,1,0
2.84974,1.08132,1.61538,-2.99795,-1.6057,1,0
2.84658,1.0696,1.57143,-3.00127,-1.62385,1,0
2.84332,1.06374,1.61538,-3.00459,-1.63136,1,0
2.83978,1.06374,1.63736,-3.00773,-1.64096,1,0
2.83623,1.06374,1.65934,-3.01104,-1.64096,1,0
2.83182,1.05788,1.7033,-3.01436,-1.66016,1,0
2.82933,1.05788,1.72527,-3.01768,-1.66976,1,0
2.82569,1.06374,1.74725,-3.02099,-1.6825,1,0
2.82224,1.06374,1.74725,-3.02448,-1.69733,1,0
2.8186,1.0696,1.76923,-3.0278,-1.70589,1,0
2.81524,1.07546,1.72527,-3.03129,-1.71548,1,0
2.8117,1.08718,1.74725,-3.03478,-1.72823,1,0
2.80825,1.08132,1.72527,-3.03827,-1.74533,1,0
2.80327,1.08132,1.74725,-3.04176,-1.75283,1,0
2.80106,1.08132,1.72527,-3.04525,-1.75702,1,0
2.79732,1.08132,1.79121,-3.04874,-1.77936,1,0
2.79359,1.07546,1.85714,-3.05241,-1.79647,1,0
2.78995,1.07546,1.81319,-3.0559,-1.80502,1,0
2.7865,1.08718,1.81319,-3.05956,-1.81462,1,0
2.78266,1.08718,1.79121,-3.06323,-1.8113,1,0
2.77912,1.08718,1.83516,-3.06689,-1.82945,1,0
2.77423,1.09304,1.83516,-3.07056,-1.84115,1,0
2.77174,1.08132,1.81319,-3.07422,-1.8497,1,0
2.76791,1.07546,1.83516,-3.07789,-1.86139,1,0
2.76417,1.07546,1.85714,-3.08155,-1.8785,1,0
2.76033,1.0696,1.9011,-3.08539,-1.88164,1,0
2.75621,1.06374,1.9011,-3.08923,-1.89229,1,0
2.75229,1.06374,1.94505,-3.0929,-1.90939,1,0
2.74826,1.0696,1.96703,-3.09674,-1.92108,1,0
2.74309,1.0696,1.98901,-3.10058,-1.92213,1,0
2.74021,1.07546,2.01099,-3.10459,-1.94988,1,0
2.73628,1.07546,1.98901,-3.10843,-1.95302,1,0
2.73216,1.0696,2.01099,-3.11227,-1.94674,1,0
2.72814,1.0696,2.01099,-3.11629,-1.97327,1,0
2.72411,1.07546,2.01099,-3.12013,-1.98706,1,0
2.7199,1.07546,2.05495,-3.12414,-2.00207,1,0
2.71568,1.07546,2.05495,-3.12815,-2.00957,1,0
2.71022,1.08132,2.05495,-3.13217,-2.02127,1,0
2.70753,1.07546,2.03297,-3.13636,-2.0265,1,0
2.70341,1.07546,2.03297,-3.14037,-2.04361,1,0
2.69929,1.08132,2.05495,3.13863,-2.05635,1,0
2.69498,1.0696,2.07692,3.13444,-2.06281,1,0
2.69086,1.0696,2.07692,3.13025,-2.0841,1,0
2.68636,1.07546,2.0989,3.12606,-2.09056,1,0
2.68214,1.0696,2.12088,3.12187,-2.1012,1,0
2.67649,1.07546,2.12088,3.11768,-2.10749,1,0
2.67352,1.07546,2.14286,3.11349,-2.12459,1,0
2.6693,1.0696,2.14286,3.10931,-2.14152,1,0
2.6647,1.07546,2.16484,3.10494,-2.15339,1,0
2.66048,1.07546,2.16484,3.10058,-2.16403,1,0
2.65627,1.07546,2.12088,3.09622,-2.16718,1,0
2.65186,1.07546,2.16484,3.09203,-2.17468,1,0
2.64745,1.07546,2.16484,3.08749,-2.20767,1,0
2.64122,1.08132,2.20879,3.08313,-2.20453,1,0
2.63854,1.08132,2.20879,3.07876,-2.20662,1,0
2.63394,1.07546,2.20879,3.0744,-2.22355,1,0
2.62982,1.08132,2.16484,3.06986,-2.23961,1,0
2.62522,1.08132,2.20879,3.06532,-2.25671,1,0
2.62052,1.07546,2.23077,3.06079,-2.26841,1,0
2.61602,1.0696,2.25275,3.05625,-2.27259,1,0
2.61132,1.06374,2.2967,3.05171,-2.2801,1,0
2.6051,1.05788,2.2967,3.04717,-2.28865,1,0
2.60174,1.05201,2.34066,3.04263,-2.30139,1,0
2.59676,1.05201,2.38462,3.03792,-2.3185,1,0
2.59178,1.06374,2.40659,3.03338,-2.33438,1,0
2.58718,1.0696,2.38462,3.02867,-2.3377,1,0
2.58219,1.07546,2.40659,3.02396,-2.35253,1,0
2.57731,1.08718,2.45055,3.01925,-2.35672,1,0
2.57242,1.08132,2.42857,3.01453,-2.37382,1,0
2.56619,1.08132,2.40659,3.00982,-2.37801,1,0
2.56274,1.08718,2.42857,3.00511,-2.38761,1,0
2.55776,1.08718,2.42857,3.00022,-2.40472,1,0
2.55306,1.08718,2.40659,2.99534,-2.41536,1,0
2.54817,1.08132,2.40659,2.99062,-2.43247,1,0
2.54329,1.08132,2.42857,2.98574,-2.43561,1,0
2.5385,1.08718,2.38462,2.98085,-2.4494,1,0
2.53351,1.08132,2.42857,2.97596,-2.46545,1,0
2.52728,1.07546,2.40659,2.9709,-2.4761,1,0
2.52374,1.0696,2.42857,2.96601,-2.49216,1,0
2.51895,1.0696,2.42857,2.96095,-2.49635,1,0
2.51396,1.0696,2.45055,2.95607,-2.49739,1,0
2.5086,1.06374,2.49451,2.951,-2.50699,1,0
2.50362,1.06374,2.53846,2.94594,-2.52724,1,0
2.49844,1.0696,2.56044,2.94088,-2.53998,1,0
2.49307,1.07546,2.58242,2.93582,-2.54958,1,0
2.48656,1.08132,2.56044,2.93076,-2.56127,1,0
2.48301,1.08132,2.53846,2.92552,-2.57419,1,0
2.47774,1.08132,2.58242,2.92046,-2.58588,1,0
2.47266,1.08132,2.53846,2.91522,-2.60508,1,0
2.46739,1.07546,2.56044,2.90999,-2.60613,1,0
2.46193,1.0696,2.6044,2.90475,-2.61887,1,0
2.45647,1.06374,2.64835,2.89952,-2.62637,1,0
2.45091,1.05788,2.69231,2.89428,-2.63266,1,0
2.44324,1.05201,2.73626,2.88904,-2.64226,1,0
2.43979,1.05788,2.73626,2.88381,-2.66355,1,0
2.43414,1.05788,2.75824,2.8784,-2.67419,1,0
2.42858,1.0696,2.78022,2.87316,-2.67524,1,0
2.42312,1.07546,2.75824,2.86775,-2.68589,1,0
2.41747,1.08718,2.78022,2.86234,-2.70509,1,0
2.412,1.08718,2.73626,2.85693,-2.70509,1,0
2.40693,1.0989,2.69231,2.85152,-2.71678,1,0
2.39984,1.10476,2.67033,2.84611,-2.73493,1,0
2.39639,1.0989,2.62637,2.84052,-2.74994,1,0
2.39131,1.0989,2.6044,2.83511,-2.75518,1,0
2.38584,1.08132,2.62637,2.82953,-2.76478,1,0
2.38048,1.06374,2.67033,2.82412,-2.76897,1,0
2.37482,1.05201,2.73626,2.81853,-2.78607,1,0
2.36898,1.04615,2.78022,2.81295,-2.80213,1,0
2.36333,1.05201,2.78022,2.80736,-2.80422,1,0
2.35547,1.05788,2.84615,2.80178,-2.81487,1,0
2.35163,1.06374,2.84615,2.79602,-2.8201,1,0
2.34579,1.07546,2.86813,2.79043,-2.8297,1,0
2.34004,1.08132,2.84615,2.78485,-2.83721,1,0
2.33439,1.08718,2.86813,2.77909,-2.85745,1,0
2.32844,1.0989,2.89011,2.77333,-2.86705,1,0
2.32279,1.0989,2.86813,2.76757,-2.88416,1,0
2.31704,1.09304,2.86813,2.76181,-2.89044,1,0
2.30918,1.07546,2.89011,2.75605,-2.89254,1,0
2.30516,1.0696,2.93407,2.75029,-2.91069,1,0
2.29912,1.05788,2.93407,2.74453,-2.91819,1,0
2.29318,1.06374,2.95604,2.7386,-2.9449,1,0
2.28705,1.07546,2.97802,2.73266,-2.95013,1,0
2.28101,1.09304,3,2.7269,-2.95223,1,0
2.27516,1.09304,2.97802,2.72097,-2.95432,1,0
2.26894,1.0989,3,2.71504,-2.97142,1,0
2.26127,1.09304,2.93407,2.7091,-2.98958,1,0
2.25715,1.09304,3,2.70299,-3.00232,1,0
2.25121,1.08718,2.97802,2.69706,-3.00546,1,0
2.24479,1.08132,3.04396,2.69095,-3.02466,1,0
2.23865,1.07546,3.04396,2.68502,-3.0353,1,0
2.23223,1.06374,3.10989,2.67891,-3.04595,1,0
2.22581,1.05788,3.13187,2.6728,-3.04386,1,0
2.21949,1.05201,3.15385,2.66669,-3.05555,1,0
2.21058,1.05201,3.17582,2.66058,-3.07475,1,0
2.20655,1.06374,3.1978,2.65447,-3.07911,1,0
2.20032,1.0696,3.15385,2.64836,-3.08871,1,0
2.1939,1.08132,3.17582,2.64208,-3.10459,1,0
2.18777,1.08132,3.13187,2.63597,-3.11,1,0
2.18135,1.08718,3.13187,2.62969,-3.12903,1,0
2.17512,1.09304,3.13187,2.62341,-3.14194,1,0
2.16908,1.09304,3.08791,2.61712,-3.14613,1,0
2.16084,1.08718,3.06593,2.61084,-3.15887,1,0
2.15653,1.08132,3.13187,2.60456,-3.17912,1,0
2.1504,1.0696,3.13187,2.5981,-3.18558,1,0
2.14398,1.06374,3.15385,2.59181,-3.18872,1,0
2.13746,1.05201,3.13187,2.58536,-3.20896,1,0
2.13095,1.05788,3.1978,2.57907,-3.20896,1,0
2.12433,1.05788,3.21978,2.57262,-3.21961,1,0
2.11782,1.07546,3.24176,2.56616,-3.23462,1,0
2.10919,1.08132,3.24176,2.5597,-3.23986,1,0
2.10507,1.08718,3.1978,2.55324,-3.25905,1,0
2.09856,1.08718,3.21978,2.54661,-3.28035,1,0
2.09214,1.07546,3.21978,2.53998,-3.28785,1,0
2.08524,1.06374,3.28571,2.53352,-3.28785,1,0
2.07843,1.06374,3.30769,2.52689,-3.29204,1,0
2.07192,1.06374,3.32967,2.52043,-3.306,1,0
2.06492,1.0696,3.35165,2.5138,-3.32398,1,0
2.0563,1.07546,3.32967,2.50699,-3.34108,1,0
2.0516,1.08132,3.32967,2.50036,-3.34754,1,0
2.0448,1.08132,3.37363,2.49373,-3.35592,1,0
2.0379,1.08718,3.37363,2.48692,-3.35819,1,0
2.03148,1.0989,3.30769,2.48029,-3.37198,1,0
2.02487,1.10476,3.32967,2.47348,-3.39013,1,0
2.01835,1.10476,3.26374,2.46667,-3.39641,1,0
2.01193,1.09304,3.26374,2.45987,-3.40392,1,0
2.00292,1.07546,3.30769,2.45306,-3.41771,1,0
1.99794,1.05788,3.37363,2.44625,-3.43586,1,0
1.99104,1.05201,3.3956,2.43945,-3.44441,1,0
1.98404,1.05201,3.43956,2.43247,-3.45191,1,0
1.97695,1.05201,3.46154,2.42566,-3.45191,1,0
1.96976,1.06374,3.50549,2.41868,-3.47007,1,0
1.96277,1.07546,3.50549,2.4117,-3.48071,1,0
1.95568,1.08718,3.50549,2.40472,-3.48909,1,0
1.94629,1.08718,3.46154,2.39773,-3.50305,1,0
1.94178,1.09304,3.50549,2.39075,-3.51998,1,0
1.93498,1.08132,3.48352,2.38377,-3.54023,1,0
1.92789,1.07546,3.48352,2.37662,-3.54459,1,0
1.92089,1.06374,3.50549,2.36963,-3.54669,1,0
1.91371,1.05788,3.52747,2.36248,-3.55838,1,0
1.90623,1.06374,3.57143,2.35532,-3.57234,1,0
1.89914,1.0696,3.52747,2.34817,-3.57548,1,0
1.88956,1.08132,3.57143,2.34101,-3.59363,1,0
1.88486,1.09304,3.57143,2.33386,-3.59887,1,0
1.87768,1.09304,3.54945,2.3267,-3.62016,1,0
1.87058,1.08718,3.54945,2.31937,-3.63081,1,0
1.8633,1.07546,3.57143,2.31221,-3.6425,1,0
1.85583,1.06374,3.63736,2.30488,-3.64582,1,0
1.84854,1.05788,3.61538,2.29755,-3.6542,1,0
1.84117,1.0696,3.63736,2.29022,-3.66275,1,0
1.8312,1.07546,3.65934,2.28289,-3.66502,1,0
1.82622,1.0696,3.68132,2.27556,-3.67881,1,0
1.81884,1.07546,3.72527,2.26823,-3.69469,1,0
1.81117,1.08132,3.72527,2.2609,-3.70219,1,0
1.80379,1.09304,3.72527,2.2534,-3.7172,1,0
1.79622,1.09304,3.74725,2.24607,-3.72994,1,0
1.78884,1.08718,3.7033,2.23856,-3.73623,1,0
1.78156,1.07546,3.7033,2.23106,-3.74914,1,0
1.77131,1.06374,3.72527,2.22355,-3.76398,1,0
1.76623,1.0696,3.74725,2.21605,-3.76188,1,0
1.75856,1.0696,3.79121,2.20854,-3.77044,1,0
1.7509,1.0696,3.79121,2.20104,-3.78108,1,0
1.74333,1.07546,3.79121,2.19336,-3.78859,1,0
1.73547,1.07546,3.81319,2.18585,-3.80447,1,0
1.7278,1.08718,3.81319,2.17817,-3.81948,1,0
1.72014,1.08132,3.81319,2.17049,-3.83013,1,0
1.70988,1.07546,3.83516,2.16281,-3.84077,1,0
1.7048,1.0696,3.83516,2.15513,-3.84496,1,0
1.69695,1.06374,3.85714,2.14745,-3.85561,1,0
1.68909,1.06374,3.87912,2.13977,-3.88545,1,0
1.68094,1.06374,3.92308,2.13192,-3.88964,1,0
1.67318,1.0696,3.9011,2.12424,-3.88126,1,0
1.66532,1.08132,3.92308,2.11639,-3.90029,1,0
1.65737,1.09304,3.94505,2.10871,-3.91844,1,0
1.64683,1.10476,3.87912,2.10085,-3.92595,1,0
1.64194,1.10476,3.85714,2.093,-3.93554,1,0
1.63437,1.09304,3.83516,2.08497,-3.95143,1,0
1.62651,1.07546,3.85714,2.07712,-3.95038,1,0
1.61856,1.06374,3.9011,2.06926,-3.96644,1,0
1.61051,1.05788,3.92308,2.06123,-3.97708,1,0
1.60246,1.06374,3.98901,2.05338,-3.98668,1,0
1.59412,1.05788,4.03297,2.04535,-3.98459,1,0
1.58339,1.06374,4.03297,2.0375,-3.99401,1,0
1.57774,1.08718,4.05495,2.02947,-4.01007,1,0
1.56998,1.09304,3.98901,2.02144,-4.01967,1,0
1.56183,1.08132,4.03297,2.01341,-4.03136,1,0
1.55388,1.08132,4.01099,2.00521,-4.04951,1,0
1.54554,1.0696,4.05495,1.99718,-4.0537,1,0
1.5373,1.06374,4.07692,1.98898,-4.05056,1,0
1.52925,1.07546,4.07692,1.98095,-4.05475,1,0
1.51833,1.08132,4.0989,1.97292,-4.06016,1,0
1.51267,1.08718,4.0989,1.96472,-4.07831,1,0
1.50481,1.09304,4.07692,1.95651,-4.09419,1,0
1.49676,1.09304,4.03297,1.94831,-4.09629,1,0
1.48843,1.08718,4.05495,1.94011,-4.10379,1,0
1.48028,1.07546,4.07692,1.93191,-4.11985,1,0
1.47214,1.0696,4.07692,1.9237,-4.12613,1,0
1.4637,1.06374,4.12088,1.9155,-4.13155,1,0
1.4524,1.05788,4.14286,1.90712,-4.14324,1,0
1.44655,1.05788,4.20879,1.89892,-4.14533,1,0
1.43793,1.05788,4.25275,1.89054,-4.16034,1,0
1.42959,1.08132,4.23077,1.88216,-4.16139,1,0
1.42125,1.08718,4.20879,1.87396,-4.16558,1,0
1.41292,1.09304,4.16484,1.86558,-4.17413,1,0
1.40477,1.0989,4.12088,1.85721,-4.18268,1,0
1.39672,1.09304,4.0989,1.84883,-4.18687,1,0
1.38589,1.08718,4.07692,1.84045,-4.20502,1,0
1.38043,1.08132,4.0989,1.83207,-4.23382,1,0
1.372,1.06374,4.0989,1.82352,-4.23906,1,0
1.36309,1.05788,4.20879,1.81514,-4.24133,1,0
1.35465,1.0696,4.20879,1.80659,-4.2497,0,0
1.34622,1.07546,4.25275,1.79804,-4.25826,0,0
1.33779,0.917216,4.20879,1.78949,-4.26367,0,0
1.33003,0.747252,4.07692,1.78093,-4.26576,0,0
1.32035,0.518682,3.81319,1.77238,-4.2806,0,0
1.31604,0.454212,3.74725,1.76383,-4.2806,0,0
1.30923,0.325274,3.59341,1.75528,-4.28164,0,0
1.30233,0.231502,3.54945,1.74673,-4.27536,0,0
1.29505,0.161172,3.59341,1.73835,-4.26262,0,0
1.28786,0.102564,3.59341,1.7298,-4.26576,0,0
1.28048,0.067399,3.59341,1.72124,-4.26786,0,0
1.27301,0.0439558,3.65934,1.71269,-4.26262,0,0
1.26295,0.0205126,3.65934,1.70414,-4.25616,0,0
1.25787,-0.00293064,3.72527,1.69576,-4.24656,0,0
1.25011,-0.0205126,3.79121,1.68721,-4.22946,0,0
1.24244,-0.0322342,3.79121,1.67883,-4.22632,0,0
1.2343,-0.0380955,3.87912,1.67028,-4.22108,0,0
1.22615,-0.0380955,3.94505,1.6619,-4.21148,0,0
1.21781,-0.0263739,3.98901,1.65353,-4.19857,0,0
1.20928,-0.0205126,4.05495,1.64515,-4.18687,0,0
1.19846,-0.0263739,4.0989,1.63677,-4.19124,0,0
1.19271,-0.0205126,4.14286,1.62839,-4.17518,0,0
1.18418,-0.0263739,4.20879,1.62019,-4.16453,0,0
1.17546,-0.0322342,4.25275,1.61181,-4.16244,0,0
1.16683,-0.0322342,4.27473,1.60343,-4.14865,0,0
1.15821,-0.0322342,4.27473,1.59523,-4.14324,0,0
1.14968,-0.0263739,4.2967,1.58703,-4.1305,0,0
1.14134,-0.00879097,4.25275,1.57865,-4.1113,0,0
1.13051,-0.00293064,4.18681,1.57045,-4.11654,0,0
1.12505,0.00879097,4.14286,1.56224,-4.1188,0,0
1.11691,0.0205126,4.07692,1.55404,-4.10694,0,0
1.10915,0.0205126,4.01099,1.54584,-4.10379,0,0
1.10138,0.00879097,3.94505,1.53764,-4.09524,0,0
1.09372,0.00879097,3.92308,1.52943,-4.08791,0,0
1.08596,0.00879097,3.9011,1.52123,-4.08896,0,0
1.07791,-0.00293064,3.92308,1.5132,-4.07604,0,0
1.06708,-0.00879097,3.96703,1.505,-4.06767,0,0
1.06152,-0.0146523,4.03297,1.4968,-4.06871,0,0
1.05309,-0.0146523,4.0989,1.48877,-4.05702,0,0
1.04485,-0.0205126,4.07692,1.48056,-4.0441,0,0
1.0366,-0.0205126,4.12088,1.47254,-4.04742,0,0
1.02846,-0.0205126,4.0989,1.46451,-4.05161,0,0
1.02022,-0.0205126,4.07692,1.4563,-4.03136,0,0
1.01226,-0.0146523,4.03297,1.44827,-4.02927,0,0
1.00172,-0.00293064,3.94505,1.44025,-4.02176,0,0
0.996837,0.00879097,3.96703,1.43222,-4.01321,0,0
0.989075,0.0146523,3.92308,1.42419,-4.00483,0,0
0.981409,0.0205126,3.85714,1.41616,-3.99401,0,0
0.97403,0.0263739,3.81319,1.40831,-3.98773,0,0
0.966364,0.0146523,3.81319,1.40028,-3.98337,0,0
0.958506,-0.00293064,3.85714,1.39225,-3.97272,0,0
0.950457,-0.0263739,3.92308,1.3844,-3.97708,0,0
0.939724,-0.0322342,3.96703,1.37637,-3.96644,0,0
0.93407,-0.0380955,4.01099,1.36851,-3.95788,0,0
0.925637,-0.0322342,4.03297,1.36048,-3.96539,0,0
0.917876,-0.00879097,4.03297,1.35263,-3.95684,0,0
0.909922,0.00293064,3.98901,1.34478,-3.94724,0,0
0.902352,0.0146523,3.94505,1.33692,-3.93764,0,0
0.894686,0.0263739,3.87912,1.32889,-3.93554,0,0
0.887211,0.0205126,3.83516,1.32104,-3.92699,0,0
0.877437,0.0205126,3.76923,1.31319,-3.92053,0,0
0.872454,0.0146523,3.72527,1.30533,-3.9228,0,0
0.865075,0.00879097,3.72527,1.29748,-3.92158,0,0
0.857792,0.00293064,3.7033,1.2898,-3.90675,0,0
0.850318,-0.00293064,3.72527,1.28194,-3.90361,0,0
0.84246,-0.00879097,3.76923,1.27409,-3.8961,0,0
0.834506,-0.00293064,3.83516,1.26641,-3.89069,0,0
0.826649,-0.00293064,3.85714,1.25856,-3.88126,0,0
0.816491,-0.00293064,3.85714,1.25088,-3.87585,0,0
0.811125,-0.00879097,3.85714,1.24302,-3.86416,0,0
0.803458,-0.0205126,3.87912,1.23534,-3.8577,0,0
0.795984,-0.00879097,3.81319,1.22767,-3.85247,0,0
0.788414,-0.00879097,3.81319,1.21999,-3.83955,0,0
0.780748,-0.00293064,3.79121,1.21231,-3.82891,0,0
0.773178,0.00293064,3.79121,1.20463,-3.81512,0,0
0.765799,0.00293064,3.76923,1.19695,-3.81512,0,0
0.756024,0.0146523,3.72527,1.18927,-3.81512,0,0
0.751041,0.00879097,3.72527,1.18176,-3.80988,0,0
0.743567,0.00879097,3.72527,1.17408,-3.80761,0,0
0.735997,-0.00879097,3.72527,1.1664,-3.80447,0,0
0.728331,-0.0205126,3.76923,1.1589,-3.79173,0,0
0.720473,-0.0263739,3.81319,1.15122,-3.78527,0,0
0.712711,-0.0263739,3.81319,1.14371,-3.78527,0,0
0.704949,-0.0205126,3.85714,1.13621,-3.76939,0,0
0.694408,-0.00293064,3.83516,1.12853,-3.77044,0,0
0.689616,0.00293064,3.83516,1.12103,-3.76939,0,0
0.682046,0.0146523,3.81319,1.11352,-3.76293,0,0
0.674476,0.0205126,3.79121,1.10602,-3.7577,0,0
0.667001,0.0205126,3.74725,1.09851,-3.74059,0,0
0.659814,0.0205126,3.7033,1.09101,-3.74059,0,0
0.652819,0.00879097,3.63736,1.0835,-3.7289,0,0
0.645824,0.00879097,3.59341,1.076,-3.72785,0,0
0.636145,0.00293064,3.59341,1.06867,-3.72035,0,0
0.631258,-0.00293064,3.59341,1.06116,-3.71284,0,0
0.623496,-0.00879097,3.63736,1.05383,-3.70429,0,0
0.616213,-0.0146523,3.68132,1.04633,-3.69155,0,0
0.60826,-0.00293064,3.74725,1.03899,-3.68841,0,0
0.601264,-0.00879097,3.72527,1.03149,-3.68841,0,0
0.593407,-0.00293064,3.76923,1.02416,-3.6809,0,0
0.585836,-0.0146523,3.72527,1.01683,-3.66816,0,0
0.576062,-0.0205126,3.76923,1.0095,-3.66066,0,0
0.570983,-0.0146523,3.72527,1.00217,-3.64896,0,0
0.563509,-0.0205126,3.72527,0.994838,-3.65001,0,0
0.55613,-0.0146523,3.74725,0.987508,-3.64582,0,0
0.548943,-0.00293064,3.65934,0.980352,-3.63413,0,0
0.541373,0.00293064,3.68132,0.973021,-3.62331,0,0
0.534281,0.0146523,3.61538,0.965691,-3.62121,0,0
0.527286,0.0205126,3.59341,0.958535,-3.62453,0,0
0.518278,0.0263739,3.52747,0.951205,-3.61597,0,0
0.513487,0.0146523,3.50549,0.944049,-3.62016,0,0
0.506109,0.00293064,3.52747,0.936719,-3.60428,0,0
0.499209,-0.00879097,3.52747,0.929563,-3.60097,0,0
0.491926,-0.0146523,3.54945,0.922407,-3.58822,0,0
0.484452,-0.0205126,3.61538,0.915251,-3.58404,0,0
0.476882,-0.0263739,3.63736,0.907921,-3.58822,0,0
0.469694,-0.0146523,3.65934,0.900765,-3.57444,0,0
0.459824,-0.00879097,3.7033,0.893609,-3.56274,0,0
0.454937,0.00293064,3.63736,0.886628,-3.56274,0,0
0.44775,0.00879097,3.63736,0.879472,-3.56047,0,0
0.440659,0.00879097,3.59341,0.872316,-3.54459,0,0
0.433664,0.00293064,3.57143,0.86516,-3.53185,0,0
0.426476,0.00293064,3.57143,0.858179,-3.52539,0,0
0.419481,0.00293064,3.50549,0.851023,-3.51789,0,0
0.412486,0.00293064,3.50549,0.844042,-3.51475,0,0
0.402903,0.00293064,3.46154,0.83706,-3.5137,0,0
0.398879,0.00879097,3.43956,0.829904,-3.50724,0,0
0.391883,0.00879097,3.50549,0.822923,-3.50096,0,0
0.384888,0.0146523,3.46154,0.815942,-3.49555,0,0
0.37818,0.00879097,3.3956,0.80896,-3.48699,0,0
0.371185,0.0146523,3.46154,0.801979,-3.48176,0,0
0.364285,-0.00293064,3.43956,0.794998,-3.48385,0,0
0.35729,-0.00879097,3.46154,0.788016,-3.4753,0,0
0.347899,-0.0205126,3.50549,0.781035,-3.46047,0,0
0.343012,-0.0205126,3.50549,0.774228,-3.4486,0,0
0.335729,-0.0263739,3.52747,0.767247,-3.44441,0,0
0.328829,-0.0205126,3.50549,0.76044,-3.43271,0,0
0.321642,-0.0146523,3.54945,0.753459,-3.4369,0,0
0.314455,-0.00293064,3.57143,0.746652,-3.42626,0,0
0.307173,0.00879097,3.52747,0.739845,-3.40933,0,0
0.300848,0.0146523,3.46154,0.733039,-3.41142,0,0
0.291744,0.0205126,3.46154,0.726057,-3.40933,0,0
0.28724,0.0205126,3.3956,0.71925,-3.39432,0,0
0.280628,0.0146523,3.35165,0.712444,-3.39118,0,0
0.274208,0.00879097,3.28571,0.705637,-3.39118,0,0
0.267596,0.00293064,3.26374,0.69883,-3.39327,0,0
0.26108,-0.00293064,3.28571,0.692198,-3.38262,0,0
0.254468,-0.00293064,3.28571,0.685391,-3.37844,0,0
0.24776,-0.00293064,3.30769,0.678584,-3.37302,0,0
0.238656,-0.00293064,3.32967,0.671778,-3.37198,0,0
0.234057,-0.00293064,3.37363,0.665145,-3.36343,0,0
0.227157,-0.00293064,3.3956,0.658338,-3.34859,0,0
0.220353,0.00293064,3.3956,0.651706,-3.33794,0,0
0.213454,-0.0146523,3.37363,0.645074,-3.3369,0,0
0.20665,-0.0146523,3.3956,0.638267,-3.33585,0,0
0.199751,-0.0205126,3.3956,0.631635,-3.31979,0,0
0.193043,-0.0205126,3.3956,0.625003,-3.31874,0,0
0.183939,-0.0205126,3.43956,0.61837,-3.30915,0,0
0.179244,-0.0146523,3.41758,0.611738,-3.30915,0,0
0.17244,-0.00293064,3.41758,0.605106,-3.30164,0,0
0.165541,0.00879097,3.41758,0.598474,-3.29414,0,0
0.158928,0.0146523,3.37363,0.591841,-3.28681,0,0
0.152604,0.0146523,3.30769,0.585384,-3.2889,0,0
0.145992,0.0205126,3.28571,0.578751,-3.28349,0,0
0.13938,0.0146523,3.30769,0.572119,-3.27511,0,0
0.13066,0.00293064,3.24176,0.565661,-3.26551,0,0
0.126156,-0.00879097,3.28571,0.559029,-3.25487,0,0
0.11964,-0.00879097,3.30769,0.552571,-3.2601,0,0
0.113028,-0.00879097,3.30769,0.545939,-3.24631,0,0
0.10632,-0.00879097,3.28571,0.539482,-3.24195,0,0
0.0997076,-0.00879097,3.28571,0.533024,-3.23026,0,0
0.0930955,0.00293064,3.32967,0.526566,-3.21752,0,0
0.0864837,0.00879097,3.28571,0.520108,-3.21106,0,0
0.077955,0.0146523,3.30769,0.513651,-3.22066,0,0
0.0734513,0.0146523,3.21978,0.507193,-3.21542,0,0
0.0670307,0.00879097,3.21978,0.500735,-3.20373,0,0
0.0607061,-0.00293064,3.21978,0.494452,-3.19727,0,0
0.0543818,-0.00879097,3.21978,0.487994,-3.18976,0,0
0.0481529,-0.00879097,3.15385,0.481711,-3.17807,0,0
0.0418284,-0.00293064,3.15385,0.475253,-3.17284,0,0
0.0355036,-0.00293064,3.13187,0.46897,-3.17057,0,0
0.0274544,0.00293064,3.08791,0.462512,-3.17284,0,0
0.0232382,0.00879097,3.08791,0.456229,-3.16428,0,0
0.0171051,0.0146523,3.08791,0.449946,-3.14927,0,0
0.0110681,0.0146523,3.06593,0.443488,-3.14404,0,0
0.00474334,0.0205126,3.04396,0.437205,-3.14718,0,0
-0.00119781,0.0146523,3.04396,0.430922,-3.13549,0,0
-0.00733066,0.00293064,3.06593,0.424639,-3.12798,0,0
-0.0136554,-0.00879097,3.06593,0.41853,-3.11838,0,0
-0.0218964,-0.0205126,3.08791,0.412247,-3.10878,0,0
-0.0264003,-0.0263739,3.10989,0.405964,-3.10564,0,0
-0.0324373,-0.0263739,3.13187,0.399855,-3.09604,0,0
-0.0387619,-0.0263739,3.10989,0.393572,-3.08644,0,0
-0.0450864,-0.0146523,3.15385,0.387463,-3.08749,0,0
-0.0511234,-0.00293064,3.08791,0.38118,-3.07265,0,0
-0.0572565,0.00879097,3.04396,0.375071,-3.06096,0,0
-0.0630059,0.0146523,3.02198,0.368963,-3.06515,0,0
-0.0707679,0.0205126,2.97802,0.362854,-3.06724,0,0
-0.074697,0.0205126,2.95604,0.356571,-3.05782,0,0
-0.0804465,0.0146523,2.91209,0.350462,-3.04386,0,0
-0.0862918,0.00293064,2.89011,0.344354,-3.04386,0,0
-0.092329,-0.00879097,2.93407,0.338419,-3.0353,0,0
-0.0985577,-0.0263739,2.97802,0.332311,-3.0257,0,0
-0.104403,-0.0205126,3,0.326202,-3.02256,0,0
-0.11044,-0.0263739,2.97802,0.320094,-3.02256,0,0
-0.118969,-0.0146523,3,0.314159,-3.01942,0,0
-0.12261,-0.0146523,3,0.308051,-3.00022,0,0
-0.128551,-0.00293064,3,0.302117,-2.99918,0,0
-0.134589,0.00879097,3,0.296008,-2.98958,0,0
-0.14053,0.0205126,2.93407,0.290074,-2.97998,0,0
-0.146183,0.0205126,2.91209,0.28414,-2.98312,0,0
-0.151933,0.0205126,2.89011,0.278206,-2.97457,0,0
-0.157779,0.00879097,2.91209,0.272097,-2.97247,0,0
-0.165349,-0.00293064,2.91209,0.266163,-2.96497,0,0
-0.169374,-0.0146523,2.89011,0.260403,-2.94908,0,0
-0.175315,-0.0205126,2.91209,0.254469,-2.94594,0,0
-0.181256,-0.0205126,2.91209,0.248535,-2.93739,0,0
-0.187102,-0.0205126,2.91209,0.242601,-2.94367,0,0
-0.192851,-0.0146523,2.93407,0.236667,-2.93634,0,0
-0.198888,-0.00293064,2.93407,0.230907,-2.92989,0,0
-0.20435,0.00879097,2.86813,0.224973,-2.92238,0,0
-0.211921,0.0146523,2.89011,0.219213,-2.91173,0,0
-0.215658,0.0146523,2.82418,0.213279,-2.914,0,0
-0.221407,0.00879097,2.82418,0.20752,-2.91173,0,0
-0.226965,0.00879097,2.82418,0.201586,-2.90213,0,0
-0.232811,-0.00879097,2.84615,0.195826,-2.88835,0,0
-0.238465,-0.0146523,2.84615,0.190066,-2.88521,0,0
-0.244406,-0.0205126,2.89011,0.184307,-2.8777,0,0
-0.250251,-0.0205126,2.89011,0.178547,-2.87229,0,0
-0.257822,-0.0263739,2.89011,0.172788,-2.86601,0,0
-0.261942,-0.0146523,2.86813,0.167028,-2.86286,0,0
-0.267404,-0.00879097,2.86813,0.161268,-2.85641,0,0
-0.272962,-0.00293064,2.82418,0.155509,-2.84995,0,0
-0.27852,0.00293064,2.8022,0.149924,-2.83302,0,0
-0.283982,0.0146523,2.78022,0.144164,-2.83721,0,0
-0.289636,0.0146523,2.75824,0.138579,-2.84035,0,0
-0.295002,0.00879097,2.75824,0.13282,-2.83616,0,0
-0.302285,0.00879097,2.71429,0.12706,-2.83302,0,0
-0.306118,-0.00879097,2.78022,0.121475,-2.82342,0,0
-0.311772,-0.0146523,2.78022,0.11589,-2.8105,0,0
-0.317713,-0.0205126,2.84615,0.110305,-2.80213,0,0
-0.323463,-0.0263739,2.84615,0.104545,-2.79462,0,0
-0.328829,-0.0263739,2.84615,0.0989602,-2.79986,0,0
-0.334483,-0.0205126,2.82418,0.0933752,-2.79358,0,0
-0.340233,-0.00879097,2.8022,0.0877901,-2.78293,0,0
-0.347707,0.00293064,2.73626,0.082205,-2.77438,0,0
-0.350773,0.00879097,2.73626,0.07662,-2.76792,0,0
-0.356332,0.00879097,2.73626,0.0712095,-2.76792,0,0
-0.361794,0.00879097,2.73626,0.0656244,-2.75727,0,0
-0.367255,0.00879097,2.69231,0.0600394,-2.75623,0,0
-0.37291,0.00879097,2.71429,0.0546288,-2.75308,0,0
-0.378276,0.00879097,2.71429,0.0490438,-2.75518,0,0
-0.383546,-0.00293064,2.69231,0.0436332,-2.73074,0,0
-0.390637,-0.00293064,2.69231,0.0380482,-2.72743,0,0
-0.394375,-0.0205126,2.71429,0.0326377,-2.73598,0,0
-0.399933,-0.0146523,2.67033,0.0270526,-2.72324,0,0
-0.405299,-0.0146523,2.73626,0.0216421,-2.71259,0,0
-0.410953,-0.0146523,2.69231,0.0162316,-2.70509,0,0
-0.416511,-0.00879097,2.73626,0.010821,-2.70613,0,0
-0.421781,-0.00293064,2.73626,0.00541052,-2.69985,0,0
-0.427339,0.00879097,2.73626,0,-2.69776,0,0
-0.434143,0.0146523,2.69231,-0.00523599,-2.68379,0,0
-0.437784,0.0205126,2.64835,-0.0106465,-2.67856,0,0
-0.443246,0.0146523,2.64835,-0.0158825,-2.67961,0,0
-0.448325,0.0146523,2.64835,-0.021293,-2.67315,0,0
-0.453787,0.00879097,2.67033,-0.0267035,-2.65726,0,0
-0.459153,-0.00293064,2.64835,-0.0319395,-2.64662,0,0
-0.464424,-0.00293064,2.67033,-0.0371755,-2.64435,0,0
-0.46979,-0.0146523,2.67033,-0.0425861,-2.64976,0,0
-0.476785,-0.0146523,2.62637,-0.047822,-2.64871,0,0
-0.480619,-0.0205126,2.67033,-0.0532326,-2.63161,0,0
-0.485698,-0.0205126,2.64835,-0.0584686,-2.62201,0,0
-0.491255,-0.0146523,2.67033,-0.0637045,-2.62847,0,0
-0.496526,-0.00879097,2.67033,-0.0689405,-2.62201,0,0
-0.5017,-0.00293064,2.64835,-0.0741765,-2.59967,0,0
-0.506971,0.00293064,2.62637,-0.0794125,-2.59112,0,0
-0.511858,0.0146523,2.58242,-0.0846485,-2.59548,0,0
-0.51847,0.0205126,2.53846,-0.08971,-2.58483,0,0
-0.52192,0.0146523,2.53846,-0.094946,-2.58361,0,0
-0.527095,0.00879097,2.51648,-0.100182,-2.57733,0,0
-0.532365,-0.00879097,2.56044,-0.105243,-2.56563,0,0
-0.537635,-0.0146523,2.6044,-0.110305,-2.55813,0,0
-0.54281,-0.0205126,2.6044,-0.115541,-2.56668,0,0
-0.548081,-0.0146523,2.6044,-0.120602,-2.56022,0,0
-0.553255,-0.0146523,2.58242,-0.125838,-2.55272,0,0
-0.560346,-0.00293064,2.56044,-0.1309,-2.54329,0,0
-0.563413,-0.00293064,2.53846,-0.135961,-2.54103,0,0
-0.568492,-0.00293064,2.53846,-0.141023,-2.53684,0,0
-0.573475,0.00879097,2.51648,-0.146084,-2.5337,0,0
-0.578649,0.00879097,2.53846,-0.151146,-2.53143,0,0
-0.583536,0.0146523,2.47253,-0.156382,-2.52829,0,0
-0.588328,0.0263739,2.47253,-0.161443,-2.52305,0,0
-0.593119,0.0205126,2.45055,-0.16633,-2.51764,0,0
-0.599827,0.0146523,2.45055,-0.171391,-2.49635,0,0
-0.603373,0.00293064,2.49451,-0.176453,-2.49425,0,0
-0.608356,-0.00879097,2.49451,-0.18134,-2.4857,0,0
-0.613338,-0.0146523,2.49451,-0.186401,-2.48465,0,0
-0.618609,-0.0205126,2.49451,-0.191288,-2.48256,0,0
-0.6234,-0.0205126,2.51648,-0.19635,-2.47401,0,0
-0.628671,-0.0146523,2.51648,-0.201237,-2.46964,0,0
-0.633558,-0.00879097,2.49451,-0.206298,-2.46441,0,0
-0.639787,-0.00293064,2.42857,-0.211185,-2.4569,0,0
-0.643045,-0.00293064,2.47253,-0.216072,-2.45481,0,0
-0.648028,0.00879097,2.42857,-0.220959,-2.44311,0,0
-0.652915,0.0146523,2.45055,-0.225846,-2.44625,0,0
-0.657802,0.0146523,2.40659,-0.230733,-2.43142,0,0
-0.662402,0.0263739,2.40659,-0.23562,-2.4281,0,0
-0.667385,0.0205126,2.42857,-0.240506,-2.43456,0,0
-0.672176,0.0146523,2.40659,-0.245393,-2.42496,0,0
-0.678501,0.00879097,2.45055,-0.25028,-2.41327,0,0
-0.682046,-0.00879097,2.42857,-0.254993,-2.40576,0,0
-0.687029,-0.0146523,2.45055,-0.25988,-2.40472,0,0
-0.691821,-0.0146523,2.42857,-0.264767,-2.40367,0,0
-0.696708,-0.0146523,2.42857,-0.269479,-2.39721,0,0
-0.701403,-0.00879097,2.40659,-0.274366,-2.39197,0,0
-0.706386,-0.00879097,2.42857,-0.279078,-2.38238,0,0
-0.711082,-0.00293064,2.34066,-0.283791,-2.37923,0,0
-0.717406,-0.00293064,2.40659,-0.288678,-2.37487,0,0
-0.720665,0.00293064,2.38462,-0.29339,-2.37068,0,0
-0.725264,0.0146523,2.34066,-0.298102,-2.36318,0,0
-0.72996,0.0205126,2.34066,-0.302815,-2.36004,0,0
-0.734463,0.0263739,2.2967,-0.307527,-2.35672,0,0
-0.738871,0.0263739,2.27473,-0.31224,-2.34939,0,0
-0.743471,0.0146523,2.27473,-0.316952,-2.34712,0,0
-0.748071,0.00879097,2.2967,-0.321664,-2.33979,0,0
-0.754491,-0.00879097,2.31868,-0.326377,-2.34084,0,0
-0.757558,-0.0146523,2.34066,-0.331089,-2.33333,0,0
-0.762349,-0.0205126,2.34066,-0.335627,-2.32059,0,0
-0.76714,-0.0263739,2.36264,-0.340339,-2.30785,0,0
-0.771644,-0.0205126,2.34066,-0.345052,-2.30785,0,0
-0.77634,-0.0146523,2.31868,-0.34959,-2.30139,0,0
-0.780939,-0.0205126,2.31868,-0.354127,-2.30349,0,0
-0.785731,-0.0146523,2.34066,-0.35884,-2.29825,0,0
-0.791768,-0.00879097,2.34066,-0.363378,-2.28324,0,0
-0.795026,-0.00293064,2.2967,-0.367916,-2.28324,0,0
-0.79953,0.00293064,2.31868,-0.372453,-2.27696,0,0
-0.804129,0.00879097,2.2967,-0.377166,-2.27696,0,0
-0.808729,0.0146523,2.2967,-0.381704,-2.27469,0,0
-0.813137,0.0205126,2.27473,-0.386242,-2.26509,0,0
-0.817353,0.0205126,2.20879,-0.390779,-2.27155,0,0
-0.821762,0.0146523,2.20879,-0.395317,-2.263,0,0
-0.827511,0.00879097,2.16484,-0.399855,-2.24711,0,0
-0.830769,-0.00879097,2.23077,-0.404218,-2.23751,0,0
-0.835177,-0.0146523,2.23077,-0.408756,-2.23647,0,0
-0.839969,-0.0205126,2.27473,-0.413294,-2.23647,0,0
-0.844472,-0.0205126,2.23077,-0.417657,-2.22687,0,0
-0.848976,-0.0205126,2.25275,-0.422195,-2.21727,0,0
-0.853289,-0.0146523,2.25275,-0.426559,-2.21936,0,0
-0.857888,-0.0146523,2.20879,-0.431097,-2.21831,0,0
-0.863925,-0.00293064,2.23077,-0.43546,-2.20976,0,0
-0.866992,-0.00293064,2.25275,-0.439998,-2.19912,0,0
-0.871591,0.00293064,2.25275,-0.444361,-2.18428,0,0
-0.876,0.00879097,2.25275,-0.448724,-2.18533,0,0
-0.880408,0.0146523,2.25275,-0.453088,-2.18637,0,0
-0.885007,0.0146523,2.23077,-0.457451,-2.18637,0,0
-0.889319,0.0146523,2.23077,-0.461814,-2.17678,0,0
-0.893728,0.00879097,2.20879,-0.466178,-2.16508,0,0
-0.899573,0.00293064,2.20879,-0.470541,-2.17363,0,0
-0.902639,0.00293064,2.20879,-0.474904,-2.16927,0,0
-0.906952,-0.00293064,2.20879,-0.479268,-2.15444,0,0
-0.91136,-0.00879097,2.20879,-0.483456,-2.15444,0,0
-0.915767,-0.0146523,2.18681,-0.48782,-2.14693,0,0
-0.920271,-0.0263739,2.20879,-0.492183,-2.13838,0,0
-0.924775,-0.0263739,2.23077,-0.496372,-2.14047,0,0
-0.929183,-0.0205126,2.23077,-0.500735,-2.13419,0,0
-0.935412,-0.00879097,2.23077,-0.504924,-2.12878,0,0
-0.937903,-0.00879097,2.18681,-0.509287,-2.11813,0,0
-0.94212,0.00293064,2.14286,-0.513476,-2.1129,0,0
-0.946432,0.00879097,2.14286,-0.517665,-2.11394,0,0
-0.950361,0.0146523,2.0989,-0.521854,-2.1129,0,0
-0.954577,0.0205126,2.07692,-0.526217,-2.10958,0,0
-0.958793,0.0146523,2.07692,-0.530406,-2.10644,0,0
-0.962818,0.0146523,2.05495,-0.534595,-2.10225,0,0
-0.968088,0.0146523,2.07692,-0.538783,-2.09474,0,0
-0.970964,0.00879097,2.03297,-0.542972,-2.08096,0,0
-0.97518,0.00879097,2.03297,-0.547161,-2.08515,0,0
-0.979301,0.00293064,2.05495,-0.55135,-2.07869,0,0
-0.983517,-0.00879097,2.05495,-0.555539,-2.06909,0,0
-0.987637,-0.00879097,2.05495,-0.559553,-2.05966,0,0
-0.991854,-0.00879097,2.07692,-0.563742,-2.0649,0,0
-0.995783,-0.0146523,2.05495,-0.56793,-2.05006,0,0
-1.00096,-0.00879097,2.03297,-0.571945,-2.04047,0,0
-1.00383,-0.0146523,1.98901,-0.575959,-2.0382,0,0
-1.00786,-0.0146523,1.98901,-0.580148,-2.03191,0,0
-1.01207,-0.0146523,2.05495,-0.584162,-2.02877,0,0
-1.01629,-0.00879097,2.05495,-0.588176,-2.02877,0,0
-1.02041,-0.00293064,2.05495,-0.592365,-2.02546,0,0
-1.02453,0.00293064,2.05495,-0.596379,-2.02127,0,0
-1.02856,0.00879097,2.05495,-0.600394,-2.02336,0,0
-1.03344,0.0146523,2.01099,-0.604408,-2.02231,0,0
-1.03622,0.0146523,2.01099,-0.608597,-2.01917,0,0
-1.04015,0.0146523,1.94505,-0.612611,-2.00416,0,0
-1.04418,0.00879097,1.96703,-0.616625,-1.99666,0,0
-1.04801,0.00293064,1.96703,-0.620465,-1.99142,0,0
-1.05213,-0.00293064,1.98901,-0.624479,-1.98182,0,0
-1.05606,-0.00879097,1.98901,-0.628493,-1.97763,0,0
-1.06008,-0.0146523,1.98901,-0.632508,-1.97432,0,0
-1.06526,-0.0146523,1.94505,-0.636347,-1.96577,0,0
-1.06804,-0.0146523,1.96703,-0.640362,-1.96367,0,0
-1.07196,-0.0146523,1.96703,-0.644201,-1.96262,0,0
-1.0757,-0.0146523,1.94505,-0.648216,-1.95407,0,0
-1.07954,-0.0146523,1.9011,-0.652055,-1.95617,0,0
-1.08346,-0.00879097,1.9011,-0.65607,-1.94988,0,0
-1.08739,-0.00293064,1.92308,-0.659909,-1.94028,0,0
-1.09113,0.00293064,1.92308,-0.663749,-1.93383,0,0
-1.09659,-0.00293064,1.94505,-0.667589,-1.93278,0,0
-1.09889,0.00293064,1.9011,-0.671603,-1.93068,0,0
-1.10263,0.00879097,1.92308,-0.675443,-1.93068,0,0
-1.10646,0.00879097,1.92308,-0.679282,-1.91899,0,0
-1.11001,0.00879097,1.83516,-0.683122,-1.91253,0,0
-1.11394,0.00879097,1.9011,-0.686962,-1.90834,0,0
-1.11758,0.0146523,1.83516,-0.690802,-1.9073,0,0
-1.12122,0.00879097,1.85714,-0.694641,-1.90834,0,0
-1.1262,0.00293064,1.87912,-0.698307,-1.90084,0,0
-1.12889,-0.00293064,1.9011,-0.702146,-1.88059,0,0
-1.13253,-0.0146523,1.85714,-0.705986,-1.87955,0,0
-1.13636,-0.0146523,1.87912,-0.709651,-1.886,0,0
-1.14019,-0.0146523,1.85714,-0.713491,-1.87099,0,0
-1.14412,-0.0146523,1.87912,-0.717156,-1.87414,0,0
-1.14767,-0.00879097,1.85714,-0.720996,-1.86995,0,0
-1.15141,-0.00879097,1.83516,-0.724661,-1.85511,0,0
-1.156,-0.00879097,1.85714,-0.728326,-1.85284,0,0
-1.15859,-0.0146523,1.85714,-0.732166,-1.85075,0,0
-1.16223,-0.00879097,1.81319,-0.735831,-1.85075,0,0
-1.16607,-0.00293064,1.83516,-0.739496,-1.8401,0,0
-1.16961,0.00293064,1.83516,-0.743162,-1.84324,0,0
-1.17335,0.00879097,1.83516,-0.746827,-1.83591,0,0
-1.1767,0.0146523,1.76923,-0.750492,-1.82317,0,0
-1.18034,0.0146523,1.81319,-0.754157,-1.81567,0,0
-1.18485,0.00879097,1.76923,-0.757822,-1.8209,0,0
-1.18744,0.00879097,1.76923,-0.761487,-1.82422,0,0
-1.19098,0.00293064,1.74725,-0.765153,-1.81671,0,0
-1.19453,-0.00293064,1.76923,-0.768818,-1.80607,0,0
-1.19817,-0.00293064,1.76923,-0.772309,-1.79001,0,0
-1.20181,-0.00293064,1.79121,-0.775974,-1.79856,0,0
-1.20545,-0.00879097,1.79121,-0.779464,-1.79437,0,0
-1.2089,-0.00879097,1.74725,-0.78313,-1.78268,0,0
-1.2135,-0.00879097,1.74725,-0.78662,-1.78373,0,0
-1.2159,-0.00879097,1.76923,-0.790285,-1.77936,0,0
-1.21944,-0.0146523,1.76923,-0.793776,-1.76767,0,0
-1.22289,-0.0146523,1.74725,-0.797267,-1.76453,0,0
-1.22625,-0.0146523,1.74725,-0.800932,-1.76662,0,0
-1.23017,-0.0146523,1.79121,-0.804423,-1.74952,0,0
-1.23343,-0.0146523,1.74725,-0.807913,-1.74428,0,0
-1.23707,-0.00879097,1.74725,-0.811404,-1.74324,0,0
-1.24187,-0.00293064,1.74725,-0.814895,-1.73364,0,0
-1.24378,-0.00293064,1.7033,-0.818385,-1.73049,0,0
-1.24714,0.00879097,1.7033,-0.821876,-1.73364,0,0
-1.25059,0.00879097,1.7033,-0.825367,-1.73259,0,0
-1.25375,0.00879097,1.65934,-0.828683,-1.71967,0,0
-1.2571,0.00879097,1.63736,-0.832173,-1.71234,0,0
-1.26007,0.00879097,1.59341,-0.835664,-1.71863,0,0
-1.26343,0.00879097,1.63736,-0.83898,-1.71025,0,0
-1.26783,-0.00293064,1.63736,-0.842471,-1.69314,0,0
-1.27023,-0.00293064,1.68132,-0.845787,-1.69629,0,0
-1.27368,-0.00879097,1.65934,-0.849278,-1.69105,0,0
-1.27713,-0.00879097,1.68132,-0.852594,-1.67813,0,0
-1.28048,-0.0205126,1.7033,-0.85591,-1.66644,0,0
-1.28393,-0.0205126,1.68132,-0.859226,-1.68145,0,0
-1.28738,-0.0146523,1.7033,-0.862717,-1.6729,0,0
-1.29074,-0.0146523,1.68132,-0.866033,-1.66644,0,0
-1.29486,-0.0146523,1.63736,-0.869349,-1.65579,0,0
-1.29706,-0.00879097,1.63736,-0.872665,-1.65475,0,0
-1.30032,-0.00879097,1.61538,-0.875981,-1.65056,0,0
-1.30367,-0.00879097,1.65934,-0.879297,-1.64951,0,0
-1.30693,-0.0146523,1.63736,-0.882613,-1.65056,0,0
-1.31029,-0.0146523,1.63736,-0.885929,-1.65056,0,0
-1.31364,-0.00879097,1.63736,-0.889071,-1.6345,0,0
-1.31699,-0.00293064,1.65934,-0.892387,-1.62281,0,0
-1.32111,0.00293064,1.63736,-0.895703,-1.61862,0,0
-1.32322,0.0146523,1.61538,-0.898845,-1.63136,0,0
-1.32629,0.0146523,1.57143,-0.902161,-1.61967,0,0
-1.32955,0.00879097,1.57143,-0.905477,-1.60797,0,0
-1.33242,0.0146523,1.50549,-0.908619,-1.60797,0,0
-1.33539,0.0146523,1.50549,-0.91176,-1.6057,0,0
-1.33855,0.0146523,1.52747,-0.915076,-1.60151,0,0
-1.34162,0.00293064,1.52747,-0.918218,-1.59733,0,0
-1.34574,-0.00293064,1.52747,-0.92136,-1.59087,0,0
-1.34785,-0.00293064,1.52747,-0.924676,-1.58127,0,0
-1.35101,-0.00879097,1.54945,-0.927817,-1.57272,0,0
-1.35408,-0.0146523,1.52747,-0.930959,-1.57376,0,0
-1.35762,-0.0146523,1.61538,-0.934101,-1.56416,0,0
-1.3605,-0.0146523,1.54945,-0.937242,-1.56102,0,0
-1.36347,-0.0146523,1.50549,-0.940384,-1.55998,0,0
-1.36663,-0.0146523,1.54945,-0.943351,-1.55352,0,0
-1.37094,-0.00879097,1.54945,-0.946492,-1.55352,0,0
-1.37276,-0.00293064,1.52747,-0.949634,-1.55038,0,0
-1.37583,-0.00293064,1.52747,-0.952776,-1.54514,0,0
-1.3789,-0.00879097,1.52747,-0.955743,-1.53223,0,0
-1.38177,-0.00879097,1.50549,-0.958884,-1.52594,0,0
-1.38484,-0.00879097,1.48352,-0.962026,-1.52699,0,0
-1.38791,-0.00293064,1.52747,-0.964993,-1.52158,0,0
-1.39097,-0.00293064,1.50549,-0.96796,-1.51739,0,0
-1.3949,0.00293064,1.50549,-0.971102,-1.51844,0,0
-1.39691,0.00293064,1.50549,-0.974069,-1.51198,0,0
-1.40008,0.00879097,1.52747,-0.97721,-1.51425,0,0
-1.40295,0.00293064,1.48352,-0.980177,-1.50674,0,0
-1.40582,0.00879097,1.46154,-0.983144,-1.50133,0,0
-1.40851,0.00879097,1.46154,-0.986111,-1.48859,0,0
-1.41148,0.00879097,1.43956,-0.989078,-1.4844,0,0
-1.41445,0.00293064,1.41758,-0.99222,-1.494,0,0
-1.41819,0.00293064,1.46154,-0.995013,-1.47795,0,0
-1.4202,0.00293064,1.43956,-0.99798,-1.4769,0,0
-1.42307,0.00293064,1.43956,-1.00095,-1.4748,0,0
-1.42604,-0.00293064,1.41758,-1.00391,-1.45875,0,0
-1.42901,-0.00879097,1.43956,-1.00688,-1.45875,0,0
-1.43189,-0.00879097,1.43956,-1.00985,-1.45665,0,0
-1.43467,-0.00879097,1.43956,-1.01264,-1.44601,0,0
-1.43754,-0.00879097,1.41758,-1.01561,-1.44164,0,0
-1.44138,-0.00879097,1.43956,-1.0184,-1.4385,0,0
-1.44329,-0.00879097,1.43956,-1.02137,-1.43222,0,0
-1.44607,-0.00293064,1.41758,-1.02416,-1.42471,0,0
-1.44895,-0.00293064,1.3956,-1.02695,-1.42035,0,0
-1.45182,-0.00879097,1.41758,-1.02992,-1.42157,0,0
-1.4546,-0.0146523,1.41758,-1.03271,-1.41616,0,0
-1.45738,-0.0146523,1.3956,-1.0355,-1.40447,0,0
-1.46035,-0.00879097,1.43956,-1.0383,-1.39906,0,0
-1.46399,-0.00293064,1.41758,-1.04109,-1.39801,0,0
-1.46581,0.00293064,1.37363,-1.04388,-1.40447,0,0
-1.4685,0.00879097,1.35165,-1.04685,-1.40342,0,0
-1.47118,0.00879097,1.32967,-1.04947,-1.38527,0,0
-1.47377,0.0146523,1.35165,-1.05226,-1.38422,0,0
-1.47655,0.00879097,1.32967,-1.05505,-1.38841,0,0
-1.47913,0.0146523,1.35165,-1.05784,-1.37357,0,0
-1.48201,0.0146523,1.35165,-1.06064,-1.37462,0,0
-1.48565,0.00879097,1.35165,-1.06343,-1.36712,0,0
-1.48728,0.00293064,1.35165,-1.06605,-1.35333,0,0
-1.49006,-0.00293064,1.35165,-1.06884,-1.35333,0,0
-1.49264,-0.00293064,1.32967,-1.07146,-1.35333,0,0
-1.49552,-0.00879097,1.37363,-1.07425,-1.33954,0,0
-1.49791,-0.00879097,1.32967,-1.07687,-1.34373,0,0
-1.50079,-0.00879097,1.35165,-1.07949,-1.33727,0,0
-1.50328,-0.00879097,1.32967,-1.08228,-1.32558,0,0
-1.50673,-0.00879097,1.30769,-1.0849,-1.32767,0,0
-1.50855,-0.00879097,1.30769,-1.08752,-1.33204,0,0
-1.51123,-0.00879097,1.28571,-1.09013,-1.31929,0,0
-1.51373,-0.0146523,1.30769,-1.09275,-1.30638,0,0
-1.51641,-0.0146523,1.28571,-1.09537,-1.30638,0,0
-1.5189,-0.00879097,1.28571,-1.09799,-1.31074,0,0
-1.52149,-0.00879097,1.30769,-1.10061,-1.30638,0,0
-1.52417,-0.00879097,1.28571,-1.10322,-1.29783,0,0
-1.52752,-0.0146523,1.28571,-1.10584,-1.29469,0,0
-1.52944,-0.0146523,1.28571,-1.10846,-1.2884,0,0
-1.53193,-0.00879097,1.28571,-1.11108,-1.28194,0,0
-1.53442,0.00293064,1.28571,-1.11352,-1.27776,0,0
-1.53682,0.00293064,1.24176,-1.11614,-1.28404,0,0
-1.53941,0.00293064,1.26374,-1.11876,-1.27025,0,0
-1.54199,0.00293064,1.26374,-1.1212,-1.26379,0,0
-1.54449,0.00293064,1.26374,-1.12382,-1.26065,0,0
-1.54784,0.00293064,1.24176,-1.12626,-1.26065,0,0
-1.54937,0.00879097,1.21978,-1.12888,-1.25629,0,0
-1.55186,0.0146523,1.21978,-1.13132,-1.25524,0,0
-1.55397,0.0146523,1.1978,-1.13377,-1.25315,0,0
-1.55656,0.00879097,1.21978,-1.13638,-1.24041,0,0
-1.55896,0.0146523,1.1978,-1.13883,-1.24459,0,0
-1.56154,0.00879097,1.21978,-1.14127,-1.23726,0,0
-1.56404,0.00879097,1.24176,-1.14371,-1.22976,0,0
-1.56691,0.00293064,1.1978,-1.14616,-1.22225,0,0
-1.56863,-0.00293064,1.1978,-1.1486,-1.22016,0,0
-1.57132,-0.00879097,1.21978,-1.15105,-1.21056,0,0
-1.57381,-0.00879097,1.21978,-1.15349,-1.21266,0,0
-1.57611,-0.00879097,1.1978,-1.15593,-1.2041,0,0
-1.5785,-0.0146523,1.21978,-1.15838,-1.19346,0,0
-1.581,-0.00879097,1.17582,-1.16064,-1.19346,0,0
-1.5833,-0.0146523,1.17582,-1.16309,-1.19346,0,0
-1.58665,-0.0146523,1.1978,-1.16553,-1.18508,0,0
-1.58818,-0.0146523,1.17582,-1.1678,-1.17426,0,0
-1.59039,-0.0146523,1.15385,-1.17024,-1.17112,0,0
-1.59278,-0.00293064,1.15385,-1.17251,-1.17007,0,0
-1.59489,0.00293064,1.13187,-1.17496,-1.17216,0,0
-1.59729,0.00293064,1.15385,-1.17722,-1.16693,0,0
-1.59959,-0.00293064,1.13187,-1.17949,-1.16047,0,0
-1.60208,-0.00879097,1.17582,-1.18194,-1.15628,0,0
-1.60514,-0.00293064,1.17582,-1.18421,-1.14773,0,0
-1.60677,-0.00293064,1.15385,-1.18648,-1.14563,0,0
-1.60898,-0.00293064,1.15385,-1.18874,-1.14563,0,0
-1.61118,-0.00293064,1.13187,-1.19101,-1.14232,0,0
-1.61348,-0.00293064,1.10989,-1.19328,-1.12958,0,0
-1.61578,-0.00293064,1.13187,-1.19555,-1.12644,0,0
-1.61779,0.00293064,1.10989,-1.19782,-1.13167,0,0
-1.62009,0.00879097,1.08791,-1.20009,-1.12748,0,0
-1.62297,0.00879097,1.06593,-1.20236,-1.11893,0,0
-1.62441,0.00879097,1.08791,-1.20463,-1.11788,0,0
-1.62661,0.00879097,1.08791,-1.2069,-1.11684,0,0
-1.62853,0.00879097,1.06593,-1.20899,-1.10514,0,0
-1.63073,0.00879097,1.04396,-1.21126,-1.09764,0,0
-1.63293,0.00879097,1.04396,-1.21335,-1.09973,0,0
-1.63523,0.00879097,1.06593,-1.21562,-1.09869,0,0
-1.63715,0.00293064,1.04396,-1.21789,-1.08804,0,0
-1.63993,-0.00293064,1.04396,-1.21999,-1.08158,0,0
-1.64118,-0.00293064,1.02198,-1.22208,-1.0732,0,0
-1.64348,-0.00293064,1.06593,-1.22435,-1.07216,0,0
-1.64568,-0.00293064,1.06593,-1.22644,-1.06989,0,0
-1.64798,-0.00293064,1.08791,-1.22854,-1.0732,0,0
-1.6499,-0.00293064,1.04396,-1.23063,-1.05924,0,0
-1.652,-0.00293064,1.02198,-1.23273,-1.04964,0,0
-1.65421,-0.00879097,1.04396,-1.235,-1.05715,0,0
-1.65699,-0.0146523,1.02198,-1.23709,-1.04964,0,0
-1.65852,-0.0146523,1.06593,-1.23918,-1.0369,0,0
-1.66072,-0.0146523,1.08791,-1.24128,-1.04126,0,0
-1.66283,-0.00879097,1.06593,-1.2432,-1.03899,0,0
-1.66475,-0.00879097,1.02198,-1.24529,-1.03585,0,0
-1.66676,-0.00879097,1,-1.24739,-1.03271,0,0
-1.66868,-0.0146523,1,-1.24948,-1.02625,0,0
-1.67079,-0.00879097,1.02198,-1.25158,-1.0177,0,0
-1.67356,-0.0146523,1,-1.2535,-1.01875,0,0
-1.675,-0.0146523,1.02198,-1.25559,-1.01456,0,0
-1.67701,-0.0146523,1.02198,-1.25768,-1.00391,0,0
-1.67912,-0.00293064,1,-1.2596,-0.998503,0,0
-1.68104,-0.00293064,1,-1.2617,-1.00077,0,0
-1.68286,0.00293064,0.956043,-1.26362,-1.00391,0,0
-1.68487,0.00293064,0.978024,-1.26554,-0.985762,0,0
-1.68688,-0.00293064,0.978024,-1.26763,-0.98681,0,0
-1.68947,-0.00293064,0.978024,-1.26955,-0.98681,0,0
-1.69062,0.00293064,0.956043,-1.27147,-0.984715,0,0
-1.69283,0.00293064,0.978024,-1.27357,-0.984715,0,0
-1.69445,0.00879097,0.956043,-1.27549,-0.976163,0,0
-1.69647,0.00293064,0.956043,-1.27741,-0.96988,0,0
-1.69838,0.00293064,0.934067,-1.27933,-0.973021,0,0
-1.7002,0.00293064,0.956043,-1.28125,-0.960281,0,0
-1.70212,-0.00293064,0.934067,-1.28317,-0.952776,0,0
-1.70452,0.00293064,0.912086,-1.28509,-0.952776,0,0
-1.70567,0.00293064,0.912086,-1.28701,-0.949634,0,0
-1.70758,0.00293064,0.89011,-1.28893,-0.947365,0,0
-1.70931,0.00293064,0.934067,-1.29085,-0.936719,0,0
-1.71122,-0.00293064,0.912086,-1.29259,-0.935671,0,0
-1.71333,-0.00293064,0.956043,-1.29451,-0.927119,0,0
-1.71477,-0.00879097,0.89011,-1.29643,-0.915426,0,0
-1.71678,-0.00293064,0.912086,-1.29818,-0.912284,0,0
-1.71927,0.00293064,0.912086,-1.29992,-0.914378,0,0
-1.72052,0.00293064,0.912086,-1.30184,-0.91019,0,0
-1.72215,0.00293064,0.89011,-1.30359,-0.911237,0,0
-1.72387,0.00293064,0.868134,-1.30551,-0.905826,0,0
-1.72579,-0.00293064,0.912086,-1.30725,-0.890991,0,0
-1.72723,-0.00879097,0.846153,-1.309,-0.889944,0,0
-1.72924,-0.0146523,0.89011,-1.31074,-0.886802,0,0
-1.73106,-0.0146523,0.868134,-1.31249,-0.868651,0,0
-1.73365,-0.0146523,0.912086,-1.31423,-0.864287,0,0
-1.7347,-0.00879097,0.89011,-1.31598,-0.869698,0,0
-1.73624,-0.00879097,0.824177,-1.31772,-0.869698,0,0
-1.73806,-0.00879097,0.846153,-1.31947,-0.870745,0,0
-1.73949,-0.00879097,0.802197,-1.32121,-0.858004,0,0
-1.74122,-0.0146523,0.824177,-1.32296,-0.845089,0,0
-1.74313,-0.0146523,0.868134,-1.32471,-0.851547,0,0
-1.74496,-0.00879097,0.89011,-1.32628,-0.8409,0,0
-1.74726,-0.00879097,0.846153,-1.32802,-0.839853,0,0
-1.74821,-0.00879097,0.846153,-1.32959,-0.834442,0,0
-1.74984,-0.00293064,0.802197,-1.33134,-0.837758,0,0
-1.75176,-0.00879097,0.89011,-1.33308,-0.837758,0,0
-1.7532,-0.00293064,0.824177,-1.33465,-0.828159,0,0
-1.75502,-0.00879097,0.824177,-1.3364,-0.821701,0,0
-1.75645,-0.00879097,0.802197,-1.33797,-0.816465,0,0
-1.75818,0.00293064,0.824177,-1.33954,-0.819607,0,0
-1.76019,-0.00293064,0.78022,-1.34129,-0.817513,0,0
-1.76144,-0.00293064,0.824177,-1.34286,-0.812102,0,0
-1.76297,0.00293064,0.78022,-1.34443,-0.805819,0,0
-1.7645,0.00293064,0.802197,-1.34617,-0.804772,0,0
-1.76594,0.00879097,0.758244,-1.34774,-0.810008,0,0
-1.76767,0.00879097,0.758244,-1.34931,-0.806866,0,0
-1.76891,0.00879097,0.736263,-1.35089,-0.78662,0,0
-1.77045,0.00879097,0.758244,-1.35246,-0.784526,0,0
-1.77265,0.00293064,0.78022,-1.35403,-0.787667,0,0
-1.7738,-0.00293064,0.758244,-1.3556,-0.779115,0,0
-1.77533,-0.00293064,0.78022,-1.35717,-0.778068,0,0
-1.77677,-0.00293064,0.758244,-1.35874,-0.779115,0,0
-1.77821,-0.00293064,0.736263,-1.36031,-0.767422,0,0
-1.77974,0.00293064,0.758244,-1.36188,-0.760964,0,0
-1.78108,0.00293064,0.692307,-1.36328,-0.763233,0,0
-1.78252,0.00293064,0.736263,-1.36485,-0.757822,0,0
-1.78453,-0.00879097,0.736263,-1.36642,-0.757822,0,0
-1.78568,-0.00879097,0.758244,-1.36782,-0.745081,0,0
-1.78741,-0.00879097,0.78022,-1.36939,-0.746129,0,0
-1.78894,-0.00879097,0.758244,-1.37078,-0.740718,0,0
-1.79038,-0.00293064,0.758244,-1.37235,-0.734435,0,0
-1.79172,0.00293064,0.714287,-1.37375,-0.73234,0,0
-1.79306,0.00293064,0.692307,-1.37532,-0.725883,0,0
-1.79421,0.00293064,0.67033,-1.37672,-0.717331,0,0
-1.79622,-0.00293064,0.714287,-1.37811,-0.719425,0,0
-1.79718,-0.00879097,0.692307,-1.37951,-0.719425,0,0
-1.79871,-0.00879097,0.714287,-1.38108,-0.719425,0,0
-1.80034,-0.00879097,0.714287,-1.38248,-0.716283,0,0
-1.80169,-0.0146523,0.714287,-1.38387,-0.703543,0,0
-1.80303,-0.0146523,0.714287,-1.38527,-0.700226,0,0
-1.80475,-0.00879097,0.736263,-1.38666,-0.702495,0,0
-1.80619,-0.00879097,0.736263,-1.38806,-0.693943,0,0
-1.80791,-0.00293064,0.692307,-1.38946,-0.700226,0,0
-1.80878,-0.00293064,0.64835,-1.39085,-0.68958,0,0
-1.80993,-0.00879097,0.64835,-1.39225,-0.683297,0,0
-1.81136,-0.00879097,0.692307,-1.39365,-0.686438,0,0
-1.81251,-0.0146523,0.64835,-1.39487,-0.677886,0,0
-1.81386,-0.0146523,0.67033,-1.39626,-0.674745,0,0
-1.81529,-0.0146523,0.64835,-1.39766,-0.673697,0,0
-1.81654,-0.00879097,0.64835,-1.39906,-0.66724,0,0
-1.81855,-0.00879097,0.692307,-1.40028,-0.670556,0,0
-1.81951,-0.00293064,0.692307,-1.40167,-0.663051,0,0
-1.82085,0.00293064,0.67033,-1.40307,-0.660956,0,0
-1.822,0.00879097,0.64835,-1.40429,-0.656593,0,0
-1.82305,0.0146523,0.626373,-1.40551,-0.644899,0,0
-1.8244,0.00879097,0.626373,-1.40691,-0.641758,0,0
-1.82555,-0.00293064,0.604397,-1.40813,-0.641758,0,0
-1.82698,-0.00879097,0.64835,-1.40953,-0.643852,0,0
-1.8289,-0.0146523,0.67033,-1.41075,-0.637395,0,0
-1.82967,-0.0146523,0.67033,-1.41197,-0.6353,0,0
-1.8312,-0.00879097,0.67033,-1.41319,-0.633206,0,0
-1.83245,0.00293064,0.67033,-1.41459,-0.633206,0,0
-1.83388,0.00879097,0.67033,-1.41581,-0.625701,0,0
-1.83503,0.00879097,0.626373,-1.41703,-0.620465,0,0
-1.83609,0.00879097,0.582417,-1.41826,-0.617149,0,0
-1.83724,0.0146523,0.604397,-1.41948,-0.618196,0,0
-1.83858,0.0146523,0.53846,-1.4207,-0.610865,0,0
-1.83934,0.00879097,0.53846,-1.42192,-0.609818,0,0
-1.84049,0.00293064,0.53846,-1.42314,-0.61296,0,0
-1.84164,-0.00293064,0.56044,-1.42436,-0.600219,0,0
-1.84308,-0.00293064,0.582417,-1.42559,-0.603361,0,0
-1.84423,0.00293064,0.582417,-1.42681,-0.592714,0,0
-1.84538,-0.00293064,0.582417,-1.42803,-0.591667,0,0
-1.84653,0.00293064,0.582417,-1.42908,-0.585209,0,0
-1.84807,0.00293064,0.53846,-1.4303,-0.584162,0,0
-1.84874,0.00879097,0.56044,-1.43152,-0.58102,0,0
-1.84989,0.00879097,0.56044,-1.43257,-0.577879,0,0
-1.85075,0.00879097,0.516483,-1.43379,-0.569327,0,0
-1.8518,0.00293064,0.494507,-1.43501,-0.573515,0,0
-1.85305,0.00293064,0.516483,-1.43606,-0.582068,0,0
-1.8542,-0.00293064,0.56044,-1.43728,-0.569327,0,0
-1.85516,-0.00879097,0.516483,-1.43833,-0.548034,0,0
-1.85659,-0.00879097,0.516483,-1.43937,-0.546986,0,0
-1.85726,-0.00879097,0.53846,-1.4406,-0.554317,0,0
-1.85841,-0.00879097,0.516483,-1.44164,-0.548034,0,0
-1.85956,-0.00879097,0.516483,-1.44269,-0.548034,0,0
-1.86071,-0.00293064,0.56044,-1.44374,-0.540529,0,0
-1.86167,0.00293064,0.53846,-1.44496,-0.528835,0,0
-1.86282,0.00879097,0.516483,-1.44601,-0.528835,0,0
-1.86368,0.00879097,0.494507,-1.44705,-0.528835,0,0
-1.86503,0.00879097,0.516483,-1.4481,-0.523424,0,0
-1.8657,0.00293064,0.494507,-1.44915,-0.52133,0,0
-1.86666,0.00293064,0.516483,-1.45019,-0.511731,0,0
-1.86761,0.00293064,0.472527,-1.45107,-0.516094,0,0
-1.86876,-0.00293064,0.494507,-1.45211,-0.501084,0,0
-1.86953,-0.00293064,0.494507,-1.45316,-0.497943,0,0
-1.87078,-0.00879097,0.516483,-1.45421,-0.492532,0,0
-1.87193,-0.00879097,0.53846,-1.45508,-0.493579,0,0
-1.87346,-0.00879097,0.56044,-1.45613,-0.497943,0,0
-1.87413,-0.00879097,0.56044,-1.45718,-0.488343,0,0
-1.87499,-0.00293064,0.472527,-1.45805,-0.479791,0,0
-1.87586,-0.00293064,0.472527,-1.4591,-0.485202,0,0
-1.87672,-0.00293064,0.45055,-1.45997,-0.488343,0,0
-1.87777,-0.00879097,0.472527,-1.46102,-0.475602,0,0
-1.87863,-0.00879097,0.45055,-1.46189,-0.460593,0,0
-1.8795,-0.00879097,0.45055,-1.46276,-0.470192,0,0
-1.88065,-0.00293064,0.45055,-1.46381,-0.474381,0,0
-1.88141,-0.00293064,0.45055,-1.46468,-0.462687,0,0
-1.88218,-0.00879097,0.45055,-1.46573,-0.464956,0,0
-1.88314,-0.00879097,0.42857,-1.4666,-0.456404,0,0
-1.8841,-0.00879097,0.45055,-1.46747,-0.447852,0,0
-1.88496,-0.0146523,0.42857,-1.46835,-0.442441,0,0
-1.88611,-0.00879097,0.472527,-1.46922,-0.453088,0,0
-1.88678,-0.0146523,0.42857,-1.47009,-0.459545,0,0
-1.88793,-0.0146523,0.42857,-1.47096,-0.4393,0,0
-1.8885,-0.00879097,0.42857,-1.47201,-0.438252,0,0
-1.88946,-0.00293064,0.406593,-1.47288,-0.437205,0,0
-1.89032,-0.00293064,0.472527,-1.47376,-0.440347,0,0
-1.89119,-0.00293064,0.45055,-1.47445,-0.423417,0,0
-1.89205,-0.00293064,0.42857,-1.47533,-0.423417,0,0
-1.8931,0.00293064,0.42857,-1.4762,-0.427606,0,0
-1.89397,-0.00293064,0.42857,-1.47707,-0.4297,0,0
-1.89483,-0.00293064,0.384617,-1.47795,-0.431795,0,0
-1.89531,-0.00293064,0.384617,-1.47882,-0.428653,0,0
-1.89607,-0.00879097,0.384617,-1.47969,-0.421148,0,0
-1.89703,-0.0146523,0.384617,-1.48056,-0.415912,0,0
-1.8977,-0.0146523,0.406593,-1.48126,-0.410502,0,0
-1.89866,-0.00879097,0.406593,-1.48213,-0.40736,0,0
-1.89933,-0.00293064,0.384617,-1.48301,-0.410502,0,0
-1.9001,-0.00293064,0.384617,-1.48371,-0.406313,0,0
-1.90134,-0.00879097,0.42857,-1.48458,-0.410502,0,0
-1.90192,-0.00879097,0.42857,-1.48545,-0.404218,0,0
-1.90297,-0.00293064,0.42857,-1.48615,-0.399855,0,0
-1.90393,-0.00293064,0.45055,-1.48702,-0.395666,0,0
-1.90479,0.00293064,0.42857,-1.48772,-0.396713,0,0
-1.90556,0.00293064,0.42857,-1.48859,-0.388161,0,0
-1.90642,0.00293064,0.384617,-1.48929,-0.389209,0,0
-1.90709,0.00293064,0.362637,-1.49016,-0.388161,0,0
-1.90786,0.00293064,0.362637,-1.49086,-0.389209,0,0
-1.90834,0.00293064,0.34066,-1.49173,-0.380656,0,0
-1.90911,0.00293064,0.31868,-1.49243,-0.371057,0,0
-1.90978,-0.00293064,0.362637,-1.49313,-0.386067,0,0
-1.91045,-0.00293064,0.362637,-1.494,-0.380656,0,0
-1.91131,-0.00293064,0.362637,-1.4947,-0.377515,0,0
-1.91189,-0.00293064,0.34066,-1.4954,-0.363727,0,0
-1.91256,-0.00879097,0.31868,-1.4961,-0.365821,0,0
-1.9138,-0.00879097,0.362637,-1.49697,-0.37001,0,0
-1.91438,-0.00879097,0.362637,-1.49767,-0.360411,0,0
-1.91524,-0.00879097,0.406593,-1.49837,-0.349764,0,0
-1.91591,-0.00879097,0.384617,-1.49906,-0.349764,0,0
-1.91668,-0.00293064,0.384617,-1.49976,-0.356222,0,0
-1.91754,0.00293064,0.384617,-1.50046,-0.354127,0,0
-1.9184,0.00293064,0.384617,-1.50116,-0.348717,0,0
-1.91888,0.00879097,0.31868,-1.50186,-0.352033,0,0
-1.91955,0.00879097,0.31868,-1.50255,-0.343481,0,0
-1.92013,0.00879097,0.31868,-1.50325,-0.340165,0,0
-1.9207,-0.00293064,0.296703,-1.50395,-0.33807,0,0
-1.92137,-0.00293064,0.31868,-1.50465,-0.333882,0,0
-1.92195,-0.00879097,0.34066,-1.50535,-0.339118,0,0
-1.92281,-0.00293064,0.362637,-1.50587,-0.33074,0,0
-1.92348,-0.00293064,0.31868,-1.50657,-0.328471,0,0
-1.92386,0.00879097,0.274727,-1.50727,-0.327424,0,0
-1.92482,0.00293064,0.296703,-1.50797,-0.319919,0,0
-1.92521,0.00293064,0.274727,-1.50849,-0.313636,0,0
-1.92578,-0.00293064,0.296703,-1.50919,-0.313636,0,0
-1.92636,-0.00879097,0.296703,-1.50971,-0.313636,0,0
-1.92722,-0.00879097,0.31868,-1.51041,-0.306131,0,0
-1.92779,-0.0146523,0.296703,-1.51093,-0.300895,0,0
-1.92846,-0.00879097,0.31868,-1.51163,-0.304036,0,0
-1.92923,-0.00293064,0.362637,-1.51215,-0.297579,0,0
-1.9299,0.00293064,0.31868,-1.51285,-0.290248,0,0
-1.93019,0.00879097,0.252747,-1.51338,-0.283791,0,0
-1.93086,0.00879097,0.296703,-1.5139,-0.292343,0,0
-1.93134,0.00879097,0.274727,-1.51442,-0.291296,0,0
-1.93172,0.00293064,0.23077,-1.51512,-0.27838,0,0
-1.9323,-0.00293064,0.252747,-1.51564,-0.273144,0,0
-1.93297,-0.00879097,0.274727,-1.51617,-0.276286,0,0
-1.93364,-0.0205126,0.296703,-1.51669,-0.275239,0,0
-1.9344,-0.0263739,0.296703,-1.51722,-0.264592,0,0
-1.93479,-0.0146523,0.252747,-1.51774,-0.257087,0,0
-1.93536,-0.00293064,0.296703,-1.51826,-0.249757,0,0
-1.93575,-0.00293064,0.252747,-1.51879,-0.25604,0,0
-1.93623,0.00879097,0.23077,-1.51931,-0.249757,0,0
-1.93661,0.0146523,0.20879,-1.51983,-0.246441,0,0
-1.93718,0.0146523,0.20879,-1.52018,-0.244346,0,0
-1.93747,0.00879097,0.186813,-1.52071,-0.246441,0,0
-1.93833,0.00293064,0.20879,-1.52123,-0.242252,0,0
-1.93853,-0.00879097,0.23077,-1.52175,-0.231605,0,0
-1.939,-0.00879097,0.23077,-1.5221,-0.222006,0,0
-1.93948,-0.00879097,0.23077,-1.52263,-0.2241,0,0
-1.94006,-0.00879097,0.23077,-1.52297,-0.223053,0,0
-1.94035,-0.00879097,0.23077,-1.5235,-0.220959,0,0
-1.94111,-0.00879097,0.252747,-1.52385,-0.212407,0,0
-1.94121,-0.00293064,0.186813,-1.52437,-0.211359,0,0
-1.94178,-0.00293064,0.20879,-1.52472,-0.203855,0,0
-1.94207,0.00293064,0.20879,-1.52507,-0.19635,0,0
-1.94245,0.00293064,0.20879,-1.52559,-0.197571,0,0
-1.94284,0.00293064,0.164837,-1.52594,-0.191114,0,0
-1.94313,0.00293064,0.164837,-1.52629,-0.190066,0,0
-1.94341,0.00293064,0.164837,-1.52664,-0.190066,0,0
-1.9437,0.00293064,0.164837,-1.52699,-0.180467,0,0
-1.94418,-0.00293064,0.164837,-1.52734,-0.167726,0,0
-1.94466,-0.00293064,0.186813,-1.52769,-0.175057,0,0
-1.94485,-0.00293064,0.164837,-1.52804,-0.174009,0,0
-1.94523,-0.00879097,0.164837,-1.52839,-0.160221,0,0
-1.94552,-0.00879097,0.164837,-1.52873,-0.149575,0,0
-1.9459,-0.00879097,0.164837,-1.52908,-0.152716,0,0
-1.94619,-0.00293064,0.12088,-1.52926,-0.154811,0,0
-1.94648,-0.00879097,0.164837,-1.52961,-0.145211,0,0
-1.94686,-0.00293064,0.164837,-1.52996,-0.144164,0,0
-1.94725,-0.00293064,0.142857,-1.53013,-0.143117,0,0
-1.94744,-0.00293064,0.12088,-1.53048,-0.133518,0,0
-1.94782,-0.00293064,0.164837,-1.53065,-0.134565,0,0
-1.94811,-0.00293064,0.142857,-1.531,-0.127235,0,0
-1.9484,-0.00293064,0.142857,-1.53118,-0.121824,0,0
-1.94849,-0.00293064,0.0988998,-1.53153,-0.121824,0,0
-1.94868,-0.00293064,0.12088,-1.5317,-0.116588,0,0
-1.94897,-0.00293064,0.12088,-1.53188,-0.116588,0,0
-1.94926,-0.00293064,0.12088,-1.53223,-0.121824,0,0
-1.94926,-0.00293064,0.0769234,-1.5324,-0.108036,0,0
-1.94955,-0.00879097,0.0988998,-1.53257,-0.104894,0,0
-1.94964,-0.00293064,0.0769234,-1.53275,-0.109083,0,0
-1.94993,-0.00879097,0.0769234,-1.5331,-0.0919789,0,0
-1.95012,-0.00879097,0.0769234,-1.53327,-0.0909317,0,0
-1.95031,-0.00879097,0.0769234,-1.53345,-0.0973894,0,0
-1.9505,-0.00879097,0.0988998,-1.53362,-0.0888373,0,0
-1.95079,-0.00879097,0.0769234,-1.5338,-0.0760964,0,0
-1.95089,-0.00293064,0.0769234,-1.5338,-0.074002,0,0
-1.95089,-0.00293064,0.0549469,-1.53397,-0.0750492,0,0
-1.95098,-0.00293064,0.0549469,-1.53415,-0.0717331,0,0
-1.95108,-0.00293064,0.0769234,-1.53432,-0.0750492,0,0
-1.95127,-0.00293064,0.0769234,-1.53449,-0.0760964,0,0
-1.95146,-0.00293064,0.0549469,-1.53467,-0.0696387,0,0
-1.95156,-0.00293064,0.0549469,-1.53467,-0.0537562,0,0
-1.95175,-0.00293064,0.0549469,-1.53484,-0.0525344,0,0
-1.95175,-0.00293064,0.0549469,-1.53502,-0.05044,0,0
-1.95185,-0.00293064,0.0329666,-1.53502,-0.0387463,0,0
-1.95194,-0.00293064,0.0109901,-1.53502,-0.0397935,0,0
-1.95204,-0.00293064,0.0329666,-1.53519,-0.0418879,0,0
-1.95213,-0.00293064,0.0329666,-1.53519,-0.0462512,0,0
-1.95213,-0.00293064,0.0109901,-1.53537,-0.0335103,0,0
-1.95232,-0.00293064,0.0329666,-1.53537,-0.0249582,0,0
-1.95232,-0.00879097,0.0109901,-1.53537,-0.0280998,0,0
-1.95232,-0.00879097,0.0109901,-1.53554,-0.023911,0,0
-1.95223,-0.00879097,-0.0109901,-1.53554,-0.023911,0,0
-1.95232,-0.00879097,0.0109901,-1.53554,-0.0132645,0,0
-1.95242,-0.00293064,0.0109901,-1.53554,-0.0143117,0,0
-1.95242,-0.00293064,0.0109901,-1.53572,-0.0195477,0,0
-1.95232,-0.00293064,0.0109901,-1.53572,-0.00890118,0,0
-1.95232,-0.00879097,-0.0329666,-1.53572,-0.000349066,0,0
-1.95223,-0.00293064,-0.0109901,-1.53572,0.0015708,0,0
-1.95232,-0.00293064,-0.0109901,-1.53572,0.0101229,0,0
-1.95232,-0.00293064,-0.0329666,-1.53554,0.00680679,0,0
-1.95232,-0.00293064,-0.0109901,-1.53554,0.0101229,0,0
-1.95232,-0.00293064,-0.0109901,-1.53554,0.0132645,0,0
-1.95213,-0.00879097,-0.0549469,-1.53554,0.0143117,0,0
-1.95232,-0.00293064,0.0109901,-1.53554,0.0153589,0,0
-1.95213,-0.00293064,-0.0329666,-1.53554,0.0153589,0,0
-1.95232,-0.00293064,-0.0109901,-1.53554,0.0111701,0,0
-1.95232,-0.00293064,0.0109901,-1.53537,0.0185005,0,0
-1.95213,-0.00293064,-0.0549469,-1.53537,0.0207694,0,0
-1.95223,-0.00293064,-0.0329666,-1.53537,0.0207694,0,0
-1.95232,-0.00293064,-0.0109901,-1.53537,0.0207694,0,0
-1.95213,-0.00293064,-0.0109901,-1.53519,0.0164061,0,0
-1.95213,-0.00293064,-0.0329666,-1.53519,0.023911,0,0
-1.95204,-0.00293064,-0.0329666,-1.53519,0.0164061,0,0
-1.95213,-0.00293064,-0.0329666,-1.53519,0.0164061,0,0
-1.95204,-0.00879097,-0.0329666,-1.53519,0.0228638,0,0
-1.95194,-0.00293064,-0.0329666,-1.53502,0.0218166,0,0
-1.95204,-0.00293064,-0.0109901,-1.53502,0.0228638,0,0
-1.95204,-0.00879097,-0.0109901,-1.53502,0.0228638,0,0
-1.95194,-0.00879097,-0.0329666,-1.53502,0.0207694,0,0
-1.95194,-0.00879097,-0.0109901,-1.53484,0.0218166,0,0
-1.95175,-0.00293064,-0.0329666,-1.53484,0.0164061,0,0
-1.95194,-0.00293064,0.0109901,-1.53484,0.0132645,0,0
-1.95185,-0.00293064,-0.0549469,-1.53484,0.0207694,0,0
-1.95175,-0.00293064,-0.0329666,-1.53467,0.0185005,0,0
-1.95165,-0.00879097,-0.0549469,-1.53467,0.0143117,0,0
-1.95185,-0.00879097,-0.0109901,-1.53467,0.0207694,0,0
-1.95175,-0.00879097,-0.0109901,-1.53467,0.0197222,0,0
-1.95156,-0.00293064,-0.0549469,-1.53467,0.0197222,0,0
-1.95165,-0.00293064,-0.0329666,-1.53449,0.0218166,0,0
-1.95165,-0.00293064,-0.0329666,-1.53449,0.0185005,0,0
-1.95156,-0.00293064,-0.0549469,-1.53449,0.00680679,0,0
-1.95156,-0.00879097,-0.0329666,-1.53449,0.0122173,0,0
-1.95156,-0.00879097,-0.0109901,-1.53449,0.0185005,0,0
-1.95156,-0.00879097,-0.0329666,-1.53449,0.0132645,0,0
-1.95156,-0.00879097,-0.0109901,-1.53432,0.0174533,0,0
-1.95156,-0.00879097,-0.0329666,-1.53432,0.0185005,0,0
-1.95156,-0.00879097,-0.0329666,-1.53432,0.0101229,0,0
-1.95156,-0.00879097,-0.0109901,-1.53432,0.0111701,0,0
-1.95127,-0.00879097,-0.0329666,-1.53432,0.0111701,0,0
-1.95137,-0.00879097,-0.0329666,-1.53432,0.00907572,0,0
-1.95127,-0.00293064,-0.0329666,-1.53415,0.0174533,0,0
-1.95146,-0.00293064,-0.0109901,-1.53415,0.0174533,0,0
-1.95156,-0.00293064,-0.0109901,-1.53415,0.0015708,0,0
-1.95146,-0.00293064,-0.0109901,-1.53415,0.0015708,0,0
-1.95137,-0.00879097,-0.0329666,-1.53415,0.0143117,0,0
-1.95137,-0.00879097,0.0109901,-1.53415,0.0111701,0,0
-1.95137,-0.00293064,-0.0109901,-1.53415,0.00785398,0,0
-1.95137,-0.00293064,-0.0329666,-1.53415,0.002618,0,0
-1.95127,-0.00293064,-0.0109901,-1.53415,0.00471239,0,0
-1.95127,-0.00293064,-0.0109901,-1.53415,0.002618,0,0
-1.95137,-0.00293064,-0.0109901,-1.53415,-0.0015708,0,0
-1.95137,-0.00293064,-0.0109901,-1.53415,-0.00575959,0,0
-1.95137,-0.00293064,-0.0109901,-1.53415,-0.0015708,0,0
-1.95137,-0.00293064,-0.0329666,-1.53415,0.0015708,0,0
-1.95137,-0.00879097,-0.0329666,-1.53415,-0.00575959,0,0
-1.95137,-0.00879097,0.0109901,-1.53415,-0.00785398,0,0
-1.95146,-0.00879097,0.0109901,-1.53415,-0.0015708,0,0
-1.95146,-0.00879097,-0.0109901,-1.53415,-0.002618,0,0
-1.95137,-0.00879097,-0.0109901,-1.53415,-0.0122173,0,0
-1.95127,-0.00879097,-0.0109901,-1.53415,0.0015708,0,0
-1.95146,-0.00879097,0.0109901,-1.53415,0.00366519,0,0
-1.95137,-0.00879097,-0.0329666,-1.53415,-0.00471239,0,0
-1.95127,-0.00879097,-0.0329666,-1.53415,-0.00575959,0,0
-1.95137,-0.00879097,0.0109901,-1.53415,-0.00680679,0,0
-1.95137,-0.00293064,-0.0109901,-1.53415,-0.00471239,0,0
-1.95127,-0.00293064,-0.0109901,-1.53415,-0.000349066,0,0
-1.95127,-0.00293064,-0.0329666,-1.53415,-0.0015708,0,0
-1.95127,-0.00293064,-0.0109901,-1.53415,-0.00366519,0,0
-1.95156,-0.00293064,0.0109901,-1.53415,0.000523599,0,0
-1.95127,-0.00879097,-0.0329666,-1.53415,0.00575959,0,0
-1.95146,-0.00879097,-0.0109901,-1.53415,0.00907572,0,0
-1.95137,-0.00879097,-0.0109901,-1.53415,-0.00366519,0,0
-1.95137,-0.00293064,-0.0109901,-1.53415,-0.00994838,0,0
-1.95127,-0.00293064,-0.0329666,-1.53415,-0.00366519,0,0
-1.95127,-0.00293064,-0.0109901,-1.53415,0.000523599,0,0
-1.95117,-0.00293064,-0.0329666,-1.53415,0.0015708,0,0
-1.95127,-0.00293064,-0.0109901,-1.53415,0.0015708,0,0
-1.95156,-0.00879097,0.0109901,-1.53432,-0.00785398,0,0
-1.95146,-0.00293064,-0.0109901,-1.53432,-0.00575959,0,0
-1.95127,-0.00879097,-0.0329666,-1.53432,0.002618,0,0
-1.95146,-0.00879097,-0.0109901,-1.53432,-0.0015708,0,0
-1.95156,-0.00879097,0.0109901,-1.53432,0.0015708,0,0
-1.95137,-0.00879097,-0.0109901,-1.53415,0.0101229,0,0
-1.95127,-0.00879097,-0.0109901,-1.53432,-0.00575959,0,0
-1.95137,-0.00879097,-0.0109901,-1.53415,0.00471239,0,0
-1.95137,-0.00293064,-0.0109901,-1.53432,-0.00471239,0,0
-1.95127,-0.00293064,-0.0329666,-1.53432,-0.00680679,0,0
-1.95137,-0.00293064,-0.0109901,-1.53432,-0.000349066,0,0
-1.95127,-0.00879097,-0.0329666,-1.53432,0.00366519,0,0
-1.95137,-0.00293064,-0.0109901,-1.53432,0.00366519,0,0
-1.95146,-0.00879097,-0.0109901,-1.53415,0.0015708,0,0
-1.95137,-0.00879097,0.0109901,-1.53432,-0.00994838,0,0
-1.95146,-0.00879097,-0.0109901,-1.53432,0.000523599,0,0
-1.95127,-0.00879097,-0.0109901,-1.53415,0.0132645,0,0
-1.95137,-0.00879097,-0.0109901,-1.53415,-0.0015708,0,0
-1.95137,-0.00879097,-0.0109901,-1.53415,0.00366519,0,0
-1.95127,-0.00879097,-0.0109901,-1.53415,0.00366519,0,0
-1.95127,-0.00293064,-0.0329666,-1.53415,-0.00785398,0,0
-1.95146,-0.00293064,-0.0109901,-1.53432,-0.00366519,0,0
-1.95127,-0.00879097,-0.0109901,-1.53415,0.002618,0,0
-1.95137,-0.00879097,-0.0109901,-1.53432,-0.00471239,0,0
-1.95146,-0.00879097,-0.0109901,-1.53432,-0.00680679,0,0
-1.95137,-0.00879097,-0.0329666,-1.53432,0.00471239,0,0
-1.95127,-0.00879097,-0.0329666,-1.53415,0.00907572,0,0
-1.95117,-0.00879097,-0.0549469,-1.53415,0.002618,0,0
-1.95146,-0.00879097,-0.0109901,-1.53415,-0.002618,0,0
-1.95127,-0.00293064,-0.0109901,-1.53415,0.0015708,0,0
-1.95127,-0.00879097,-0.0109901,-1.53415,0.002618,0,0
-1.95137,-0.00879097,0.0109901,-1.53415,0.00680679,0,0
-1.95137,-0.00293064,-0.0109901,-1.53415,-0.00366519,0,0
-1.95127,-0.00879097,-0.0109901,-1.53415,-0.000349066,0,0
-1.95127,-0.00879097,-0.0329666,-1.53415,-0.0015708,0,0
-1.95146,-0.00879097,0.0109901,-1.53415,0.002618,0,0
-1.95137,-0.00879097,-0.0109901,-1.53415,0.00471239,0,0
-1.95137,-0.00293064,-0.0109901,-1.53415,0.00575959,0,0
-1.95127,-0.00293064,-0.0109901,-1.53415,0.00680679,0,0
-1.95137,-0.00293064,-0.0109901,-1.53415,0.0111701,0,0
-1.95117,-0.00293064,-0.0109901,-1.53415,-0.002618,0,0
-1.95127,-0.00293064,-0.0109901,-1.53415,-0.0015708,0,0
-1.95146,-0.00293064,0.0329666,-1.53415,-0.00575959,0,0
-1.95137,-0.00293064,-0.0109901,-1.53415,0.00366519,0,0
-1.95127,-0.00293064,0.0109901,-1.53415,0.000523599,0,0
-1.95137,-0.00293064,-0.0109901,-1.53415,0.00366519,0,0
-1.95127,-0.00293064,-0.0109901,-1.53415,-0.00575959,0,0
-1.95137,-0.00293064,-0.0109901,-1.53415,-0.00366519,0,0
-1.95127,-0.00293064,-0.0109901,-1.53415,0.0101229,0,0
-1.95137,-0.00293064,-0.0109901,-1.53415,0.00785398,0,0
-1.95137,-0.00293064,-0.0109901,-1.53415,-0.00680679,0,0
-1.95137,-0.00293064,-0.0329666,-1.53415,-0.00890118,0,0
-1.95127,-0.00879097,-0.0109901,-1.53415,0.00366519,0,0
-1.95127,-0.00879097,-0.0109901,-1.53415,0.000523599,0,0
-1.95146,-0.00293064,0.0109901,-1.53415,-0.00471239,0,0
-1.95137,-0.00293064,-0.0109901,-1.53415,0.00471239,0,0
-1.95127,-0.00293064,0.0109901,-1.53415,-0.000349066,0,0
-1.95127,-0.00293064,-0.0109901,-1.53415,0.0015708,0,0
-1.95137,-0.00293064,-0.0109901,-1.53415,0.00575959,0,0
-1.95127,-0.00293064,-0.0329666,-1.53415,-0.002618,0,0
-1.95137,-0.00293064,0.0109901,-1.53415,0.0015708,0,0
-1.95137,-0.00293064,-0.0329666,-1.53415,-0.00366519,0,0
-1.95137,-0.00879097,-0.0109901,-1.53415,-0.0122173,0,0
-1.95137,-0.00879097,-0.0109901,-1.53415,0.000523599,0,0
-1.95127,-0.00293064,-0.0109901,-1.53415,0.00366519,0,0
-1.95127,-0.00293064,-0.0109901,-1.53415,-0.000349066,0,0
-1.95156,-0.00293064,0.0109901,-1.53415,-0.00575959,0,0
-1.95137,-0.00293064,-0.0329666,-1.53415,-0.00471239,0,0
-1.95127,-0.00879097,-0.0109901,-1.53415,0.00680679,0,0
-1.95137,-0.00293064,-0.0109901,-1.53415,0.00471239,0,0
-1.95146,-0.00293064,-0.0109901,-1.53415,-0.00575959,0,0
-1.95127,-0.00293064,-0.0329666,-1.53415,-0.002618,0,0
-1.95146,-0.00879097,-0.0109901,-1.53415,-0.002618,0,0
-1.95117,-0.00879097,-0.0109901,-1.53415,-0.000349066,0,0
-1.95127,-0.00879097,-0.0329666,-1.53415,0.0111701,0,0
-1.95127,-0.00879097,-0.0109901,-1.53415,-0.000349066,0,0
-1.95137,-0.00293064,-0.0329666,-1.53415,-0.00890118,0,0
-1.95127,-0.00293064,0.0109901,-1.53415,0.0015708,0,0
-1.95127,-0.00879097,-0.0109901,-1.53415,0.00575959,0,0
-1.95127,-0.00293064,-0.0109901,-1.53415,-0.0015708,0,0
-1.95127,-0.00879097,-0.0109901,-1.53415,0.00366519,0,0
-1.95127,-0.00293064,-0.0109901,-1.53415,-0.002618,0,0
-1.95127,-0.00293064,-0.0109901,-1.53415,-0.00366519,0,0
-1.95137,-0.00293064,-0.0329666,-1.53415,-0.00366519,0,0
-1.95137,-0.00293064,-0.0109901,-1.53415,-0.002618,0,0
-1.95137,-0.00293064,-0.0109901,-1.53415,-0.000349066,0,0
-1.95127,-0.00293064,-0.0109901,-1.53415,0.002618,0,0
-1.95146,-0.00293064,-0.0109901,-1.53415,0.000523599,0,0
-1.95127,-0.00293064,-0.0329666,-1.53415,0.002618,0,0
-1.95127,-0.00293064,-0.0109901,-1.53415,-0.00575959,0,0
-1.95127,-0.00293064,0.0109901,-1.53415,-0.0015708,0,0
-1.95137,-0.00293064,-0.0109901,-1.53415,-0.00680679,0,0
-1.95137,-0.00293064,0.0109901,-1.53415,0.000523599,0,0
-1.95127,-0.00879097,-0.0109901,-1.53415,0.0101229,0,0
-1.95127,-0.00879097,-0.0109901,-1.53415,0.00471239,0,0
-1.95137,-0.00879097,-0.0109901,-1.53415,-0.00680679,0,0
-1.95127,-0.00879097,0.0109901,-1.53415,-0.00366519,0,0
-1.95127,-0.00293064,-0.0109901,-1.53415,-0.0015708,0,0
-1.95146,-0.00879097,0.0109901,-1.53415,-0.0015708,0,0
-1.95127,-0.00293064,-0.0329666,-1.53415,-0.0015708,0,0
-1.95127,-0.00879097,0.0109901,-1.53415,0.00366519,0,0
-1.95137,-0.00879097,-0.0109901,-1.53415,0.0015708,0,0
-1.95137,-0.00293064,-0.0109901,-1.53415,-0.0015708,0,0
-1.95137,-0.00293064,-0.0109901,-1.53415,0.002618,0,0
-1.95127,-0.00879097,-0.0329666,-1.53415,-0.00471239,0,0
-1.95156,-0.00879097,0.0109901,-1.53432,-0.00471239,0,0
-1.95137,-0.00879097,-0.0329666,-1.53415,0.002618,0,0
-1.95146,-0.00293064,-0.0109901,-1.53415,0.00366519,0,0
-1.95127,-0.00879097,-0.0109901,-1.53415,-0.00366519,0,0
-1.95127,-0.00293064,-0.0109901,-1.53432,-0.00575959,0,0
-1.95127,-0.00293064,-0.0109901,-1.53432,-0.000349066,0,0
-1.95127,-0.00879097,-0.0109901,-1.53415,0.00680679,0,0
-1.95127,-0.00293064,-0.0329666,-1.53432,-0.002618,0,0
-1.95137,-0.00293064,0.0109901,-1.53415,0.00575959,0,0
-1.95127,-0.00293064,-0.0109901,-1.53432,-0.00471239,0,0
-1.95146,-0.00293064,0.0109901,-1.53432,-0.00890118,0,0
-1.95137,-0.00293064,-0.0329666,-1.53432,0.00366519,0,0
-1.95146,-0.00293064,-0.0109901,-1.53415,0.00907572,0,0
-1.95127,-0.00293064,-0.0329666,-1.53415,0.002618,0,0
-1.95127,-0.00879097,-0.0109901,-1.53415,-0.000349066,0,0
-1.95127,-0.00879097,0.0109901,-1.53415,-0.002618,0,0
-1.95127,-0.00293064,-0.0109901,-1.53432,-0.00366519,0,0
-1.95146,-0.00293064,-0.0109901,-1.53415,0.002618,0,0
-1.95127,-0.00293064,-0.0109901,-1.53415,0.00575959,0,0
-1.95127,-0.00293064,-0.0329666,-1.53415,-0.002618,0,0
-1.95127,-0.00879097,0.0109901,-1.53415,0.00907572,0,0
-1.95127,-0.00879097,-0.0109901,-1.53415,0.0111701,0,0
-1.95117,-0.00879097,-0.0329666,-1.53415,0.00575959,0,0
-1.95137,-0.00879097,-0.0109901,-1.53415,-0.00785398,0,0
-1.95156,-0.00293064,0.0109901,-1.53415,-0.0015708,0,0
-1.95137,-0.00293064,-0.0329666,-1.53415,0.002618,0,0
-1.95146,-0.00879097,-0.0329666,-1.53415,-0.0015708,0,0
-1.95137,-0.00879097,0.0109901,-1.53415,-0.0015708,0,0
-1.95127,-0.00879097,-0.0329666,-1.53415,-0.00471239,0,0
-1.95137,-0.00293064,-0.0329666,-1.53415,-0.00366519,0,0
-1.95127,-0.00293064,-0.0329666,-1.53415,-0.002618,0,0
-1.95146,-0.00879097,0.0109901,-1.53415,-0.002618,0,0
-1.95127,-0.00879097,-0.0109901,-1.53415,0.00366519,0,0
-1.95137,-0.00879097,0.0109901,-1.53415,0.000523599,0,0
-1.95137,-0.00879097,-0.0329666,-1.53415,0.000523599,0,0
-1.95146,-0.00879097,-0.0329666,-1.53415,-0.00366519,0,0
-1.95137,-0.00879097,-0.0109901,-1.53432,-0.00994838,0,0
-1.95137,-0.00879097,-0.0109901,-1.53415,0.00471239,0,0
-1.95137,-0.00879097,0.0109901,-1.53415,0.002618,0,0
-1.95127,-0.00879097,0.0109901,-1.53415,0.00680679,0,0
-1.95146,-0.00879097,-0.0109901,-1.53415,0.0101229,0,0
-1.95137,-0.00879097,-0.0109901,-1.53415,-0.0015708,0,0
-1.95127,-0.00879097,-0.0109901,-1.53415,0.00680679,0,0
-1.95127,-0.00879097,-0.0329666,-1.53415,0.00785398,0,0
-1.95137,-0.00879097,0.0109901,-1.53415,-0.00680679,0,0
-1.95146,-0.00879097,0.0109901,-1.53415,-0.002618,0,0
-1.95127,-0.00879097,-0.0329666,-1.53415,-0.00471239,0,0
-1.95127,-0.00879097,-0.0109901,-1.53415,-0.00575959,0,0
-1.95127,-0.00879097,-0.0329666,-1.53415,-0.002618,0,0
-1.95146,-0.00879097,0.0109901,-1.53415,-0.000349066,0,0
-1.95127,-0.00879097,-0.0329666,-1.53415,0.00366519,0,0
-1.95127,-0.00879097,0.0109901,-1.53415,-0.00366519,0,0
-1.95117,-0.00879097,-0.0329666,-1.53415,-0.00890118,0,0
-1.95146,-0.00879097,0.0109901,-1.53432,-0.00366519,0,0
-1.95137,-0.00293064,-0.0109901,-1.53432,0.002618,0,0
-1.95137,-0.00879097,-0.0109901,-1.53432,-0.00366519,0,0
-1.95137,-0.00879097,-0.0329666,-1.53415,0.00471239,0,0
-1.95146,-0.00879097,-0.0109901,-1.53415,0.002618,0,0
-1.95146,-0.00879097,-0.0109901,-1.53415,-0.0015708,0,0
-1.95137,-0.00879097,-0.0329666,-1.53415,0.002618,0,0
-1.95137,-0.00879097,-0.0329666,-1.53415,0.00680679,0,0
-1.95146,-0.00879097,-0.0109901,-1.53415,0.000523599,0,0
-1.95127,-0.00293064,-0.0329666,-1.53415,0.0015708,0,0
-1.95127,-0.00293064,-0.0109901,-1.53415,0.002618,0,0
-1.95127,-0.00293064,0.0109901,-1.53415,-0.002618,0,0
-1.95137,-0.00293064,0.0109901,-1.53415,-0.0015708,0,0
-1.95156,-0.00293064,0.0109901,-1.53415,0.00366519,0,0
-1.95127,-0.00293064,-0.0109901,-1.53415,0.00680679,0,0
-1.95127,-0.00293064,-0.0329666,-1.53415,0.00366519,0,0
-1.95137,-0.00293064,0.0109901,-1.53415,0.0015708,0,0
-1.95127,-0.00293064,-0.0109901,-1.53415,0.002618,0,0
-1.95137,-0.00293064,-0.0109901,-1.53415,0.0015708,0,0
-1.95137,-0.00293064,-0.0109901,-1.53415,-0.0015708,0,0
-1.95137,-0.00879097,-0.0109901,-1.53415,-0.00471239,0,0
-1.95146,-0.00879097,-0.0109901,-1.53415,-0.00471239,0,0
-1.95127,-0.00879097,-0.0109901,-1.53415,-0.0015708,0,0
-1.95137,-0.00879097,-0.0109901,-1.53415,0.00575959,0,0
-1.95137,-0.00879097,0.0109901,-1.53415,0.002618,0,0
-1.95146,-0.00879097,-0.0109901,-1.53415,-0.00471239,0,0
-1.95137,-0.00293064,-0.0109901,-1.53415,-0.00471239,0,0
-1.95127,-0.00879097,-0.0329666,-1.53415,-0.00680679,0,0
-1.95137,-0.00879097,-0.0329666,-1.53415,-0.00680679,0,0
-1.95137,-0.00879097,0.0109901,-1.53415,0.0015708,0,0
-1.95137,-0.00879097,-0.0329666,-1.53415,0.0015708,0,0
-1.95146,-0.00879097,0.0109901,-1.53415,-0.002618,0,0
-1.95127,-0.00879097,-0.0329666,-1.53415,-0.000349066,0,0
-1.95117,-0.00879097,-0.0109901,-1.53415,0.00785398,0,0
-1.95146,-0.00879097,0.0109901,-1.53415,0.0015708,0,0
-1.95137,-0.00879097,-0.0109901,-1.53415,-0.00575959,0,0
-1.95137,-0.00879097,-0.0109901,-1.53432,-0.0132645,0,0
-1.95137,-0.00879097,-0.0109901,-1.53432,0.0015708,0,0
-1.95146,-0.00879097,0.0109901,-1.53432,-0.002618,0,0
-1.95137,-0.00879097,-0.0329666,-1.53415,0.00907572,0,0
-1.95127,-0.00879097,-0.0109901,-1.53415,0.00785398,0,0
-1.95156,-0.00293064,-0.0109901,-1.53415,-0.0015708,0,0
-1.95127,-0.00293064,-0.0329666,-1.53415,0.00680679,0,0
-1.95127,-0.00293064,0.0109901,-1.53415,0.002618,0,0
-1.95127,-0.00293064,-0.0109901,-1.53415,-0.00471239,0,0
-1.95137,-0.00879097,-0.0329666,-1.53415,-0.00471239,0,0
-1.95127,-0.00879097,-0.0329666,-1.53415,0.000523599,0,0
-1.95137,-0.00879097,-0.0109901,-1.53415,0.00680679,0,0
-1.95146,-0.00879097,-0.0109901,-1.53415,0.000523599,0,0
-1.95146,-0.00293064,-0.0109901,-1.53415,-0.00366519,0,0
-1.95146,-0.00293064,-0.0109901,-1.53415,0.0015708,0,0
-1.95146,-0.00293064,-0.0109901,-1.53415,0.00471239,0,0
-1.95137,-0.00293064,-0.0109901,-1.53415,-0.002618,0,0
-1.95146,-0.00293064,-0.0329666,-1.53415,-0.0015708,0,0
-1.95127,-0.00293064,0.0109901,-1.53415,0.0015708,0,0
-1.95137,-0.00879097,-0.0329666,-1.53415,0.0111701,0,0
-1.95146,-0.00879097,0.0109901,-1.53415,0.00680679,0,0
-1.95165,-0.00879097,0.0109901,-1.53415,-0.00890118,0,0
-1.95137,-0.00879097,-0.0109901,-1.53415,-0.0015708,0,0
-1.95127,-0.00879097,-0.0329666,-1.53415,0.0015708,0,0
-1.95146,-0.00293064,-0.0109901,-1.53415,-0.000349066,0,0
-1.95127,-0.00879097,-0.0329666,-1.53415,0.000523599,0,0
-1.95117,-0.00879097,-0.0329666,-1.53415,-0.0015708,0,0
-1.95127,-0.00879097,-0.0109901,-1.53415,-0.0015708,0,0
-1.95127,-0.00879097,-0.0109901,-1.53415,0.0015708,0,0
-1.95117,-0.00879097,-0.0329666,-1.53415,-0.0015708,0,0
-1.95127,-0.00879097,-0.0109901,-1.53415,0.00366519,0,0
-1.95137,-0.00293064,0.0109901,-1.53415,-0.0015708,0,0
-1.95156,-0.00293064,0.0109901,-1.53415,0.00785398,0,0
-1.95127,-0.00879097,-0.0329666,-1.53415,0.002618,0,0
-1.95137,-0.00293064,-0.0109901,-1.53415,-0.00471239,0,0
-1.95146,-0.00879097,0.0109901,-1.53415,-0.000349066,0,0
-1.95146,-0.00293064,-0.0109901,-1.53415,0.00575959,0,0
-1.95127,-0.00293064,-0.0329666,-1.53415,0.00785398,0,0
-1.95127,-0.00293064,-0.0549469,-1.53415,0.00785398,0,0
-1.95137,-0.00879097,-0.0109901,-1.53415,-0.000349066,0,0
-1.95127,-0.00293064,-0.0109901,-1.53415,-0.00366519,0,0
-1.95127,-0.00879097,-0.0329666,-1.53415,-0.00575959,0,0
-1.95146,-0.00879097,0.0109901,-1.53415,0.000523599,0,0
-1.95137,-0.00879097,-0.0109901,-1.53415,0.002618,0,0
-1.95127,-0.00879097,-0.0329666,-1.53415,-0.00471239,0,0
-1.95137,-0.00879097,-0.0109901,-1.53415,0.0111701,0,0
-1.95137,-0.00293064,-0.0109901,-1.53415,0.00907572,0,0
-1.95127,-0.00879097,-0.0329666,-1.53415,-0.0015708,0,0
-1.95127,-0.00293064,-0.0329666,-1.53415,-0.002618,0,0
-1.95146,-0.00293064,0.0109901,-1.53415,0.0015708,0,0
-1.95156,-0.00293064,0.0109901,-1.53415,0.00785398,0,0
-1.95127,-0.00293064,-0.0109901,-1.53415,0.002618,0,0
-1.95127,-0.00293064,0.0109901,-1.53415,-0.00366519,0,0
-1.95127,-0.00293064,-0.0329666,-1.53415,0.0015708,0,0
-1.95146,-0.00293064,0.0109901,-1.53415,0.00907572,0,0
-1.95137,-0.00879097,0.0109901,-1.53415,0.0015708,0,0
-1.95137,-0.00879097,-0.0109901,-1.53415,0.000523599,0,0
-1.95127,-0.00879097,-0.0329666,-1.53415,0.0015708,0,0
-1.95127,-0.00879097,-0.0109901,-1.53415,0.002618,0,0
-1.95137,-0.00879097,-0.0109901,-1.53415,0.00575959,0,0
-1.95137,-0.00879097,0.0109901,-1.53415,-0.00471239,0,0
-1.95137,-0.00293064,-0.0109901,-1.53415,0.002618,0,0
-1.95137,-0.00293064,-0.0109901,-1.53415,0.00366519,0,0
-1.95127,-0.00293064,-0.0109901,-1.53415,0.000523599,0,0
-1.95127,-0.00879097,-0.0109901,-1.53397,0.00785398,0,0
-1.95137,-0.00879097,-0.0329666,-1.53397,0.0015708,0,0
-1.95146,-0.00879097,-0.0109901,-1.53397,0.002618,0,0
-1.95137,-0.00293064,0.0109901,-1.53397,-0.00366519,0,0
-1.95127,-0.00293064,0.0109901,-1.53397,-0.0015708,0,0
-1.95127,-0.00293064,-0.0329666,-1.53397,0.00366519,0,0
-1.95137,-0.00293064,-0.0109901,-1.53397,0.0101229,0,0
-1.95127,-0.00879097,-0.0329666,-1.53397,0.00471239,0,0
-1.95146,-0.00293064,-0.0329666,-1.53397,-0.00366519,0,0
-1.95146,-0.00293064,-0.0109901,-1.53397,-0.000349066,0,0
-1.95146,-0.00879097,0.0109901,-1.53397,-0.000349066,0,0
-1.95137,-0.00293064,-0.0109901,-1.53397,-0.00366519,0,0
-1.95137,-0.00879097,-0.0109901,-1.53397,-0.000349066,0,0
-1.95137,-0.00879097,-0.0109901,-1.53397,0.002618,0,0
-1.95137,-0.00879097,-0.0329666,-1.53397,0.002618,0,0
-1.95127,-0.00879097,-0.0329666,-1.53397,-0.000349066,0,0
-1.95137,-0.00879097,-0.0109901,-1.53397,-0.00471239,0,0
-1.95137,-0.00879097,0.0109901,-1.53397,0.00785398,0,0
-1.95137,-0.00293064,-0.0109901,-1.53397,0.002618,0,0
-1.95137,-0.00293064,0.0109901,-1.53397,-0.00366519,0,0
-1.95127,-0.00293064,-0.0329666,-1.53397,0.0015708,0,0
-1.95156,-0.00293064,-0.0109901,-1.53397,0.00575959,0,0
-1.95127,-0.00293064,-0.0109901,-1.53397,-0.0015708,0,0
-1.95127,-0.00293064,-0.0109901,-1.53397,-0.00471239,0,0
-1.95137,-0.00879097,-0.0329666,-1.53397,0.00366519,0,0
-1.95137,-0.00879097,-0.0109901,-1.53397,-0.00471239,0,0
-1.95127,-0.00879097,-0.0109901,-1.53397,0.0015708,0,0
-1.95146,-0.00293064,0.0109901,-1.53397,0.002618,0,0
-1.95137,-0.00293064,-0.0109901,-1.53397,0.00471239,0,0
-1.95146,-0.00293064,0.0109901,-1.53397,0.00575959,0,0
-1.95127,-0.00293064,-0.0329666,-1.53397,-0.00680679,0,0
-1.95127,-0.00293064,-0.0329666,-1.53397,-0.000349066,0,0
-1.95137,-0.00879097,-0.0109901,-1.53397,0.00471239,0,0
-1.95137,-0.00879097,-0.0109901,-1.53397,0.00366519,0,0
-1.95137,-0.00879097,0.0109901,-1.53397,0.00471239,0,0
-1.95127,-0.00293064,-0.0329666,-1.53397,-0.002618,0,0
-1.95146,-0.00879097,0.0109901,-1.53397,0.002618,0,0
-1.95127,-0.00879097,-0.0329666,-1.53397,0.0101229,0,0
-1.95146,-0.00293064,0.0109901,-1.53397,0.0015708,0,0
-1.95127,-0.00293064,-0.0329666,-1.53397,0.0122173,0,0
-1.95137,-0.00293064,0.0109901,-1.53397,-0.000349066,0,0
-1.95137,-0.00293064,-0.0109901,-1.53397,0.0015708,0,0
-1.95137,-0.00293064,-0.0329666,-1.53397,0.000523599,0,0
-1.95146,-0.00879097,0.0109901,-1.53397,0.00575959,0,0
-1.95146,-0.00293064,0.0109901,-1.53397,0.00785398,0,0
-1.95127,-0.00293064,0.0109901,-1.53397,-0.0015708,0,0
-1.95146,-0.00879097,0.0109901,-1.53397,-0.00994838,0,0
-1.95127,-0.00879097,-0.0329666,-1.53397,-0.00575959,0,0
-1.95137,-0.00879097,-0.0109901,-1.53397,-0.002618,0,0
-1.95127,-0.00879097,-0.0109901,-1.53397,0.00471239,0,0
-1.95137,-0.00293064,-0.0109901,-1.53397,-0.002618,0,0
-1.95137,-0.00293064,-0.0109901,-1.53397,0.00366519,0,0
-1.95146,-0.00293064,-0.0109901,-1.53397,0.00366519,0,0
-1.95127,-0.00879097,0.0109901,-1.53397,-0.00471239,0,0
-1.95146,-0.00293064,-0.0109901,-1.53397,-0.000349066,0,0
-1.95137,-0.00293064,-0.0109901,-1.53397,0.002618,0,0
-1.95127,-0.00879097,-0.0329666,-1.53397,-0.0015708,0,0
-1.95127,-0.00879097,-0.0109901,-1.53397,-0.0015708,0,0
-1.95127,-0.00879097,-0.0329666,-1.53397,-0.00575959,0,0
-1.95137,-0.00293064,-0.0109901,-1.53397,0.00575959,0,0
-1.95127,-0.00293064,0.0109901,-1.53397,0.0015708,0,0
-1.95137,-0.00293064,-0.0109901,-1.53397,0.0015708,0,0
-1.95127,-0.00293064,-0.0109901,-1.53397,-0.0015708,0,0
-1.95137,-0.00293064,-0.0109901,-1.53397,0.00366519,0,0
-1.95127,-0.00293064,-0.0109901,-1.53397,0.00680679,0,0
-1.95127,-0.00879097,-0.0109901,-1.53397,-0.00785398,0,0
-1.95137,-0.00293064,-0.0109901,-1.53397,-0.00680679,0,0
-1.95156,-0.00293064,0.0109901,-1.53397,0.0015708,0,0
-1.95137,-0.00879097,-0.0109901,-1.53397,-0.000349066,0,0
-1.95137,-0.00293064,0.0109901,-1.53397,-0.00575959,0,0
-1.95127,-0.00293064,-0.0109901,-1.53397,-0.00680679,0,0
-1.95137,-0.00293064,-0.0109901,-1.53397,0.00575959,0,0
-1.95137,-0.00293064,-0.0109901,-1.53397,0.00785398,0,0
-1.95127,-0.00293064,-0.0109901,-1.53397,0.002618,0,0
-1.95127,-0.00879097,-0.0109901,-1.53397,0.0015708,0,0
-1.95146,-0.00879097,-0.0109901,-1.53397,-0.00575959,0,0
-1.95146,-0.00879097,-0.0329666,-1.53397,-0.0015708,0,0
-1.95127,-0.00879097,-0.0329666,-1.53397,0.000523599,0,0
-1.95127,-0.00879097,-0.0329666,-1.53397,-0.00366519,0,0
-1.95127,-0.00879097,-0.0109901,-1.53397,-0.00575959,0,0
-1.95127,-0.00879097,-0.0109901,-1.53397,-0.002618,0,0
-1.95137,-0.00879097,0.0109901,-1.53397,-0.00366519,0,0
-1.95127,-0.00879097,-0.0109901,-1.53397,0.00471239,0,0
-1.95146,-0.00293064,-0.0109901,-1.53397,0.002618,0,0
-1.95137,-0.00293064,-0.0109901,-1.53397,-0.00994838,0,0
-1.95127,-0.00293064,-0.0329666,-1.53397,0.00471239,0,0
-1.95127,-0.00293064,-0.0329666,-1.53397,0.002618,0,0
-1.95137,-0.00879097,0.0109901,-1.53397,0.0015708,0,0
-1.95127,-0.00879097,-0.0109901,-1.53397,-0.0015708,0,0
-1.95146,-0.00879097,0.0109901,-1.53397,-0.002618,0,0
-1.95146,-0.00879097,0.0109901,-1.53397,0.00680679,0,0
-1.95127,-0.00879097,-0.0109901,-1.53397,0.0015708,0,0
-1.95127,-0.00293064,-0.0109901,-1.53397,-0.002618,0,0
-1.95127,-0.00293064,-0.0109901,-1.53397,-0.000349066,0,0
-1.95127,-0.00293064,-0.0109901,-1.53397,0.00366519,0,0
-1.95137,-0.00293064,-0.0109901,-1.53397,0.000523599,0,0
-1.95137,-0.00293064,-0.0109901,-1.53397,-0.00366519,0,0
-1.95127,-0.00879097,0.0109901,-1.53397,-0.002618,0,0
-1.95127,-0.00879097,-0.0109901,-1.53397,-0.0015708,0,0
-1.95137,-0.00293064,-0.0329666,-1.53397,0.000523599,0,0
-1.95137,-0.00293064,-0.0109901,-1.53397,0.000523599,0,0
-1.95146,-0.00293064,-0.0109901,-1.53397,0.00366519,0,0
-1.95117,-0.00293064,-0.0549469,-1.53397,-0.00471239,0,0
-1.95137,-0.00293064,-0.0109901,-1.53397,-0.000349066,0,0
-1.95127,-0.00293064,-0.0109901,-1.53397,0.00471239,0,0
-1.95137,-0.00293064,-0.0109901,-1.53397,-0.00471239,0,0
-1.95127,-0.00293064,-0.0109901,-1.53397,-0.00680679,0,0
-1.95127,-0.00879097,-0.0329666,-1.53397,-0.00366519,0,0
-1.95137,-0.00879097,-0.0109901,-1.53397,0.00471239,0,0
-1.95127,-0.00879097,-0.0109901,-1.53397,0.00366519,0,0
-1.95117,-0.00879097,-0.0329666,-1.53397,0.0015708,0,0
-1.95127,-0.00879097,0.0109901,-1.53397,0.002618,0,0
-1.95137,-0.00879097,-0.0109901,-1.53397,0.0143117,0,0
-1.95137,-0.00879097,0.0109901,-1.53397,-0.000349066,0,0
-1.95127,-0.00879097,-0.0329666,-1.53397,-0.000349066,0,0
-1.95127,-0.00879097,-0.0329666,-1.53397,-0.00785398,0,0
-1.95137,-0.00879097,-0.0109901,-1.53397,-0.0015708,0,0
-1.95146,-0.00293064,-0.0329666,-1.53397,-0.0015708,0,0
-1.95146,-0.00293064,0.0109901,-1.53397,-0.0015708,0,0
-1.95146,-0.00293064,0.0109901,-1.53397,0.00575959,0,0
-1.95137,-0.00293064,-0.0109901,-1.53397,-0.002618,0,0
-1.95127,-0.00879097,-0.0329666,-1.53397,-0.00366519,0,0
-1.95127,-0.00293064,0.0109901,-1.53397,-0.002618,0,0
-1.95127,-0.00293064,-0.0329666,-1.53397,-0.000349066,0,0
-1.95137,-0.00879097,-0.0109901,-1.53397,-0.000349066,0,0
-1.95146,-0.00879097,-0.0109901,-1.53397,0.00680679,0,0
-1.95137,-0.00879097,-0.0109901,-1.53397,0.0015708,0,0
-1.95127,-0.00879097,-0.0329666,-1.53397,-0.000349066,0,0
-1.95137,-0.00293064,-0.0109901,-1.53397,-0.00366519,0,0
-1.95146,-0.00293064,-0.0109901,-1.53397,-0.00575959,0,0
-1.95137,-0.00879097,-0.0109901,-1.53397,-0.00366519,0,0
-1.95146,-0.00879097,-0.0109901,-1.53397,-0.00680679,0,0
-1.95127,-0.00879097,-0.0329666,-1.53397,-0.00680679,0,0
-1.95137,-0.00879097,-0.0109901,-1.53397,0.00366519,0,0
-1.95137,-0.00293064,-0.0109901,-1.53397,-0.00366519,0,0
-1.95146,-0.00293064,-0.0109901,-1.53397,-0.002618,0,0
-1.95127,-0.00879097,-0.0109901,-1.53397,0.0101229,0,0
-1.95137,-0.00293064,-0.0109901,-1.53397,0.0015708,0,0
-1.95117,-0.00293064,-0.0329666,-1.53397,-0.00680679,0,0
-1.95127,-0.00293064,-0.0549469,-1.53397,-0.000349066,0,0
-1.95137,-0.00293064,-0.0109901,-1.53397,-0.002618,0,0
-1.95127,-0.00293064,-0.0109901,-1.53397,0.0015708,0,0
-1.95137,-0.00879097,-0.0109901,-1.53397,-0.00785398,0,0
-1.95137,-0.00879097,-0.0109901,-1.53397,-0.000349066,0,0
-1.95146,-0.00879097,-0.0109901,-1.53397,0.00785398,0,0
-1.95146,-0.00879097,0.0109901,-1.53397,0.0015708,0,0
-1.95127,-0.00879097,-0.0109901,-1.53397,0.0015708,0,0
-1.95146,-0.00879097,0.0109901,-1.53397,0.00366519,0,0
-1.95137,-0.00879097,0.0109901,-1.53397,-0.002618,0,0
-1.95117,-0.00879097,-0.0329666,-1.53397,0.00366519,0,0
-1.95146,-0.00293064,0.0109901,-1.53397,-0.00680679,0,0
-1.95146,-0.00293064,0.0109901,-1.53397,0.000523599,0,0
-1.95137,-0.00293064,-0.0109901,-1.53397,0.00907572,0,0
-1.95146,-0.00293064,-0.0109901,-1.53397,-0.00680679,0,0
-1.95137,-0.00293064,-0.0109901,-1.53397,-0.00785398,0,0
-1.95137,-0.00293064,-0.0329666,-1.53397,0.0015708,0,0
-1.95127,-0.00293064,-0.0109901,-1.53397,-0.0015708,0,0
-1.95146,-0.00293064,-0.0109901,-1.53397,-0.00366519,0,0
-1.95137,-0.00293064,-0.0109901,-1.53397,0.0015708,0,0
-1.95127,-0.00293064,-0.0109901,-1.53397,-0.0015708,0,0
-1.95146,-0.00879097,0.0329666,-1.53397,0.00471239,0,0
-1.95137,-0.00879097,-0.0329666,-1.53397,0.00907572,0,0
-1.95127,-0.00879097,-0.0109901,-1.53397,0.0015708,0,0
-1.95137,-0.00879097,-0.0109901,-1.53397,-0.00890118,0,0
-1.95127,-0.00879097,-0.0109901,-1.53397,-0.00471239,0,0
-1.95137,-0.00879097,-0.0109901,-1.53397,-0.00785398,0,0
-1.95127,-0.00293064,-0.0329666,-1.53397,-0.0015708,0,0
-1.95137,-0.00293064,0.0109901,-1.53397,0.00575959,0,0
-1.95137,-0.00293064,0.0109901,-1.53397,0.00575959,0,0
-1.95137,-0.00293064,-0.0109901,-1.53397,-0.00785398,0,0
-1.95146,-0.00293064,-0.0109901,-1.53397,-0.00680679,0,0
-1.95146,-0.00293064,0.0109901,-1.53397,0.002618,0,0
-1.95146,-0.00879097,0.0109901,-1.53397,0.00575959,0,0
-1.95137,-0.00879097,-0.0329666,-1.53397,0.002618,0,0
-1.95137,-0.00879097,-0.0109901,-1.53397,0.0015708,0,0
-1.95137,-0.00879097,-0.0109901,-1.53397,-0.00366519,0,0
-1.95146,-0.00293064,-0.0109901,-1.53397,-0.00785398,0,0
-1.95127,-0.00293064,-0.0329666,-1.53397,-0.0015708,0,0
-1.95146,-0.00293064,-0.0109901,-1.53397,-0.002618,0,0
-1.95127,-0.00293064,-0.0109901,-1.53415,-0.00471239,0,0
-1.95137,-0.00293064,-0.0109901,-1.53415,0.000523599,0,0
-1.95146,-0.00293064,-0.0109901,-1.53397,0.00575959,0,0
-1.95146,-0.00879097,0.0109901,-1.53397,0.0101229,0,0
-1.95146,-0.00879097,0.0109901,-1.53397,-0.002618,0,0
-1.95137,-0.00293064,-0.0109901,-1.53397,-0.0015708,0,0
-1.95127,-0.00879097,-0.0109901,-1.53397,0.000523599,0,0
-1.95127,-0.00879097,-0.0329666,-1.53415,-0.00994838,0,0
-1.95146,-0.00879097,0.0109901,-1.53397,0.00366519,0,0
-1.95127,-0.00879097,-0.0109901,-1.53397,0.0143117,0,0
-1.95127,-0.00879097,-0.0109901,-1.53397,-0.000349066,0,0
-1.95127,-0.00879097,-0.0329666,-1.53397,-0.0132645,0,0
-1.95127,-0.00293064,-0.0329666,-1.53397,0.00680679,0,0
-1.95127,-0.00293064,-0.0549469,-1.53397,0.0111701,0,0
-1.95127,-0.00293064,-0.0329666,-1.53397,0.0015708,0,0
-1.95127,-0.00293064,0.0109901,-1.53397,-0.0015708,0,0
-1.95127,-0.00293064,-0.0109901,-1.53397,0.002618,0,0
-1.95137,-0.00293064,-0.0109901,-1.53397,0.00471239,0,0
-1.95156,-0.00293064,-0.0109901,-1.53397,0.00575959,0,0
-1.95146,-0.00293064,0.0109901,-1.53397,0.002618,0,0
-1.95137,-0.00879097,0.0109901,-1.53397,0.0101229,0,0
-1.95137,-0.00879097,-0.0109901,-1.53397,-0.0015708,0,0
-1.95137,-0.00293064,-0.0109901,-1.53397,0.000523599,0,0
-1.95117,-0.00879097,-0.0549469,-1.53397,-0.002618,0,0
-1.95156,-0.00293064,-0.0109901,-1.53397,-0.00471239,0,0
-1.95127,-0.00293064,-0.0329666,-1.53397,-0.002618,0,0
-1.95146,-0.00293064,-0.0109901,-1.53397,0.0015708,0,0
-1.95127,-0.00293064,-0.0329666,-1.53397,0.00680679,0,0
-1.95146,-0.00293064,-0.0109901,-1.53397,-0.00366519,0,0
-1.95127,-0.00879097,-0.0109901,-1.53397,-0.00785398,0,0
-1.95146,-0.00293064,-0.0109901,-1.53397,-0.0015708,0,0
-1.95127,-0.00879097,-0.0329666,-1.53397,0.0111701,0,0
-1.95137,-0.00879097,0.0109901,-1.53397,0.0122173,0,0
-1.95146,-0.00293064,-0.0329666,-1.53397,-0.00575959,0,0
-1.95137,-0.00293064,-0.0109901,-1.53397,-0.000349066,0,0
-1.95137,-0.00879097,-0.0109901,-1.53397,0.00366519,0,0
-1.95117,-0.00879097,-0.0109901,-1.53397,-0.00366519,0,0
-1.95127,-0.00879097,-0.0109901,-1.53397,-0.00471239,0,0
-1.95127,-0.00879097,-0.0109901,-1.53397,0.00366519,0,0
-1.95137,-0.00879097,-0.0109901,-1.53397,0.00471239,0,0
-1.95127,-0.00293064,0.0109901,-1.53397,-0.002618,0,0
-1.95146,-0.00879097,0.0109901,-1.53397,-0.000349066,0,0
-1.95137,-0.00879097,-0.0109901,-1.53397,0.0101229,0,0
-1.95146,-0.00293064,0.0109901,-1.53397,0.00575959,0,0
-1.95156,-0.00879097,-0.0109901,-1.53397,-0.0109956,0,0
-1.95127,-0.00293064,0.0109901,-1.53397,-0.00785398,0,0
-1.95137,-0.00879097,-0.0329666,-1.53397,-0.00680679,0,0
-1.95127,-0.00879097,-0.0109901,-1.53397,-0.00471239,0,0
-1.95127,-0.00879097,-0.0109901,-1.53397,0.00366519,0,0
-1.95127,-0.00879097,-0.0109901,-1.53397,-0.002618,0,0
-1.95127,-0.00879097,-0.0109901,-1.53397,0.000523599,0,0
-1.95146,-0.00293064,0.0109901,-1.53397,-0.00471239,0,0
-1.95127,-0.00879097,-0.0109901,-1.53397,-0.0122173,0,0
-1.95137,-0.00879097,0.0109901,-1.53397,-0.00471239,0,0
-1.95127,-0.00879097,-0.0549469,-1.53397,0.0122173,0,0
-1.95137,-0.00879097,-0.0109901,-1.53397,0.00680679,0,0
-1.95127,-0.00879097,0.0109901,-1.53397,0.000523599,0,0
-1.95127,-0.00879097,-0.0329666,-1.53397,-0.000349066,0,0
-1.95127,-0.00879097,0.0109901,-1.53397,0.0015708,0,0
-1.95137,-0.00879097,-0.0109901,-1.53397,0.002618,0,0
-1.95156,-0.00879097,0.0109901,-1.53397,0.002618,0,0
-1.95146,-0.00879097,-0.0109901,-1.53397,-0.002618,0,0
-1.95127,-0.00293064,-0.0329666,-1.53397,-0.00575959,0,0
-1.95127,-0.00293064,0.0109901,-1.53397,0.00471239,0,0
-1.95127,-0.00879097,-0.0109901,-1.53397,0.00785398,0,0
-1.95127,-0.00879097,-0.0109901,-1.53397,0.0015708,0,0
-1.95127,-0.00879097,-0.0109901,-1.53397,0.002618,0,0
-1.95127,-0.00293064,-0.0109901,-1.53397,-0.00471239,0,0
-1.95137,-0.00293064,-0.0329666,-1.53397,0.002618,0,0
-1.95127,-0.00293064,-0.0109901,-1.53397,0.00907572,0,0
-1.95146,-0.00879097,-0.0109901,-1.53397,0.002618,0,0
-1.95146,-0.00293064,0.0109901,-1.53397,-0.00785398,0,0
-1.95127,-0.00293064,-0.0329666,-1.53397,-0.002618,0,0
-1.95127,-0.00293064,-0.0329666,-1.53397,-0.002618,0,0
-1.95137,-0.00293064,-0.0109901,-1.53397,0.0015708,0,0
-1.95137,-0.00293064,-0.0109901,-1.53397,-0.000349066,0,0
-1.95137,-0.00293064,-0.0329666,-1.53397,0.000523599,0,0
-1.95127,-0.00293064,0.0109901,-1.53397,0.00575959,0,0
-1.95127,-0.00879097,-0.0329666,-1.53397,0.002618,0,0
-1.95137,-0.00293064,-0.0109901,-1.53397,-0.00890118,0,0
-1.95137,-0.00293064,0.0109901,-1.53397,-0.00471239,0,0
-1.95137,-0.00293064,-0.0109901,-1.53397,-0.00471239,0,0
-1.95137,-0.00293064,-0.0109901,-1.53397,-0.00471239,0,0
-1.95137,-0.00293064,-0.0109901,-1.53397,-0.002618,0,0
-1.95146,-0.00293064,-0.0109901,-1.53397,-0.00366519,0,0
-1.95137,-0.00293064,-0.0109901,-1.53397,0.002618,0,0
-1.95137,-0.00879097,-0.0329666,-1.53397,0.0153589,0,0
-1.95127,-0.00879097,-0.0329666,-1.53397,0.00680679,0,0
-1.95146,-0.00293064,0.0109901,-1.53397,-0.00366519,0,0
-1.95127,-0.00879097,-0.0329666,-1.53397,0.00366519,0,0
