yaw_angle_raw,yaw_torque_raw,yaw_vel_motor,yaw_angle_imu,yaw_vel_imu,target_torque,target_velocity
3.11173,-0.00293064,-0.0109901,-2.96409,-0.0164061,0,0
3.11173,-0.00293064,-0.0109901,-2.96409,0.00366519,0,0
3.11183,-0.00293064,-0.0109901,-2.96409,-0.002618,0,0
3.11173,-0.00293064,-0.0109901,-2.96427,-0.00471239,0,0
3.11164,-0.00879097,-0.0329666,-2.96427,-0.0015708,0,0
3.11164,-0.00879097,0.0109901,-2.96409,0.0101229,0,0
3.11164,-0.00879097,-0.0109901,-2.96409,0.00471239,0,0
3.11173,-0.00293064,0.0109901,-2.96409,-0.000349066,0,0
3.11164,-0.00879097,-0.0109901,-2.96409,0.002618,0,0
3.11164,-0.00879097,-0.0109901,-2.96409,-0.00680679,0,0
3.11164,-0.00879097,-0.0109901,-2.96409,-0.002618,0,0
3.11173,-0.00293064,-0.0329666,-2.96409,-0.002618,0,0
3.11164,-0.00293064,-0.0109901,-2.96427,-0.00680679,0,0
3.11154,-0.00293064,0.0329666,-2.96409,0.00575959,0,0
3.11164,-0.00293064,-0.0109901,-2.96409,0.002618,0,0
3.11164,-0.00293064,-0.0329666,-2.96409,0.00366519,0,0
3.11154,-0.00293064,-0.0109901,-2.96409,0.0122173,0,0
3.11164,-0.00293064,-0.0109901,-2.96409,0.0101229,0,0
3.11154,-0.00293064,-0.0109901,-2.96409,0.0101229,0,0
3.11173,-0.00879097,-0.0109901,-2.96409,0.002618,0,0
3.11164,-0.00293064,-0.0549469,-2.96409,-0.0015708,0,0
3.11173,-0.00293064,-0.0109901,-2.96409,0.002618,0,0
3.11173,-0.00293064,0.0109901,-2.96409,0.00680679,0,0
3.11173,-0.00879097,-0.0329666,-2.96409,0.0015708,0,0
3.11154,-0.00879097,0.0329666,-2.96409,0.00575959,0,0
3.11164,-0.00879097,0.0109901,-2.96409,0.0132645,0,0
3.11164,-0.00879097,-0.0109901,-2.96409,0.0122173,0,0
3.11173,-0.00879097,-0.0109901,-2.96409,0.00785398,0,0
3.11192,-0.00293064,-0.0549469,-2.96392,0.0122173,0,0
3.11183,-0.00293064,-0.0329666,-2.96392,0.00907572,0,0
3.11154,-0.00293064,-0.0109901,-2.96392,0.0101229,0,0
3.11164,-0.00879097,0.0109901,-2.96392,0.00785398,0,0
3.11154,-0.00879097,-0.0329666,-2.96392,0.00471239,0,0
3.11173,-0.00879097,-0.0329666,-2.96392,0.00785398,0,0
3.11173,-0.00879097,-0.0109901,-2.96392,0.00907572,0,0
3.11164,-0.00879097,-0.0109901,-2.96392,0.00471239,0,0
3.11173,-0.00879097,-0.0329666,-2.96392,0.0101229,0,0
3.11173,-0.00293064,-0.0329666,-2.96392,0.00680679,0,0
3.11173,-0.00293064,0.0109901,-2.96392,0.0015708,0,0
3.11183,-0.00293064,-0.0329666,-2.96374,0.00907572,0,0
3.11173,-0.00293064,-0.0109901,-2.96374,0.0101229,0,0
3.11173,-0.00293064,-0.0329666,-2.96374,0.002618,0,0
3.11173,-0.00293064,0.0109901,-2.96374,0.00471239,0,0
3.11173,-0.00879097,-0.0109901,-2.96374,0.00575959,0,0
3.11173,-0.00293064,-0.0109901,-2.96374,0.0101229,0,0
3.11164,-0.00293064,-0.0109901,-2.96374,0.0143117,0,0
3.11173,-0.00293064,0.0109901,-2.96374,0.0143117,0,0
3.11164,-0.00293064,-0.0109901,-2.96374,0.0111701,0,0
3.11183,-0.00293064,-0.0329666,-2.96374,0.000523599,0,0
3.11173,-0.00293064,-0.0329666,-2.96374,-0.00471239,0,0
3.11183,-0.00879097,-0.0109901,-2.96374,0.00680679,0,0
3.11173,-0.00879097,0.0109901,-2.96357,0.0185005,0,0
3.11183,-0.00879097,-0.0329666,-2.96357,0.000523599,0,0
3.11173,-0.00879097,-0.0109901,-2.96357,0.00785398,0,0
3.11183,-0.00879097,0.0109901,-2.96357,0.00680679,0,0
3.11183,-0.00293064,-0.0109901,-2.96357,0.00680679,0,0
3.11173,-0.00293064,0.0329666,-2.96357,0.0111701,0,0
3.11173,-0.00879097,-0.0109901,-2.96357,0.0111701,0,0
3.11183,-0.00293064,-0.0109901,-2.96357,0.00907572,0,0
3.11173,-0.00293064,0.0109901,-2.9634,0.0153589,0,0
3.11183,-0.00293064,-0.0109901,-2.9634,0.00907572,0,0
3.11164,-0.00293064,0.0109901,-2.9634,0.00366519,0,0
3.11183,-0.00879097,-0.0329666,-2.9634,-0.002618,0,0
3.11173,-0.00293064,-0.0109901,-2.9634,0.00575959,0,0
3.11173,-0.00293064,-0.0109901,-2.9634,0.0132645,0,0
3.11173,-0.00293064,0.0329666,-2.9634,0.00785398,0,0
3.11183,-0.00293064,-0.0329666,-2.9634,0.0101229,0,0
3.11173,-0.00293064,-0.0329666,-2.9634,0.00575959,0,0
3.11183,-0.00879097,-0.0329666,-2.9634,0.00575959,0,0
3.11164,-0.00879097,0.0109901,-2.9634,0.0122173,0,0
3.11183,-0.00293064,-0.0109901,-2.9634,0.00785398,0,0
3.11164,-0.00879097,0.0109901,-2.9634,0.0015708,0,0
3.11173,-0.00293064,0.0109901,-2.9634,-0.00680679,0,0
3.11173,-0.00293064,0.0109901,-2.9634,0.00785398,0,0
3.11173,-0.00293064,0.0109901,-2.96322,0.00575959,0,0
3.11173,-0.00293064,-0.0109901,-2.9634,-0.00575959,0,0
3.11173,-0.00879097,-0.0109901,-2.9634,-0.00575959,0,0
3.11173,-0.00879097,-0.0109901,-2.9634,0.000523599,0,0
3.11173,-0.00879097,-0.0329666,-2.9634,-0.00680679,0,0
3.11164,-0.00879097,0.0109901,-2.9634,-0.00994838,0,0
3.11173,-0.00879097,-0.0329666,-2.9634,-0.002618,0,0
3.11164,-0.00879097,0.0109901,-2.9634,-0.0143117,0,0
3.11173,-0.00879097,-0.0329666,-2.9634,-0.0122173,0,0
3.11173,-0.00879097,0.0109901,-2.9634,-0.00890118,0,0
3.11173,-0.00879097,-0.0109901,-2.9634,-0.0122173,0,0
3.11183,-0.00293064,-0.0109901,-2.9634,-0.00994838,0,0
3.11173,-0.00293064,-0.0109901,-2.96357,-0.00785398,0,0
3.11164,-0.00293064,0.0109901,-2.96357,-0.00890118,0,0
3.11173,-0.00879097,0.0109901,-2.96357,-0.00575959,0,0
3.11164,-0.00879097,-0.0329666,-2.96357,-0.0109956,0,0
3.11173,-0.00293064,0.0109901,-2.96357,-0.0109956,0,0
3.11164,-0.00879097,-0.0109901,-2.96357,-0.00994838,0,0
3.11192,-0.00879097,-0.0549469,-2.96357,-0.00471239,0,0
3.11164,-0.00293064,-0.0329666,-2.96357,-0.0122173,0,0
3.11164,-0.00293064,-0.0109901,-2.96357,-0.0153589,0,0
3.11164,-0.00293064,-0.0109901,-2.96374,-0.0109956,0,0
3.11173,-0.00293064,-0.0329666,-2.96374,-0.0132645,0,0
3.11192,-0.00293064,-0.0329666,-2.96374,-0.0153589,0,0
3.11173,-0.00879097,0.0109901,-2.96374,-0.0015708,0,0
3.11173,-0.00879097,-0.0109901,-2.96374,-0.0132645,0,0
3.11173,-0.00293064,-0.0109901,-2.96374,-0.00680679,0,0
3.11192,-0.00879097,0.0109901,-2.96374,0.000523599,0,0
3.11173,-0.00293064,-0.0109901,-2.96374,-0.00680679,0,0
3.11192,-0.00293064,-0.0109901,-2.96374,-0.00785398,0,0
3.11173,-0.00293064,0.0109901,-2.96374,-0.00785398,0,0
3.11173,-0.00293064,-0.0329666,-2.96374,-0.002618,0,0
3.11173,-0.00293064,-0.0109901,-2.96374,0.002618,0,0
3.11183,-0.00293064,-0.0329666,-2.96392,-0.0109956,0,0
3.11164,-0.00879097,0.0109901,-2.96392,-0.00471239,0,0
3.11173,-0.00879097,-0.0109901,-2.96392,-0.002618,0,0
3.11173,-0.00879097,-0.0109901,-2.96392,-0.0015708,0,0
3.11173,-0.00879097,-0.0109901,-2.96392,0.00366519,0,0
3.11173,-0.00879097,-0.0109901,-2.96392,-0.000349066,0,0
3.11173,-0.00879097,0.0109901,-2.96392,-0.00471239,0,0
3.11173,-0.00879097,-0.0109901,-2.96392,-0.002618,0,0
3.11173,-0.00293064,0.0109901,-2.96392,-0.00366519,0,0
3.11164,-0.00879097,-0.0549469,-2.96392,0.00471239,0,0
3.11173,-0.00879097,-0.0109901,-2.96392,0.000523599,0,0
3.11173,-0.00879097,-0.0329666,-2.96392,-0.0015708,0,0
3.11173,-0.00879097,-0.0329666,-2.96392,0.0015708,0,0
3.11164,-0.00879097,-0.0329666,-2.96392,-0.000349066,0,0
3.11173,-0.00879097,-0.0329666,-2.96392,0.0015708,0,0
3.11173,-0.00879097,-0.0109901,-2.96392,0.00785398,0,0
3.11173,-0.00879097,-0.0329666,-2.96392,0.00907572,0,0
3.11173,-0.00879097,-0.0109901,-2.96392,0.0015708,0,0
3.11173,-0.00293064,-0.0109901,-2.96392,0.002618,0,0
3.11183,-0.00293064,-0.0109901,-2.96374,0.00907572,0,0
3.11164,-0.00293064,-0.0109901,-2.96374,0.00575959,0,0
3.11173,-0.00293064,-0.0109901,-2.96374,0.00575959,0,0
3.11164,-0.00293064,-0.0109901,-2.96374,0.00785398,0,0
3.11154,-0.00879097,0.0329666,-2.96374,0.00575959,0,0
3.11173,-0.00879097,-0.0329666,-2.96374,-0.002618,0,0
3.11173,-0.00293064,-0.0329666,-2.96374,0.00366519,0,0
3.11173,-0.00293064,-0.0109901,-2.96374,0.0122173,0,0
3.11173,-0.00293064,-0.0109901,-2.96374,0.0101229,0,0
3.11173,-0.00293064,0.0109901,-2.96374,0.00680679,0,0
3.11164,-0.00879097,-0.0109901,-2.96374,0.0015708,0,0
3.11164,-0.00293064,-0.0109901,-2.96374,-0.0015708,0,0
3.11164,-0.00293064,-0.0109901,-2.96374,0.00575959,0,0
3.11164,-0.00293064,0.0109901,-2.96374,-0.0015708,0,0
3.11173,-0.00293064,-0.0549469,-2.96374,0.00471239,0,0
3.11173,-0.00293064,-0.0109901,-2.96374,0.00907572,0,0
3.11173,-0.00879097,-0.0109901,-2.96374,0.002618,0,0
3.11183,-0.00879097,-0.0109901,-2.96357,0.00575959,0,0
3.11154,-0.00879097,-0.0109901,-2.96357,0.0143117,0,0
3.11173,-0.00879097,-0.0109901,-2.96357,0.002618,0,0
3.11173,-0.00879097,-0.0329666,-2.96357,0.002618,0,0
3.11173,-0.00879097,-0.0109901,-2.96357,0.00680679,0,0
3.11173,-0.00293064,0.0109901,-2.96357,0.00785398,0,0
3.11173,-0.00293064,-0.0109901,-2.96357,0.0101229,0,0
3.11173,-0.00293064,-0.0109901,-2.96357,0.0122173,0,0
3.11183,-0.00293064,-0.0329666,-2.96357,0.00785398,0,0
3.11173,-0.00293064,-0.0109901,-2.96357,0.0101229,0,0
3.11173,-0.00293064,0.0109901,-2.9634,0.00680679,0,0
3.11164,-0.00293064,0.0109901,-2.9634,-0.00366519,0,0
3.11173,-0.00293064,-0.0329666,-2.96357,-0.00471239,0,0
3.11173,-0.00879097,0.0109901,-2.96357,-0.0015708,0,0
3.11173,-0.00879097,0.0109901,-2.9634,0.00366519,0,0
3.11173,-0.00879097,-0.0329666,-2.9634,0.00680679,0,0
3.11173,-0.00293064,0.0109901,-2.9634,0.0101229,0,0
3.11173,-0.00293064,-0.0329666,-2.9634,0.000523599,0,0
3.11173,-0.00293064,-0.0109901,-2.9634,-0.00575959,0,0
3.11173,-0.00293064,-0.0109901,-2.9634,-0.00994838,0,0
3.11164,-0.00293064,0.0109901,-2.9634,0.0015708,0,0
3.11173,-0.00293064,0.0109901,-2.9634,-0.000349066,0,0
3.11173,-0.00293064,-0.0329666,-2.9634,0.000523599,0,0
3.11173,-0.00293064,-0.0329666,-2.9634,0.002618,0,0
3.11173,-0.00879097,-0.0109901,-2.9634,0.000523599,0,0
3.11173,-0.00879097,-0.0109901,-2.9634,-0.00366519,0,0
3.11154,-0.00879097,-0.0109901,-2.96357,-0.00890118,0,0
3.11173,-0.00293064,-0.0109901,-2.9634,0.00471239,0,0
3.11173,-0.00879097,-0.0109901,-2.9634,0.002618,0,0
3.11173,-0.00879097,-0.0109901,-2.9634,0.0015708,0,0
3.11173,-0.00879097,-0.0109901,-2.9634,-0.00366519,0,0
3.11173,-0.00293064,-0.0549469,-2.96357,-0.0015708,0,0
3.11173,-0.00293064,0.0109901,-2.96357,-0.00471239,0,0
3.11173,-0.00879097,-0.0109901,-2.96357,-0.0015708,0,0
3.11173,-0.00879097,-0.0329666,-2.96357,-0.00366519,0,0
3.11164,-0.00879097,0.0109901,-2.96357,-0.00575959,0,0
3.11164,-0.00879097,-0.0109901,-2.96357,-0.00575959,0,0
3.11173,-0.00879097,-0.0329666,-2.96357,-0.0015708,0,0
3.11173,-0.00879097,-0.0109901,-2.96357,-0.00575959,0,0
3.11173,-0.00293064,-0.0109901,-2.96357,-0.00366519,0,0
3.11183,-0.00293064,-0.0109901,-2.96357,-0.002618,0,0
3.11183,-0.00879097,-0.0109901,-2.96357,-0.00890118,0,0
3.11164,-0.00879097,0.0109901,-2.96357,-0.0015708,0,0
3.11173,-0.00879097,0.0109901,-2.96357,0.000523599,0,0
3.11173,-0.00293064,-0.0109901,-2.96357,0.00366519,0,0
3.11173,-0.00293064,-0.0329666,-2.96357,-0.002618,0,0
3.11183,-0.00879097,-0.0109901,-2.96357,-0.002618,0,0
3.11164,-0.00293064,-0.0109901,-2.96357,-0.00471239,0,0
3.11173,-0.00293064,-0.0109901,-2.96357,0.000523599,0,0
3.11173,-0.00293064,0.0109901,-2.96357,0.00575959,0,0
3.11183,-0.00293064,-0.0109901,-2.96357,-0.0015708,0,0
3.11173,-0.00293064,0.0109901,-2.96357,-0.0143117,0,0
3.11183,-0.00879097,0.0109901,-2.96357,-0.00680679,0,0
3.11173,-0.00879097,-0.0549469,-2.96357,-0.00471239,0,0
3.11173,-0.00879097,-0.0109901,-2.96357,0.00785398,0,0
3.11173,-0.00879097,0.0109901,-2.96357,0.002618,0,0
3.11183,-0.00879097,-0.0109901,-2.96357,-0.00994838,0,0
3.11183,-0.00879097,-0.0109901,-2.96357,-0.00680679,0,0
3.11173,-0.00293064,-0.0109901,-2.96374,-0.00785398,0,0
3.11173,-0.00293064,-0.0109901,-2.96374,0.000523599,0,0
3.11183,-0.00293064,-0.0109901,-2.96374,0.00471239,0,0
3.11164,-0.00293064,-0.0109901,-2.96374,0.000523599,0,0
3.11173,-0.00293064,-0.0109901,-2.96374,-0.00471239,0,0
3.11173,-0.00879097,-0.0109901,-2.96374,-0.00890118,0,0
3.11173,-0.00879097,-0.0109901,-2.96374,0.0015708,0,0
3.11173,-0.00879097,-0.0109901,-2.96374,0.0015708,0,0
3.11173,-0.00879097,-0.0109901,-2.96374,0.00366519,0,0
3.11183,-0.00293064,-0.0329666,-2.96374,0.000523599,0,0
3.11173,-0.00293064,-0.0109901,-2.96374,-0.00471239,0,0
3.11173,-0.00293064,-0.0109901,-2.96374,0.00471239,0,0
3.11164,-0.00293064,-0.0329666,-2.96357,0.0111701,0,0
3.11173,-0.00293064,-0.0109901,-2.96357,-0.0015708,0,0
3.11173,-0.00293064,-0.0109901,-2.96374,-0.00785398,0,0
3.11173,-0.00293064,-0.0109901,-2.96374,-0.002618,0,0
3.11164,-0.00879097,0.0109901,-2.96374,0.00575959,0,0
3.11164,-0.00879097,-0.0109901,-2.96357,0.0111701,0,0
3.11173,-0.00293064,-0.0109901,-2.96357,0.00366519,0,0
3.11173,-0.00293064,-0.0109901,-2.96357,0.00471239,0,0
3.11164,-0.00293064,-0.0109901,-2.96357,0.002618,0,0
3.11173,-0.00293064,-0.0329666,-2.96357,0.002618,0,0
3.11173,-0.00293064,-0.0109901,-2.96357,0.00907572,0,0
3.11173,-0.00879097,-0.0109901,-2.96357,0.00907572,0,0
3.11173,-0.00293064,0.0109901,-2.96357,0.00680679,0,0
3.11173,-0.00879097,-0.0329666,-2.96357,-0.00680679,0,0
3.11173,-0.00879097,-0.0109901,-2.96357,0.002618,0,0
3.11173,-0.00293064,-0.0109901,-2.96357,0.00471239,0,0
3.11183,-0.00293064,-0.0329666,-2.96357,0.00575959,0,0
3.11173,-0.00293064,0.0109901,-2.96357,0.000523599,0,0
3.11164,-0.00879097,0.0109901,-2.96357,0.000523599,0,0
3.11173,-0.00879097,-0.0109901,-2.96357,-0.002618,0,0
3.11183,-0.00879097,-0.0109901,-2.96357,-0.00680679,0,0
3.11173,-0.00879097,-0.0109901,-2.96357,0.0015708,0,0
3.11164,-0.00879097,0.0109901,-2.96357,0.0122173,0,0
3.11164,-0.00879097,0.0109901,-2.96357,0.0015708,0,0
3.11173,-0.00879097,-0.0109901,-2.96357,0.00575959,0,0
3.11173,-0.00293064,-0.0109901,-2.96357,-0.00471239,0,0
3.11173,-0.00293064,-0.0109901,-2.96357,0.00471239,0,0
3.11183,-0.00293064,-0.0109901,-2.96357,0.00785398,0,0
3.11173,-0.00293064,-0.0109901,-2.96357,0.00366519,0,0
3.11154,-0.00293064,-0.0109901,-2.96357,-0.00471239,0,0
3.11173,-0.00293064,-0.0109901,-2.96357,-0.00366519,0,0
3.11183,-0.00293064,-0.0329666,-2.96357,0.00785398,0,0
3.11173,-0.00879097,-0.0109901,-2.9634,0.00366519,0,0
3.11173,-0.00879097,0.0109901,-2.96357,-0.00471239,0,0
3.11173,-0.00879097,0.0109901,-2.96357,-0.00680679,0,0
3.11154,-0.00879097,-0.0109901,-2.96357,0.000523599,0,0
3.11173,-0.00879097,-0.0329666,-2.96357,-0.002618,0,0
3.11173,-0.00293064,-0.0109901,-2.96357,-0.0015708,0,0
3.11173,-0.00293064,-0.0109901,-2.96357,0.002618,0,0
3.11183,-0.00293064,-0.0109901,-2.96357,-0.0015708,0,0
3.11173,-0.00293064,-0.0109901,-2.96357,0.0015708,0,0
3.11173,-0.00293064,-0.0109901,-2.96357,0.000523599,0,0
3.11164,-0.00879097,0.0109901,-2.96357,0.002618,0,0
3.11173,-0.00879097,-0.0109901,-2.96357,-0.002618,0,0
3.11154,-0.00879097,-0.0109901,-2.96357,-0.00785398,0,0
3.11173,-0.00879097,0.0109901,-2.96357,0.002618,0,0
3.11173,-0.00293064,-0.0109901,-2.96357,0.000523599,0,0
3.11173,-0.00293064,-0.0109901,-2.96357,-0.00785398,0,0
3.11173,-0.00293064,-0.0329666,-2.96357,-0.000349066,0,0
3.11154,-0.00879097,0.0109901,-2.96357,-0.000349066,0,0
3.11183,-0.00879097,-0.0329666,-2.96357,-0.0015708,0,0
3.11173,-0.00879097,-0.0109901,-2.96357,0.0015708,0,0
3.11173,-0.00879097,-0.0109901,-2.96357,-0.00575959,0,0
3.11173,-0.00879097,-0.0329666,-2.96357,-0.00366519,0,0
3.11173,-0.00293064,-0.0109901,-2.96357,-0.002618,0,0
3.11164,-0.00293064,-0.0109901,-2.96357,0.00785398,0,0
3.11173,-0.00293064,-0.0329666,-2.96357,-0.002618,0,0
3.11173,-0.00293064,-0.0109901,-2.96357,-0.00471239,0,0
3.11173,-0.00293064,-0.0549469,-2.96357,-0.00680679,0,0
3.11173,-0.00293064,0.0329666,-2.96357,0.002618,0,0
3.11173,-0.00293064,-0.0109901,-2.96357,0.0143117,0,0
3.11173,-0.00293064,-0.0109901,-2.96357,0.00471239,0,0
3.11173,-0.00293064,-0.0109901,-2.96357,-0.00471239,0,0
3.11173,-0.00293064,-0.0109901,-2.96357,-0.00366519,0,0
3.11173,-0.00293064,-0.0109901,-2.96357,-0.0015708,0,0
3.11164,-0.00293064,-0.0109901,-2.96357,0.00575959,0,0
3.11183,-0.00879097,-0.0329666,-2.96357,-0.000349066,0,0
3.11173,-0.00879097,-0.0109901,-2.96357,-0.00471239,0,0
3.11183,-0.00879097,-0.0329666,-2.96357,-0.00366519,0,0
3.11173,-0.00293064,-0.0109901,-2.96357,-0.000349066,0,0
3.11183,-0.00293064,-0.0329666,-2.96357,0.000523599,0,0
3.11173,-0.00293064,0.0329666,-2.96357,-0.00575959,0,0
3.11173,-0.00293064,-0.0109901,-2.96357,-0.00890118,0,0
3.11173,-0.00293064,-0.0109901,-2.96357,-0.00575959,0,0
3.11173,-0.00293064,-0.0329666,-2.96357,-0.002618,0,0
3.11173,-0.00293064,-0.0329666,-2.96357,-0.000349066,0,0
3.11183,-0.00293064,-0.0109901,-2.96357,-0.00366519,0,0
3.11173,-0.00293064,0.0109901,-2.96357,0.000523599,0,0
3.11183,-0.00293064,-0.0109901,-2.96357,0.00575959,0,0
3.11173,-0.00879097,0.0109901,-2.96357,-0.00366519,0,0
3.11173,-0.00879097,0.0329666,-2.96357,0.00366519,0,0
3.11183,-0.00879097,-0.0109901,-2.96357,0.00366519,0,0
3.11173,-0.00293064,-0.0109901,-2.96357,-0.0015708,0,0
3.11173,-0.00879097,-0.0109901,-2.96357,0.000523599,0,0
3.11173,-0.00293064,-0.0329666,-2.96357,0.0015708,0,0
3.11173,-0.00293064,-0.0109901,-2.96357,-0.0015708,0,0
3.11154,-0.00293064,-0.0109901,-2.96357,0.002618,0,0
3.11173,-0.00879097,-0.0109901,-2.96357,0.00785398,0,0
3.11173,-0.00879097,-0.0109901,-2.96357,0.00471239,0,0
3.11173,-0.00879097,-0.0329666,-2.96357,0.002618,0,0
3.11173,-0.00879097,-0.0329666,-2.96357,0.00366519,0,0
3.11173,-0.00293064,-0.0109901,-2.96357,-0.002618,0,0
3.11173,-0.00293064,-0.0109901,-2.96357,-0.002618,0,0
3.11173,-0.00293064,-0.0109901,-2.96357,0.00785398,0,0
3.11173,-0.00879097,0.0109901,-2.96357,0.002618,0,0
3.11173,-0.00879097,-0.0109901,-2.96357,0.000523599,0,0
3.11173,-0.00879097,-0.0329666,-2.96357,-0.00471239,0,0
3.11173,-0.00879097,-0.0109901,-2.96357,0.000523599,0,0
3.11192,-0.00293064,0.0109901,-2.96357,0.00785398,0,0
3.11164,-0.00293064,-0.0109901,-2.96357,0.00907572,0,0
3.11173,-0.00293064,0.0109901,-2.96357,-0.002618,0,0
3.11173,-0.00879097,-0.0109901,-2.96357,0.000523599,0,0
3.11173,-0.00879097,-0.0109901,-2.96357,0.00785398,0,0
3.11173,-0.00879097,-0.0109901,-2.96357,0.000523599,0,0
3.11183,-0.00879097,-0.0109901,-2.96357,-0.0015708,0,0
3.11164,-0.00293064,-0.0109901,-2.96357,0.00471239,0,0
3.11173,-0.00293064,-0.0329666,-2.96357,0.002618,0,0
3.11173,-0.00293064,-0.0109901,-2.96357,0.000523599,0,0
3.11173,-0.00879097,-0.0109901,-2.96357,-0.00575959,0,0
3.11173,-0.00293064,-0.0109901,-2.96357,0.002618,0,0
3.11173,-0.00879097,-0.0109901,-2.9634,0.0132645,0,0
3.11173,-0.00879097,-0.0109901,-2.9634,0.00366519,0,0
3.11173,-0.00879097,-0.0329666,-2.9634,-0.0015708,0,0
3.11173,-0.00293064,-0.0109901,-2.9634,0.00471239,0,0
3.11154,-0.00879097,-0.0109901,-2.9634,-0.002618,0,0
3.11173,-0.00879097,-0.0109901,-2.9634,-0.00575959,0,0
3.11173,-0.00879097,-0.0329666,-2.9634,-0.00890118,0,0
3.11183,-0.00879097,-0.0329666,-2.96357,-0.002618,0,0
3.11164,-0.00879097,-0.0109901,-2.9634,0.0015708,0,0
3.11183,-0.00879097,-0.0329666,-2.96357,-0.00471239,0,0
3.11173,-0.00293064,-0.0109901,-2.96357,-0.0015708,0,0
3.11164,-0.00293064,-0.0109901,-2.9634,0.00785398,0,0
3.11173,-0.00293064,-0.0329666,-2.9634,0.00575959,0,0
3.11173,-0.00293064,-0.0329666,-2.9634,-0.00680679,0,0
3.11173,-0.00879097,-0.0109901,-2.9634,-0.000349066,0,0
3.11173,-0.00879097,-0.0109901,-2.9634,0.0015708,0,0
3.11164,-0.00879097,-0.0329666,-2.9634,0.00907572,0,0
3.11164,-0.00879097,0.0109901,-2.9634,-0.002618,0,0
3.11164,-0.00293064,-0.0329666,-2.9634,-0.0015708,0,0
3.11183,-0.00293064,-0.0329666,-2.9634,0.00366519,0,0
3.11173,-0.00293064,0.0109901,-2.9634,-0.00471239,0,0
3.11173,-0.00293064,-0.0109901,-2.96357,-0.00680679,0,0
3.11164,-0.00879097,-0.0329666,-2.96357,-0.00575959,0,0
3.11173,-0.00879097,-0.0109901,-2.96357,0.00366519,0,0
3.11173,-0.00879097,-0.0329666,-2.96357,0.002618,0,0
3.11173,-0.00293064,-0.0109901,-2.96357,0.000523599,0,0
3.11173,-0.00293064,0.0109901,-2.9634,0.00471239,0,0
3.11173,-0.00293064,-0.0109901,-2.9634,0.00680679,0,0
3.11183,-0.00293064,-0.0109901,-2.9634,0.0015708,0,0
3.11173,-0.00293064,-0.0109901,-2.9634,-0.000349066,0,0
3.11173,-0.00879097,-0.0109901,-2.9634,-0.00680679,0,0
3.11173,-0.00879097,-0.0109901,-2.9634,0.002618,0,0
3.11164,-0.00879097,-0.0329666,-2.9634,0.0143117,0,0
3.11173,-0.00879097,-0.0109901,-2.9634,-0.0015708,0,0
3.11173,-0.00879097,-0.0109901,-2.9634,-0.00366519,0,0
3.11173,-0.00293064,0.0109901,-2.9634,0.00471239,0,0
3.11173,-0.00293064,-0.0109901,-2.9634,0.0015708,0,0
3.11173,-0.00293064,-0.0109901,-2.9634,0.000523599,0,0
3.11164,-0.00293064,-0.0109901,-2.9634,-0.00366519,0,0
3.11173,-0.00879097,-0.0109901,-2.9634,-0.000349066,0,0
3.11173,-0.00879097,-0.0109901,-2.9634,0.002618,0,0
3.11173,-0.00879097,-0.0109901,-2.9634,-0.00471239,0,0
3.11164,-0.00293064,-0.0329666,-2.9634,-0.002618,0,0
3.11183,-0.00293064,0.0109901,-2.9634,0.000523599,0,0
3.11164,-0.00293064,-0.0109901,-2.9634,0.0015708,0,0
3.11183,-0.00293064,-0.0109901,-2.9634,0.00366519,0,0
3.11173,-0.00879097,-0.0329666,-2.9634,-0.0015708,0,0
3.11173,-0.00293064,0.0109901,-2.9634,-0.002618,0,0
3.11173,-0.00879097,-0.0549469,-2.9634,-0.00680679,0,0
3.11173,-0.00293064,-0.0109901,-2.9634,-0.002618,0,0
3.11154,-0.00879097,0.0329666,-2.9634,0.00575959,0,0
3.11183,-0.00293064,-0.0329666,-2.9634,-0.000349066,0,0
3.11173,-0.00879097,-0.0329666,-2.9634,0.00366519,0,0
3.11173,-0.00879097,-0.0109901,-2.9634,0.00471239,0,0
3.11173,-0.00879097,-0.0329666,-2.9634,0.0015708,0,0
3.11164,-0.00879097,0.0109901,-2.9634,0.00471239,0.5,0
3.11173,-0.00879097,-0.0109901,-2.9634,0.00575959,0.5,0
3.11173,0.0322342,0.0109901,-2.9634,-0.0015708,0.5,0
3.11135,0.102564,0.0109901,-2.9634,-0.00471239,0.5,0
3.11049,0.172894,0.12088,-2.9634,-0.00680679,0.5,0
3.10934,0.225641,0.274727,-2.9634,0.000523599,0.5,0
3.10732,0.278388,0.45055,-2.9634,0.00366519,0.5,0
3.1056,0.325274,0.626373,-2.9634,-0.002618,0.5,0
3.1033,0.366301,0.736263,-2.9634,0.000523599,0.5,0
3.10109,0.383883,0.912086,-2.9634,-0.00471239,0.5,0
3.0986,0.460073,1.02198,-2.9634,-0.00785398,0.5,0
3.09764,0.50696,0.956043,-2.9634,-0.00680679,0.5,0
3.09755,0.600733,0.714287,-2.96357,-0.023911,0.5,0
3.09803,0.665201,0.384617,-2.96357,-0.0356047,0.5,0
3.0986,0.676923,0.0988998,-2.96374,-0.057945,0.5,0
3.09908,0.647619,-0.0329666,-2.96392,-0.0654499,0.5,0
3.09918,0.600733,-0.0769234,-2.96392,-0.0727803,0.5,0
3.09899,0.553846,0.0109901,-2.96409,-0.0685915,0.5,0
3.0986,0.530403,0.0549469,-2.96427,-0.0664971,0.5,0
3.09812,0.524542,0.0988998,-2.96444,-0.079238,0.5,0
3.09803,0.524542,0.0988998,-2.96462,-0.0834268,0.5,0
3.09793,0.530403,0.0549469,-2.96479,-0.0930261,0.5,0
3.09784,0.536263,0.0769234,-2.96497,-0.0994838,0.5,0
3.09764,0.542125,0.0769234,-2.96514,-0.112225,0.5,0
3.09745,0.542125,0.0769234,-2.96532,-0.104894,0.5,0
3.09707,0.536263,0.0988998,-2.96566,-0.103673,0.5,0
3.09678,0.536263,0.0988998,-2.96584,-0.112225,0.5,0
3.09669,0.536263,0.12088,-2.96601,-0.115541,0.5,0
3.0964,0.530403,0.0988998,-2.96636,-0.126187,0.5,0
3.09621,0.536263,0.0988998,-2.96654,-0.138928,0.5,0
3.09573,0.536263,0.12088,-2.96689,-0.132471,0.5,0
3.09554,0.536263,0.142857,-2.96706,-0.127235,0.5,0
3.09515,0.542125,0.12088,-2.96741,-0.12514,0.5,0
3.09487,0.536263,0.164837,-2.96758,-0.137881,0.5,0
3.09477,0.536263,0.12088,-2.96793,-0.143117,0.5,0
3.09439,0.542125,0.142857,-2.96811,-0.153764,0.5,0
3.0941,0.542125,0.142857,-2.96846,-0.162316,0.5,0
3.09362,0.536263,0.142857,-2.96881,-0.16441,0.5,0
3.09333,0.542125,0.142857,-2.96916,-0.168773,0.5,0
3.09304,0.542125,0.164837,-2.9695,-0.168773,0.5,0
3.09266,0.542125,0.142857,-2.96985,-0.169821,0.5,0
3.09257,0.536263,0.164837,-2.9702,-0.165457,0.5,0
3.0919,0.536263,0.142857,-2.97055,-0.170868,0.5,0
3.09161,0.536263,0.186813,-2.9709,-0.175057,0.5,0
3.09132,0.536263,0.164837,-2.97125,-0.178373,0.5,0
3.09084,0.530403,0.186813,-2.9716,-0.182562,0.5,0
3.09027,0.530403,0.186813,-2.97195,-0.182562,0.5,0
3.08988,0.530403,0.186813,-2.9723,-0.191114,0.5,0
3.08931,0.536263,0.20879,-2.97265,-0.191114,0.5,0
3.08912,0.536263,0.20879,-2.973,-0.197571,0.5,0
3.08864,0.542125,0.164837,-2.97352,-0.199666,0.5,0
3.08816,0.542125,0.23077,-2.97387,-0.212407,0.5,0
3.08777,0.536263,0.23077,-2.97439,-0.213454,0.5,0
3.08739,0.536263,0.186813,-2.97474,-0.208218,0.5,0
3.08682,0.530403,0.23077,-2.97526,-0.223053,0.5,0
3.08634,0.530403,0.186813,-2.97561,-0.220959,0.5,0
3.08595,0.536263,0.23077,-2.97614,-0.217817,0.5,0
3.08557,0.536263,0.23077,-2.97649,-0.2241,0.5,0
3.0849,0.536263,0.186813,-2.97701,-0.225148,0.5,0
3.08461,0.536263,0.23077,-2.97736,-0.2337,0.5,0
3.08394,0.536263,0.23077,-2.97788,-0.240157,0.5,0
3.08346,0.536263,0.23077,-2.97841,-0.242252,0.5,0
3.08308,0.536263,0.252747,-2.97893,-0.250804,0.5,0
3.0825,0.536263,0.252747,-2.97928,-0.244346,0.5,0
3.08183,0.536263,0.252747,-2.9798,-0.242252,0.5,0
3.08135,0.536263,0.252747,-2.98033,-0.251851,0.5,0
3.08088,0.542125,0.23077,-2.98085,-0.265639,0.5,0
3.0804,0.542125,0.23077,-2.98137,-0.272097,0.5,0
3.07992,0.542125,0.252747,-2.9819,-0.27105,0.5,0
3.07934,0.542125,0.252747,-2.98259,-0.279602,0.5,0
3.07877,0.536263,0.274727,-2.98312,-0.276286,0.5,0
3.0781,0.536263,0.252747,-2.98364,-0.273144,0.5,0
3.07752,0.530403,0.296703,-2.98417,-0.281696,0.5,0
3.07695,0.530403,0.296703,-2.98469,-0.290248,0.5,0
3.07618,0.530403,0.296703,-2.98539,-0.296532,0.5,0
3.07541,0.530403,0.31868,-2.98591,-0.294437,0.5,0
3.07474,0.530403,0.31868,-2.98643,-0.298626,0.5,0
3.07407,0.542125,0.362637,-2.98713,-0.305084,0.5,0
3.07369,0.542125,0.274727,-2.98783,-0.313636,0.5,0
3.07292,0.547985,0.296703,-2.98835,-0.313636,0.5,0
3.07244,0.542125,0.296703,-2.98905,-0.321141,0.5,0
3.07196,0.536263,0.296703,-2.98958,-0.323235,0.5,0
3.071,0.536263,0.296703,-2.99027,-0.324282,0.5,0
3.07043,0.530403,0.31868,-2.99097,-0.33074,0.5,0
3.06966,0.530403,0.34066,-2.99167,-0.350811,0.5,0
3.06899,0.536263,0.34066,-2.99237,-0.349764,0.5,0
3.06832,0.536263,0.31868,-2.99307,-0.349764,0.5,0
3.06756,0.536263,0.31868,-2.99376,-0.346623,0.5,0
3.06669,0.536263,0.384617,-2.99446,-0.354127,0.5,0
3.06602,0.530403,0.34066,-2.99516,-0.359363,0.5,0
3.06526,0.530403,0.34066,-2.99586,-0.360411,0.5,0
3.06449,0.530403,0.362637,-2.99656,-0.360411,0.5,0
3.06363,0.536263,0.362637,-2.99726,-0.368963,0.5,0
3.06286,0.536263,0.384617,-2.99813,-0.376468,0.5,0
3.06209,0.542125,0.384617,-2.99883,-0.388161,0.5,0
3.06133,0.542125,0.384617,-2.99952,-0.377515,0.5,0
3.06056,0.536263,0.384617,-3.0004,-0.386067,0.5,0
3.05979,0.542125,0.34066,-3.00109,-0.392525,0.5,0
3.05893,0.536263,0.362637,-3.00197,-0.400902,0.5,0
3.05816,0.530403,0.406593,-3.00267,-0.404218,0.5,0
3.05721,0.530403,0.406593,-3.00354,-0.418007,0.5,0
3.05644,0.536263,0.406593,-3.00441,-0.412596,0.5,0
3.05539,0.542125,0.45055,-3.00528,-0.406313,0.5,0
3.05452,0.542125,0.42857,-3.00598,-0.428653,0.5,0
3.05366,0.542125,0.42857,-3.00685,-0.435111,0.5,0
3.05289,0.536263,0.42857,-3.00773,-0.430747,0.5,0
3.05194,0.530403,0.42857,-3.0086,-0.436158,0.5,0
3.05098,0.530403,0.42857,-3.00947,-0.440347,0.5,0
3.05011,0.530403,0.45055,-3.01034,-0.45204,0.5,0
3.04925,0.536263,0.45055,-3.01139,-0.448899,0.5,0
3.04849,0.542125,0.42857,-3.01226,-0.458498,0.5,0
3.04762,0.547985,0.42857,-3.01314,-0.458498,0.5,0
3.04686,0.542125,0.384617,-3.01401,-0.457451,0.5,0
3.0458,0.536263,0.384617,-3.01506,-0.464956,0.5,0
3.04475,0.530403,0.45055,-3.01593,-0.478744,0.5,0
3.04369,0.524542,0.516483,-3.0168,-0.47665,0.5,0
3.04264,0.530403,0.516483,-3.01785,-0.475602,0.5,0
3.04139,0.536263,0.494507,-3.01872,-0.48398,0.5,0
3.04063,0.542125,0.494507,-3.01977,-0.486249,0.5,0
3.03967,0.542125,0.494507,-3.02082,-0.487296,0.5,0
3.03881,0.542125,0.45055,-3.02169,-0.488343,0.5,0
3.03775,0.542125,0.472527,-3.02274,-0.493579,0.5,0
3.0367,0.542125,0.494507,-3.02361,-0.494627,0.5,0
3.03593,0.542125,0.472527,-3.02466,-0.512778,0.5,0
3.03488,0.542125,0.45055,-3.0257,-0.518188,0.5,0
3.03382,0.542125,0.472527,-3.02675,-0.511731,0.5,0
3.03267,0.536263,0.516483,-3.0278,-0.510684,0.5,0
3.03162,0.530403,0.516483,-3.02885,-0.511731,0.5,0
3.03037,0.530403,0.56044,-3.02989,-0.523424,0.5,0
3.02922,0.536263,0.53846,-3.03094,-0.526741,0.5,0
3.02798,0.542125,0.53846,-3.03199,-0.525519,0.5,0
3.02702,0.542125,0.56044,-3.03303,-0.526741,0.5,0
3.02597,0.547985,0.516483,-3.03408,-0.530929,0.5,0
3.0251,0.547985,0.516483,-3.03513,-0.541576,0.5,0
3.02405,0.547985,0.53846,-3.03618,-0.539482,0.5,0
3.02309,0.547985,0.494507,-3.03722,-0.541576,0.5,0
3.02204,0.542125,0.494507,-3.03827,-0.551175,0.5,0
3.0207,0.530403,0.53846,-3.03949,-0.55327,0.5,0
3.01955,0.524542,0.582417,-3.04054,-0.55327,0.5,0
3.0184,0.524542,0.56044,-3.04176,-0.567058,0.5,0
3.01715,0.530403,0.582417,-3.04281,-0.573515,0.5,0
3.0159,0.536263,0.604397,-3.04403,-0.569327,0.5,0
3.01466,0.536263,0.56044,-3.04508,-0.559727,0.5,0
3.0136,0.536263,0.582417,-3.04612,-0.567058,0.5,0
3.01236,0.536263,0.582417,-3.04735,-0.573515,0.5,0
3.01102,0.536263,0.604397,-3.04857,-0.574563,0.5,0
3.00987,0.542125,0.56044,-3.04961,-0.584162,0.5,0
3.00891,0.542125,0.53846,-3.05084,-0.593761,0.5,0
3.00776,0.542125,0.53846,-3.05206,-0.600219,0.5,0
3.0068,0.542125,0.582417,-3.05328,-0.600219,0.5,0
3.00546,0.536263,0.582417,-3.0545,-0.596903,0.5,0
3.00412,0.536263,0.582417,-3.05555,-0.594809,0.5,0
3.00278,0.530403,0.604397,-3.05677,-0.601266,0.5,0
3.00153,0.524542,0.626373,-3.05799,-0.611913,0.5,0
3.00009,0.518682,0.64835,-3.05921,-0.610865,0.5,0
2.99866,0.524542,0.67033,-3.06044,-0.600219,0.5,0
2.99741,0.530403,0.67033,-3.06166,-0.617149,0.5,0
2.99607,0.536263,0.626373,-3.06288,-0.632159,0.5,0
2.99501,0.547985,0.626373,-3.0641,-0.624654,0.5,0
2.99377,0.553846,0.626373,-3.0655,-0.631111,0.5,0
2.99252,0.547985,0.626373,-3.06672,-0.637395,0.5,0
2.99128,0.547985,0.582417,-3.06794,-0.645947,0.5,0
2.98984,0.530403,0.626373,-3.06916,-0.640711,0.5,0
2.98869,0.524542,0.626373,-3.07056,-0.642805,0.5,0
2.98706,0.524542,0.67033,-3.07178,-0.652404,0.5,0
2.98572,0.530403,0.67033,-3.07318,-0.646994,0.5,0
2.98438,0.542125,0.64835,-3.0744,-0.653452,0.5,0
2.98332,0.542125,0.626373,-3.07579,-0.669334,0.5,0
2.98179,0.542125,0.626373,-3.07702,-0.66724,0.5,0
2.98064,0.536263,0.626373,-3.07841,-0.670556,0.5,0
2.9793,0.530403,0.64835,-3.07981,-0.676839,0.5,0
2.97796,0.530403,0.64835,-3.08121,-0.684344,0.5,0
2.97652,0.530403,0.692307,-3.08243,-0.68958,0.5,0
2.97508,0.530403,0.67033,-3.08382,-0.693943,0.5,0
2.97355,0.536263,0.692307,-3.08522,-0.699179,0.5,0
2.97221,0.536263,0.692307,-3.08662,-0.702495,0.5,0
2.97067,0.536263,0.692307,-3.08801,-0.702495,0.5,0
2.96924,0.536263,0.736263,-3.08941,-0.70459,0.5,0
2.9678,0.542125,0.714287,-3.0908,-0.709826,0.5,0
2.96627,0.542125,0.714287,-3.09238,-0.725883,0.5,0
2.96483,0.536263,0.714287,-3.09377,-0.72693,0.5,0
2.96349,0.536263,0.692307,-3.09517,-0.734435,0.5,0
2.96186,0.536263,0.714287,-3.09674,-0.744034,0.5,0
2.96052,0.536263,0.736263,-3.09814,-0.74927,0.5,0
2.95908,0.542125,0.714287,-3.09971,-0.747176,0.5,0
2.95745,0.542125,0.736263,-3.1011,-0.74927,0.5,0
2.95582,0.542125,0.758244,-3.10267,-0.744034,0.5,0
2.95458,0.542125,0.714287,-3.10424,-0.758869,0.5,0
2.95304,0.536263,0.78022,-3.10564,-0.758869,0.5,0
2.95132,0.536263,0.736263,-3.10721,-0.760964,0.5,0
2.94998,0.542125,0.736263,-3.10878,-0.768469,0.5,0
2.94844,0.542125,0.714287,-3.11035,-0.78121,0.5,0
2.9472,0.547985,0.692307,-3.11175,-0.778068,0.5,0
2.94547,0.547985,0.758244,-3.11332,-0.774927,0.5,0
2.94384,0.542125,0.736263,-3.11489,-0.78662,0.5,0
2.94212,0.524542,0.78022,-3.11646,-0.79622,0.5,0
2.94049,0.518682,0.824177,-3.11803,-0.788715,0.5,0
2.93886,0.524542,0.802197,-3.1196,-0.788715,0.5,0
2.93704,0.530403,0.802197,-3.12117,-0.792903,0.5,0
2.9356,0.536263,0.824177,-3.12292,-0.798314,0.5,0
2.93407,0.542125,0.758244,-3.12449,-0.80896,0.5,0
2.93234,0.542125,0.78022,-3.12606,-0.814196,0.5,0
2.93081,0.542125,0.78022,-3.12763,-0.820654,0.5,0
2.92918,0.530403,0.802197,-3.12938,-0.813149,0.5,0
2.92755,0.524542,0.824177,-3.13095,-0.817513,0.5,0
2.92564,0.524542,0.824177,-3.13252,-0.831301,0.5,0
2.92401,0.524542,0.824177,-3.13426,-0.832348,0.5,0
2.92219,0.530403,0.846153,-3.13583,-0.830253,0.5,0
2.92065,0.536263,0.846153,-3.13758,-0.825018,0.5,0
2.91893,0.542125,0.868134,-3.13915,-0.828159,0.5,0
2.91711,0.542125,0.824177,-3.1409,-0.846311,0.5,0
2.91567,0.542125,0.846153,3.14037,-0.850499,0.5,0
2.91404,0.542125,0.802197,3.1388,-0.852594,0.5,0
2.91203,0.530403,0.824177,3.13706,-0.849452,0.5,0
2.9104,0.524542,0.868134,3.13531,-0.861146,0.5,0
2.90829,0.524542,0.89011,3.13357,-0.853641,0.5,0
2.90676,0.530403,0.89011,3.13199,-0.851547,0.5,0
2.90484,0.536263,0.89011,3.13025,-0.867604,0.5,0
2.90293,0.547985,0.89011,3.1285,-0.876156,0.5,0
2.9013,0.542125,0.89011,3.12676,-0.873887,0.5,0
2.89938,0.536263,0.868134,3.12501,-0.877203,0.5,0
2.89765,0.536263,0.912086,3.12327,-0.880344,0.5,0
2.89564,0.536263,0.912086,3.12152,-0.88558,0.5,0
2.89401,0.547985,0.912086,3.1196,-0.893085,0.5,0
2.8921,0.547985,0.912086,3.11786,-0.90059,0.5,0
2.89018,0.542125,0.868134,3.11611,-0.902685,0.5,0
2.88836,0.536263,0.89011,3.11437,-0.898496,0.5,0
2.88654,0.536263,0.934067,3.11245,-0.897449,0.5,0
2.88472,0.536263,0.912086,3.1107,-0.905826,0.5,0
2.8828,0.542125,0.934067,3.10896,-0.915426,0.5,0
2.88088,0.542125,0.934067,3.10704,-0.916473,0.5,0
2.87916,0.547985,0.934067,3.10529,-0.914378,0.5,0
2.87724,0.542125,0.934067,3.10337,-0.929388,0.5,0
2.87533,0.542125,0.912086,3.10145,-0.934624,0.5,0
2.87351,0.547985,0.912086,3.09971,-0.931483,0.5,0
2.87169,0.542125,0.912086,3.09779,-0.935671,0.5,0
2.86977,0.536263,0.934067,3.09587,-0.946318,0.5,0
2.86776,0.524542,0.912086,3.09395,-0.941082,0.5,0
2.86574,0.524542,0.978024,3.0922,-0.947365,0.5,0
2.86392,0.530403,0.956043,3.09028,-0.947365,0.5,0
2.86191,0.530403,1,3.08836,-0.952776,0.5,0
2.8599,0.536263,0.956043,3.08644,-0.95487,0.5,0
2.85769,0.542125,1,3.08452,-0.952776,0.5,0
2.85597,0.542125,0.956043,3.0826,-0.951728,0.5,0
2.85415,0.536263,0.978024,3.08068,-0.965517,0.5,0
2.85204,0.530403,0.934067,3.07876,-0.96988,0.5,0
2.85022,0.530403,0.956043,3.07684,-0.967611,0.5,0
2.8484,0.536263,0.934067,3.07492,-0.976163,0.5,0
2.84648,0.542125,0.956043,3.073,-0.978257,0.5,0
2.84466,0.542125,0.956043,3.07108,-0.980526,0.5,0
2.84246,0.536263,0.956043,3.06916,-0.980526,0.5,0
2.84073,0.536263,0.956043,3.06707,-0.985762,0.5,0
2.83882,0.530403,0.934067,3.06515,-0.988904,0.5,0
2.83652,0.524542,1,3.06323,-0.996409,0.5,0
2.83441,0.518682,1.02198,3.06113,-1.00077,0.5,0
2.8324,0.524542,1.02198,3.05921,-1.00496,0.5,0
2.83038,0.530403,1,3.05712,-1.01351,0.5,0
2.82837,0.542125,1.02198,3.0552,-1.01037,0.5,0
2.82617,0.547985,1,3.05311,-1.01037,0.5,0
2.82425,0.542125,1,3.05119,-1.01875,0.5,0
2.82214,0.542125,1.02198,3.04909,-1.02521,0.5,0
2.82013,0.542125,1.02198,3.047,-1.02835,0.5,0
2.81821,0.542125,1,3.0449,-1.03062,0.5,0
2.81601,0.542125,1,3.04298,-1.02835,0.5,0
2.81409,0.536263,1,3.04089,-1.03481,0.5,0
2.81189,0.530403,1.02198,3.03879,-1.04545,0.5,0
2.8094,0.530403,1.06593,3.0367,-1.04859,0.5,0
2.80758,0.536263,1.06593,3.03461,-1.05191,0.5,0
2.80547,0.542125,1.02198,3.03251,-1.05924,0.5,0
2.80336,0.547985,1.02198,3.03042,-1.05924,0.5,0
2.80144,0.542125,1.02198,3.02832,-1.06465,0.5,0
2.79924,0.542125,1.04396,3.02605,-1.0732,0.5,0
2.79704,0.536263,1,3.02396,-1.0732,0.5,0
2.79483,0.530403,1.06593,3.02186,-1.0732,0.5,0
2.79244,0.536263,1.08791,3.01977,-1.07739,0.5,0
2.79042,0.536263,1.08791,3.0175,-1.0732,0.5,0
2.78822,0.536263,1.08791,3.01541,-1.07949,0.5,0
2.78611,0.542125,1.08791,3.01331,-1.0849,0.5,0
2.78391,0.542125,1.08791,3.01104,-1.0945,0.5,0
2.7818,0.542125,1.06593,3.00895,-1.09554,0.5,0
2.7795,0.536263,1.10989,3.00668,-1.09869,0.5,0
2.77701,0.524542,1.08791,3.00459,-1.09869,0.5,0
2.7748,0.530403,1.08791,3.00232,-1.10183,0.5,0
2.7725,0.530403,1.10989,3.00022,-1.09659,0.5,0
2.7703,0.536263,1.13187,2.99795,-1.10933,0.5,0
2.76781,0.536263,1.15385,2.99568,-1.11038,0.5,0
2.7657,0.530403,1.10989,2.99342,-1.11579,0.5,0
2.7634,0.536263,1.15385,2.99132,-1.11143,0.5,0
2.7612,0.536263,1.13187,2.98905,-1.11998,0.5,0
2.7589,0.536263,1.15385,2.98678,-1.12644,0.5,0
2.75621,0.542125,1.15385,2.98451,-1.13708,0.5,0
2.7542,0.536263,1.15385,2.98225,-1.13813,0.5,0
2.75181,0.530403,1.15385,2.97998,-1.13813,0.5,0
2.74941,0.530403,1.13187,2.97771,-1.14232,0.5,0
2.74692,0.536263,1.17582,2.97544,-1.14982,0.5,0
2.74452,0.542125,1.17582,2.97317,-1.14982,0.5,0
2.74222,0.547985,1.17582,2.9709,-1.15419,0.5,0
2.74002,0.547985,1.15385,2.96863,-1.14878,0.5,0
2.73753,0.542125,1.15385,2.96619,-1.16902,0.5,0
2.73523,0.542125,1.15385,2.96392,-1.17216,0.5,0
2.73283,0.536263,1.1978,2.96165,-1.16047,0.5,0
2.73034,0.542125,1.1978,2.95921,-1.16361,0.5,0
2.72804,0.536263,1.17582,2.95694,-1.17112,0.5,0
2.72584,0.536263,1.15385,2.95467,-1.17426,0.5,0
2.72344,0.547985,1.17582,2.95223,-1.17216,0.5,0
2.72133,0.547985,1.10989,2.94996,-1.18176,0.5,0
2.71884,0.553846,1.13187,2.94751,-1.18927,0.5,0
2.71645,0.547985,1.13187,2.94524,-1.19346,0.5,0
2.71434,0.542125,1.15385,2.9428,-1.19346,0.5,0
2.71175,0.536263,1.15385,2.94036,-1.1945,0.5,0
2.70945,0.530403,1.17582,2.93809,-1.19887,0.5,0
2.70677,0.530403,1.1978,2.93564,-1.21597,0.5,0
2.70447,0.524542,1.24176,2.9332,-1.21056,0.5,0
2.70188,0.524542,1.21978,2.93076,-1.20515,0.5,0
2.69929,0.530403,1.24176,2.92831,-1.20847,0.5,0
2.69699,0.536263,1.21978,2.92587,-1.22121,0.5,0
2.69469,0.542125,1.17582,2.92343,-1.2233,0.5,0
2.6922,0.536263,1.17582,2.92116,-1.22225,0.5,0
2.68981,0.530403,1.24176,2.91872,-1.21807,0.5,0
2.68722,0.530403,1.1978,2.91627,-1.23395,0.5,0
2.68482,0.530403,1.1978,2.91365,-1.24459,0.5,0
2.68233,0.530403,1.21978,2.91121,-1.24355,0.5,0
2.67946,0.530403,1.26374,2.90877,-1.24564,0.5,0
2.67725,0.524542,1.24176,2.90632,-1.2425,0.5,0
2.67457,0.530403,1.26374,2.90371,-1.25751,0.5,0
2.67208,0.536263,1.26374,2.90126,-1.26275,0.5,0
2.66949,0.542125,1.26374,2.89882,-1.26065,0.5,0
2.667,0.547985,1.26374,2.8962,-1.25315,0.5,0
2.6646,0.542125,1.24176,2.89376,-1.26693,0.5,0
2.66192,0.536263,1.26374,2.89114,-1.2788,0.5,0
2.65905,0.536263,1.26374,2.8887,-1.28194,0.5,0
2.65665,0.542125,1.26374,2.88608,-1.28299,0.5,0
2.65416,0.542125,1.28571,2.88346,-1.28613,0.5,0
2.65167,0.547985,1.21978,2.88102,-1.28718,0.5,0
2.64898,0.542125,1.26374,2.8784,-1.28404,0.5,0
2.6464,0.536263,1.26374,2.87578,-1.29154,0.5,0
2.64381,0.536263,1.26374,2.87316,-1.30219,0.5,0
2.64122,0.536263,1.30769,2.87054,-1.30865,0.5,0
2.63835,0.536263,1.30769,2.86793,-1.30638,0.5,0
2.63595,0.530403,1.28571,2.86548,-1.30114,0.5,0
2.63317,0.530403,1.30769,2.86286,-1.31284,0.5,0
2.63049,0.530403,1.35165,2.86025,-1.31493,0.5,0
2.62781,0.530403,1.30769,2.85763,-1.31598,0.5,0
2.62512,0.530403,1.32967,2.85501,-1.32139,0.5,0
2.62234,0.524542,1.32967,2.85222,-1.32139,0.5,0
2.61957,0.530403,1.37363,2.8496,-1.32872,0.5,0
2.61659,0.530403,1.37363,2.84698,-1.32767,0.5,0
2.61391,0.530403,1.37363,2.84436,-1.32994,0.5,0
2.61123,0.536263,1.37363,2.84175,-1.34373,0.5,0
2.60874,0.542125,1.37363,2.83895,-1.34792,0.5,0
2.60586,0.536263,1.30769,2.83634,-1.34478,0.5,0
2.60299,0.524542,1.3956,2.83372,-1.34059,0.5,0
2.6004,0.530403,1.3956,2.83093,-1.35647,0.5,0
2.59743,0.536263,1.37363,2.82831,-1.36398,0.5,0
2.59455,0.542125,1.3956,2.82551,-1.36293,0.5,0
2.59187,0.542125,1.37363,2.82272,-1.37043,0.5,0
2.589,0.536263,1.41758,2.8201,-1.37462,0.5,0
2.58641,0.542125,1.37363,2.81731,-1.37148,0.5,0
2.58363,0.547985,1.37363,2.81452,-1.37148,0.5,0
2.58114,0.553846,1.32967,2.8119,-1.37986,0.5,0
2.57855,0.553846,1.32967,2.80911,-1.38422,0.5,0
2.57596,0.547985,1.30769,2.80632,-1.38632,0.5,0
2.57319,0.542125,1.28571,2.80352,-1.39173,0.5,0
2.57069,0.542125,1.30769,2.80073,-1.39382,0.5,0
2.56801,0.536263,1.32967,2.79794,-1.39592,0.5,0
2.56523,0.524542,1.30769,2.79515,-1.40447,0.5,0
2.56245,0.524542,1.37363,2.79235,-1.40656,0.5,0
2.55948,0.524542,1.35165,2.78956,-1.41197,0.5,0
2.55661,0.530403,1.3956,2.78677,-1.41197,0.5,0
2.55383,0.530403,1.3956,2.78398,-1.41407,0.5,0
2.55067,0.524542,1.3956,2.78118,-1.42471,0.5,0
2.54808,0.530403,1.41758,2.77822,-1.42471,0.5,0
2.5452,0.530403,1.41758,2.77542,-1.42157,0.5,0
2.54223,0.530403,1.43956,2.77263,-1.42576,0.5,0
2.53926,0.524542,1.41758,2.76984,-1.42157,0.5,0
2.53639,0.536263,1.3956,2.76687,-1.42576,0.5,0
2.5337,0.536263,1.43956,2.76408,-1.44164,0.5,0
2.53073,0.536263,1.41758,2.76111,-1.44286,0.5,0
2.52757,0.530403,1.46154,2.75832,-1.4385,0.5,0
2.5247,0.530403,1.46154,2.75535,-1.45351,0.5,0
2.52192,0.536263,1.41758,2.75256,-1.45561,0.5,0
2.51904,0.542125,1.41758,2.74959,-1.4481,0.5,0
2.51607,0.536263,1.46154,2.7468,-1.45665,0.5,0
2.5132,0.536263,1.43956,2.74383,-1.47044,0.5,0
2.51023,0.536263,1.48352,2.74087,-1.46939,0.5,0
2.50707,0.542125,1.48352,2.7379,-1.47585,0.5,0
2.50409,0.542125,1.46154,2.73493,-1.4748,0.5,0
2.50132,0.542125,1.43956,2.73197,-1.48213,0.5,0
2.49834,0.547985,1.43956,2.729,-1.48754,0.5,0
2.49547,0.553846,1.46154,2.72621,-1.48545,0.5,0
2.4925,0.547985,1.46154,2.72324,-1.48545,0.5,0
2.48953,0.536263,1.46154,2.72027,-1.48754,0.5,0
2.48646,0.530403,1.48352,2.71713,-1.49924,0.5,0
2.4834,0.530403,1.48352,2.71416,-1.49173,0.5,0
2.48014,0.530403,1.50549,2.7112,-1.49278,0.5,0
2.47707,0.530403,1.52747,2.70823,-1.50465,0.5,0
2.4741,0.530403,1.50549,2.70526,-1.51303,0.5,0
2.47123,0.524542,1.52747,2.70229,-1.5057,0.5,0
2.46797,0.530403,1.57143,2.69933,-1.50238,0.5,0
2.46471,0.536263,1.52747,2.69619,-1.51198,0.5,0
2.46155,0.536263,1.54945,2.69322,-1.52263,0.5,0
2.45867,0.536263,1.54945,2.69025,-1.52367,0.5,0
2.45541,0.536263,1.50549,2.68711,-1.51634,0.5,0
2.45235,0.536263,1.57143,2.68414,-1.52263,0.5,0
2.44919,0.547985,1.54945,2.681,-1.52594,0.5,0
2.44641,0.553846,1.50549,2.67803,-1.52489,0.5,0
2.44344,0.553846,1.50549,2.67489,-1.53868,0.5,0
2.44047,0.553846,1.50549,2.67193,-1.54514,0.5,0
2.43769,0.553846,1.46154,2.66878,-1.54619,0.5,0
2.435,0.559707,1.43956,2.66564,-1.54724,0.5,0
2.43146,0.559707,1.43956,2.66268,-1.55457,0.5,0
2.42906,0.553846,1.43956,2.65953,-1.54828,0.5,0
2.42619,0.547985,1.41758,2.65639,-1.55788,0.5,0
2.42341,0.542125,1.46154,2.65325,-1.56748,0.5,0
2.42015,0.536263,1.46154,2.65011,-1.56416,0.5,0
2.41708,0.524542,1.46154,2.64714,-1.55893,0.5,0
2.41402,0.524542,1.52747,2.644,-1.56643,0.5,0
2.41066,0.524542,1.54945,2.64086,-1.56958,0.5,0
2.40721,0.530403,1.57143,2.63772,-1.58022,0.5,0
2.40424,0.524542,1.54945,2.63458,-1.57708,0.5,0
2.40108,0.530403,1.57143,2.63143,-1.58022,0.5,0
2.39782,0.524542,1.59341,2.62829,-1.58022,0.5,0
2.39476,0.536263,1.59341,2.62515,-1.57813,0.5,0
2.39159,0.530403,1.57143,2.62201,-1.57481,0.5,0
2.38834,0.530403,1.57143,2.61887,-1.58441,0.5,0
2.38508,0.524542,1.59341,2.61555,-1.5961,0.5,0
2.38182,0.524542,1.57143,2.61241,-1.5961,0.5,0
2.37866,0.530403,1.59341,2.60927,-1.59837,0.5,0
2.37521,0.530403,1.59341,2.60613,-1.60361,0.5,0
2.37205,0.530403,1.65934,2.60281,-1.6057,0.5,0
2.36888,0.530403,1.61538,2.59967,-1.60693,0.5,0
2.36534,0.536263,1.63736,2.59653,-1.61216,0.5,0
2.36208,0.542125,1.63736,2.59321,-1.61862,0.5,0
2.35882,0.547985,1.61538,2.5899,-1.627,0.5,0
2.35556,0.547985,1.59341,2.58675,-1.62176,0.5,0
2.3525,0.547985,1.61538,2.58344,-1.62071,0.5,0
2.34924,0.553846,1.61538,2.5803,-1.62822,0.5,0
2.34608,0.553846,1.59341,2.57698,-1.627,0.5,0
2.34291,0.536263,1.59341,2.57384,-1.6366,0.5,0
2.33966,0.536263,1.59341,2.57052,-1.63886,0.5,0
2.3363,0.542125,1.61538,2.56721,-1.6366,0.5,0
2.33285,0.530403,1.65934,2.56406,-1.6345,0.5,0
2.32921,0.524542,1.65934,2.56075,-1.63991,0.5,0
2.32595,0.530403,1.68132,2.55743,-1.64846,0.5,0
2.3226,0.530403,1.68132,2.55412,-1.6441,0.5,0
2.31915,0.536263,1.68132,2.5508,-1.6441,0.5,0
2.31599,0.536263,1.63736,2.54766,-1.64846,0.5,0
2.31282,0.542125,1.65934,2.54434,-1.65161,0.5,0
2.30957,0.542125,1.63736,2.54103,-1.66016,0.5,0
2.30631,0.542125,1.63736,2.53771,-1.66435,0.5,0
2.30267,0.547985,1.61538,2.53439,-1.66871,0.5,0
2.29989,0.547985,1.57143,2.53108,-1.66539,0.5,0
2.29663,0.547985,1.61538,2.52776,-1.67395,0.5,0
2.29337,0.542125,1.59341,2.52427,-1.68145,0.5,0
2.29011,0.536263,1.59341,2.52095,-1.6708,0.5,0
2.28647,0.530403,1.65934,2.51764,-1.67395,0.5,0
2.28312,0.530403,1.68132,2.51432,-1.68145,0.5,0
2.27957,0.530403,1.72527,2.51101,-1.68878,0.5,0
2.27574,0.553846,1.72527,2.50752,-1.68773,0.5,0
2.27286,0.547985,1.65934,2.5042,-1.69314,0.5,0
2.26932,0.542125,1.7033,2.50088,-1.70484,0.5,0
2.26587,0.536263,1.72527,2.49739,-1.7017,0.5,0
2.26223,0.542125,1.74725,2.49408,-1.70589,0.5,0
2.25878,0.542125,1.72527,2.49059,-1.70484,0.5,0
2.25533,0.530403,1.72527,2.48727,-1.71234,0.5,0
2.2515,0.530403,1.76923,2.48378,-1.70903,0.5,0
2.24785,0.524542,1.74725,2.48046,-1.70798,0.5,0
2.2445,0.524542,1.76923,2.47697,-1.71548,0.5,0
2.24076,0.518682,1.79121,2.47348,-1.72299,0.5,0
2.23731,0.518682,1.79121,2.47017,-1.71967,0.5,0
2.23338,0.530403,1.81319,2.46667,-1.72404,0.5,0
2.22993,0.536263,1.83516,2.46318,-1.72613,0.5,0
2.2262,0.536263,1.79121,2.45969,-1.73364,0.5,0
2.22275,0.536263,1.79121,2.4562,-1.74324,0.5,0
2.21901,0.542125,1.74725,2.45271,-1.74638,0.5,0
2.21537,0.542125,1.79121,2.44922,-1.75057,0.5,0
2.21201,0.547985,1.79121,2.44573,-1.75057,0.5,0
2.20847,0.547985,1.72527,2.44241,-1.74742,0.5,0
2.20521,0.547985,1.74725,2.43892,-1.74847,0.5,0
2.20167,0.547985,1.74725,2.43543,-1.75179,0.5,0
2.19841,0.553846,1.7033,2.43177,-1.75912,0.5,0
2.19525,0.559707,1.65934,2.42828,-1.77081,0.5,0
2.1917,0.553846,1.63736,2.42479,-1.77936,0.5,0
2.18854,0.547985,1.63736,2.4213,-1.78041,0.5,0
2.18509,0.536263,1.65934,2.41763,-1.77936,0.5,0
2.18154,0.524542,1.68132,2.41414,-1.77622,0.5,0
2.1778,0.518682,1.72527,2.41065,-1.78373,0.5,0
2.17426,0.518682,1.76923,2.40698,-1.78477,0.5,0
2.17062,0.518682,1.74725,2.40349,-1.78373,0.5,0
2.16688,0.518682,1.79121,2.39983,-1.78477,0.5,0
2.16286,0.530403,1.81319,2.39634,-1.78373,0.5,0
2.1596,0.536263,1.81319,2.39267,-1.79106,0.5,0
2.15615,0.536263,1.81319,2.38918,-1.79856,0.5,0
2.15231,0.542125,1.81319,2.38552,-1.80607,0.5,0
2.14886,0.547985,1.79121,2.38203,-1.80293,0.5,0
2.14513,0.547985,1.76923,2.37836,-1.80502,0.5,0
2.14168,0.542125,1.79121,2.3747,-1.80066,0.5,0
2.13813,0.542125,1.76923,2.37121,-1.80711,0.5,0
2.13401,0.542125,1.81319,2.36754,-1.81357,0.5,0
2.13056,0.547985,1.81319,2.36387,-1.8209,0.5,0
2.12721,0.547985,1.76923,2.36021,-1.82422,0.5,0
2.12347,0.547985,1.79121,2.35672,-1.83155,0.5,0
2.11983,0.547985,1.81319,2.35305,-1.82631,0.5,0
2.11628,0.536263,1.81319,2.34939,-1.83696,0.5,0
2.11255,0.536263,1.83516,2.34572,-1.83591,0.5,0
2.10881,0.542125,1.79121,2.34206,-1.83696,0.5,0
2.10488,0.536263,1.81319,2.33839,-1.8422,0.5,0
2.10143,0.536263,1.81319,2.33455,-1.84551,0.5,0
2.09798,0.536263,1.81319,2.33089,-1.8497,0.5,0
2.09415,0.536263,1.76923,2.32722,-1.8497,0.5,0
2.09051,0.530403,1.79121,2.32356,-1.8497,0.5,0
2.08686,0.536263,1.83516,2.31989,-1.84865,0.5,0
2.08322,0.542125,1.81319,2.31623,-1.86244,0.5,0
2.07949,0.530403,1.85714,2.31239,-1.86349,0.5,0
2.07556,0.536263,1.83516,2.30872,-1.87309,0.5,0
2.07192,0.536263,1.83516,2.30506,-1.87204,0.5,0
2.06827,0.530403,1.87912,2.30122,-1.86471,0.5,0
2.06425,0.536263,1.85714,2.29755,-1.87099,0.5,0
2.0609,0.536263,1.87912,2.29371,-1.87309,0.5,0
2.05687,0.542125,1.87912,2.29005,-1.88164,0.5,0
2.05323,0.547985,1.85714,2.28621,-1.89229,0.5,0
2.04968,0.553846,1.83516,2.28254,-1.89124,0.5,0
2.04585,0.553846,1.81319,2.2787,-1.88705,0.5,0
2.0424,0.547985,1.83516,2.27486,-1.89438,0.5,0
2.03876,0.542125,1.79121,2.2712,-1.90503,0.5,0
2.03483,0.530403,1.83516,2.26736,-1.89665,0.5,0
2.0309,0.524542,1.85714,2.26352,-1.89438,0.5,0
2.02707,0.518682,1.87912,2.25985,-1.90293,0.5,0
2.02314,0.518682,1.92308,2.25601,-1.90939,0.5,0
2.01931,0.518682,1.9011,2.25217,-1.91358,0.5,0
2.0148,0.530403,1.96703,2.24833,-1.91585,0.5,0
2.01135,0.536263,1.96703,2.24449,-1.91149,0.5,0
2.00742,0.542125,1.96703,2.24065,-1.91585,0.5,0
2.00369,0.542125,1.92308,2.23681,-1.92423,0.5,0
2.00014,0.553846,1.92308,2.23298,-1.92859,0.5,0
1.99631,0.559707,1.85714,2.22914,-1.94028,0.5,0
1.99276,0.553846,1.85714,2.2253,-1.94133,0.5,0
1.98893,0.547985,1.83516,2.22146,-1.93609,0.5,0
1.98481,0.542125,1.87912,2.21744,-1.94552,0.5,0
1.98126,0.536263,1.87912,2.2136,-1.93819,0.5,0
1.97724,0.530403,1.9011,2.20976,-1.94552,0.5,0
1.97331,0.536263,1.94505,2.20592,-1.95302,0.5,0
1.96948,0.536263,1.92308,2.20191,-1.95302,0.5,0
1.96545,0.530403,1.96703,2.19807,-1.94238,0.5,0
1.96152,0.536263,1.94505,2.19423,-1.94988,0.5,0
1.9574,0.542125,1.98901,2.19021,-1.96367,0.5,0
1.95328,0.536263,1.96703,2.18637,-1.95407,0.5,0
1.94945,0.536263,1.96703,2.18236,-1.96367,0.5,0
1.94571,0.536263,1.96703,2.17852,-1.97327,0.5,0
1.94169,0.530403,1.98901,2.17451,-1.96367,0.5,0
1.93757,0.536263,1.98901,2.17067,-1.97222,0.5,0
1.93364,0.536263,1.94505,2.16665,-1.98496,0.5,0
1.92971,0.530403,1.96703,2.16264,-1.98601,0.5,0
1.92568,0.536263,2.01099,2.1588,-1.98182,0.5,0
1.92128,0.536263,1.98901,2.15478,-1.98828,0.5,0
1.91744,0.536263,2.01099,2.15077,-1.97868,0.5,0
1.91371,0.542125,1.98901,2.14693,-1.99352,0.5,0
1.90968,0.542125,1.94505,2.14292,-1.99997,0.5,0
1.90585,0.536263,1.96703,2.1389,-2.00416,0.5,0
1.90192,0.542125,1.92308,2.13489,-2.0073,0.5,0
1.89789,0.536263,1.94505,2.13087,-2.00626,0.5,0
1.89377,0.536263,1.96703,2.12686,-2.00626,0.5,0
1.88956,0.542125,1.98901,2.12284,-2.01481,0.5,0
1.88601,0.542125,1.98901,2.11883,-2.01795,0.5,0
1.88218,0.536263,1.94505,2.11482,-2.01062,0.5,0
1.87796,0.530403,1.94505,2.1108,-2.01917,0.5,0
1.87403,0.530403,1.98901,2.10661,-2.02755,0.5,0
1.86972,0.530403,2.01099,2.1026,-2.02755,0.5,0
1.8657,0.536263,2.05495,2.09858,-2.02982,0.5,0
1.86148,0.530403,2.03297,2.09457,-2.03715,0.5,0
1.85688,0.530403,2.05495,2.09038,-2.03942,0.5,0
1.85334,0.530403,2.03297,2.08637,-2.04047,0.5,0
1.84902,0.530403,2.05495,2.08235,-2.05006,0.5,0
1.845,0.530403,2.05495,2.07816,-2.05321,0.5,0
1.84069,0.536263,2.0989,2.07415,-2.0478,0.5,0
1.83637,0.542125,2.07692,2.06996,-2.04465,0.5,0
1.83235,0.542125,2.0989,2.06595,-2.0553,0.5,0
1.82832,0.542125,2.01099,2.06176,-2.05966,0.5,0
1.82411,0.559707,2.01099,2.05757,-2.06176,0.5,0
1.82047,0.559707,2.01099,2.05356,-2.07345,0.5,0
1.81625,0.547985,2.01099,2.04937,-2.07659,0.5,0
1.81232,0.542125,2.01099,2.04518,-2.07764,0.5,0
1.80791,0.530403,2.05495,2.04099,-2.08096,0.5,0
1.80351,0.518682,2.07692,2.03697,-2.07764,0.5,0
1.79948,0.518682,2.07692,2.03279,-2.0841,0.5,0
1.79488,0.518682,2.0989,2.0286,-2.0916,0.5,0
1.79038,0.524542,2.12088,2.02441,-2.07764,0.5,0
1.78635,0.524542,2.14286,2.02022,-2.08619,0.5,0
1.78214,0.536263,2.12088,2.01603,-2.09684,0.5,0
1.77792,0.542125,2.14286,2.01184,-2.09684,0.5,0
1.77361,0.542125,2.12088,2.00765,-2.09789,0.5,0
1.7693,0.542125,2.14286,2.00346,-2.0937,0.5,0
1.76527,0.542125,2.0989,1.99928,-2.10225,0.5,0
1.76086,0.542125,2.12088,1.99509,-2.11604,0.5,0
1.75636,0.536263,2.14286,1.9909,-2.11499,0.5,0
1.75224,0.542125,2.12088,1.98653,-2.11709,0.5,0
1.74821,0.547985,2.0989,1.98235,-2.11604,0.5,0
1.744,0.547985,2.07692,1.97816,-2.11394,0.5,0
1.73978,0.553846,2.07692,1.97397,-2.12354,0.5,0
1.73576,0.553846,2.05495,1.9696,-2.1321,0.5,0
1.73154,0.542125,2.05495,1.96542,-2.13314,0.5,0
1.72742,0.530403,2.07692,1.96105,-2.13087,0.5,0
1.72272,0.518682,2.12088,1.95686,-2.13419,0.5,0
1.71851,0.51282,2.14286,1.95268,-2.13087,0.5,0
1.714,0.51282,2.18681,1.94831,-2.13087,0.5,0
1.7096,0.518682,2.16484,1.94412,-2.13628,0.5,0
1.70509,0.524542,2.20879,1.93976,-2.13733,0.5,0
1.70059,0.530403,2.20879,1.93557,-2.14152,0.5,0
1.69628,0.542125,2.20879,1.93121,-2.14484,0.5,0
1.69196,0.542125,2.20879,1.92702,-2.14693,0.5,0
1.68708,0.553846,2.16484,1.92266,-2.14798,0.5,0
1.68343,0.553846,2.16484,1.91829,-2.15758,0.5,0
1.67931,0.553846,2.12088,1.9141,-2.16177,0.5,0
1.6751,0.553846,2.14286,1.90974,-2.16613,0.5,0
1.67079,0.559707,2.0989,1.90538,-2.16508,0.5,0
1.66647,0.542125,2.14286,1.90101,-2.16927,0.5,0
1.66207,0.536263,2.16484,1.89665,-2.16613,0.5,0
1.65756,0.530403,2.16484,1.89229,-2.18096,0.5,0
1.65258,0.518682,2.23077,1.88792,-2.17992,0.5,0
1.64855,0.524542,2.18681,1.88356,-2.17573,0.5,0
1.64415,0.524542,2.18681,1.87937,-2.17137,0.5,0
1.63964,0.524542,2.23077,1.87501,-2.17032,0.5,0
1.63543,0.536263,2.23077,1.87064,-2.17573,0.5,0
1.63083,0.536263,2.18681,1.86628,-2.18533,0.5,0
1.62642,0.542125,2.23077,1.86192,-2.18096,0.5,0
1.62191,0.542125,2.20879,1.85755,-2.17468,0.5,0
1.61722,0.536263,2.23077,1.85319,-2.18637,0.5,0
1.61291,0.542125,2.20879,1.84883,-2.19912,0.5,0
1.6084,0.553846,2.23077,1.84429,-2.18952,0.5,0
1.60428,0.559707,2.20879,1.83993,-2.18952,0.5,0
1.60016,0.565568,2.14286,1.83556,-2.18847,0.5,0
1.59595,0.565568,2.12088,1.8312,-2.18952,0.5,0
1.59192,0.547985,2.05495,1.82684,-2.20767,0.5,0
1.58761,0.536263,2.12088,1.82247,-2.2033,0.5,0
1.58291,0.518682,2.14286,1.81811,-2.19597,0.5,0
1.5785,0.50696,2.16484,1.81357,-2.19807,0.5,0
1.57381,0.50696,2.23077,1.80921,-2.20016,0.5,0
1.56911,0.50696,2.25275,1.80485,-2.19702,0.5,0
1.56442,0.51282,2.31868,1.80048,-2.20121,0.5,0
1.55991,0.530403,2.2967,1.79594,-2.20557,0.5,0
1.55541,0.542125,2.27473,1.79158,-2.2129,0.5,0
1.55091,0.553846,2.27473,1.78722,-2.20767,0.5,0
1.54621,0.559707,2.23077,1.78268,-2.21186,0.5,0
1.54219,0.553846,2.23077,1.77832,-2.20872,0.5,0
1.53807,0.553846,2.18681,1.77395,-2.21517,0.5,0
1.53337,0.553846,2.18681,1.76942,-2.22582,0.5,0
1.52887,0.542125,2.23077,1.76505,-2.21186,0.5,0
1.52475,0.542125,2.16484,1.76051,-2.22582,0.5,0
1.52024,0.547985,2.18681,1.75615,-2.23315,0.5,0
1.51574,0.536263,2.18681,1.75161,-2.23647,0.5,0
1.51056,0.536263,2.23077,1.74725,-2.23106,0.5,0
1.50673,0.536263,2.23077,1.74271,-2.22582,0.5,0
1.50213,0.530403,2.25275,1.73835,-2.22791,0.5,0
1.49753,0.524542,2.2967,1.73381,-2.22477,0.5,0
1.49293,0.524542,2.27473,1.72927,-2.23542,0.5,0
1.48804,0.530403,2.27473,1.72491,-2.23001,0.5,0
1.48364,0.542125,2.2967,1.72037,-2.23106,0.5,0
1.47884,0.530403,2.2967,1.71601,-2.24065,0.5,0
1.47415,0.542125,2.27473,1.71147,-2.25025,0.5,0
1.46974,0.547985,2.31868,1.70693,-2.24816,0.5,0
1.46533,0.542125,2.2967,1.70239,-2.2417,0.5,0
1.46064,0.547985,2.2967,1.69803,-2.24711,0.5,0
1.45623,0.542125,2.27473,1.69349,-2.25566,0.5,0
1.45144,0.542125,2.25275,1.68896,-2.25985,0.5,0
1.44703,0.542125,2.27473,1.68442,-2.25881,0.5,0
1.44253,0.542125,2.27473,1.67988,-2.25881,0.5,0
1.43774,0.542125,2.25275,1.67534,-2.25881,0.5,0
1.43361,0.547985,2.23077,1.6708,-2.25985,0.5,0
1.42921,0.536263,2.23077,1.66627,-2.26509,0.5,0
1.4248,0.536263,2.18681,1.66173,-2.26631,0.5,0
1.4202,0.536263,2.23077,1.65719,-2.27905,0.5,0
1.41589,0.542125,2.20879,1.65265,-2.28219,0.5,0
1.41119,0.542125,2.23077,1.64812,-2.27259,0.5,0
1.40669,0.542125,2.25275,1.64358,-2.26945,0.5,0
1.4017,0.530403,2.2967,1.63904,-2.27259,0.5,0
1.39739,0.530403,2.25275,1.6345,-2.27905,0.5,0
1.39289,0.530403,2.27473,1.62996,-2.28219,0.5,0
1.38829,0.536263,2.2967,1.62525,-2.27364,0.5,0
1.38369,0.547985,2.27473,1.62071,-2.28219,0.5,0
1.37938,0.542125,2.23077,1.61618,-2.28324,0.5,0
1.37497,0.547985,2.25275,1.61164,-2.29075,0.5,0
1.37027,0.547985,2.27473,1.6071,-2.2897,0.5,0
1.36548,0.536263,2.25275,1.60239,-2.29284,0.5,0
1.36117,0.536263,2.2967,1.59785,-2.29825,0.5,0
1.35628,0.524542,2.27473,1.59331,-2.2897,0.5,0
1.35149,0.518682,2.31868,1.5886,-2.29598,0.5,0
1.3467,0.524542,2.34066,1.58406,-2.29598,0.5,0
1.3421,0.524542,2.36264,1.57952,-2.29598,0.5,0
1.33721,0.530403,2.36264,1.57481,-2.30453,0.5,0
1.33252,0.536263,2.36264,1.57027,-2.3089,0.5,0
1.32725,0.536263,2.34066,1.56556,-2.3068,0.5,0
1.32313,0.536263,2.36264,1.56102,-2.30139,0.5,0
1.31843,0.536263,2.34066,1.55631,-2.31099,0.5,0
1.31374,0.542125,2.36264,1.55177,-2.3185,0.5,0
1.30904,0.547985,2.31868,1.54706,-2.3089,0.5,0
1.30444,0.542125,2.34066,1.54252,-2.31413,0.5,0
1.29994,0.553846,2.31868,1.53781,-2.32478,0.5,0
1.29534,0.559707,2.2967,1.5331,-2.32373,0.5,0
1.29055,0.553846,2.27473,1.52856,-2.33333,0.5,0
1.28604,0.547985,2.31868,1.52385,-2.32914,0.5,0
1.28135,0.536263,2.31868,1.51914,-2.3281,0.5,0
1.27675,0.530403,2.31868,1.51442,-2.33333,0.5,0
1.27176,0.536263,2.34066,1.50988,-2.33333,0.5,0
1.26707,0.530403,2.34066,1.50517,-2.33543,0.5,0
1.26256,0.530403,2.34066,1.50046,-2.32373,0.5,0
1.25777,0.536263,2.34066,1.49592,-2.32373,0.5,0
1.25289,0.542125,2.34066,1.49121,-2.33438,0.5,0
1.24829,0.542125,2.36264,1.4865,-2.33438,0.5,0
1.24378,0.542125,2.36264,1.48179,-2.33979,0.5,0
1.2389,0.547985,2.34066,1.47707,-2.34607,0.5,0
1.2342,0.547985,2.36264,1.47236,-2.34293,0.5,0
1.2295,0.542125,2.34066,1.46765,-2.34503,0.5,0
1.22471,0.547985,2.36264,1.46294,-2.34834,0.5,0
1.21992,0.547985,2.36264,1.45822,-2.34834,0.5,0
1.21494,0.536263,2.36264,1.45369,-2.34712,0.5,0
1.21034,0.536263,2.38462,1.44897,-2.34712,0.5,0
1.20536,0.524542,2.40659,1.44426,-2.35253,0.5,0
1.20047,0.524542,2.42857,1.43955,-2.35358,0.5,0
1.19539,0.524542,2.45055,1.43484,-2.35358,0.5,0
1.19031,0.51282,2.45055,1.43012,-2.34939,0.5,0
1.18533,0.524542,2.47253,1.42541,-2.35672,0.5,0
1.18054,0.530403,2.47253,1.42052,-2.36213,0.5,0
1.17555,0.542125,2.42857,1.41581,-2.35148,0.5,0
1.17095,0.547985,2.40659,1.41127,-2.34398,0.5,0
1.16645,0.547985,2.38462,1.40656,-2.35044,0.5,0
1.16175,0.553846,2.34066,1.40185,-2.35567,0.5,0
1.15706,0.553846,2.34066,1.39714,-2.35253,0.5,0
1.15246,0.553846,2.31868,1.39242,-2.35567,0.5,0
1.14786,0.553846,2.34066,1.38771,-2.35358,0.5,0
1.14316,0.547985,2.2967,1.38283,-2.35777,0.5,0
1.1378,0.536263,2.34066,1.37811,-2.36318,0.5,0
1.13368,0.536263,2.34066,1.3734,-2.35899,0.5,0
1.12869,0.524542,2.38462,1.36869,-2.35777,0.5,0
1.124,0.530403,2.38462,1.36398,-2.36632,0.5,0
1.1193,0.530403,2.34066,1.35926,-2.36318,0.5,0
1.1147,0.536263,2.34066,1.35455,-2.36527,0.5,0
1.1101,0.542125,2.31868,1.34984,-2.36004,0.5,0
1.10531,0.530403,2.31868,1.34513,-2.36108,0.5,0
1.10023,0.542125,2.36264,1.34024,-2.36422,0.5,0
1.09592,0.542125,2.36264,1.33553,-2.36632,0.5,0
1.09113,0.536263,2.36264,1.33081,-2.36737,0.5,0
1.08634,0.542125,2.34066,1.3261,-2.36422,0.5,0
1.08164,0.542125,2.34066,1.32139,-2.35899,0.5,0
1.07704,0.547985,2.31868,1.31668,-2.36108,0.5,0
1.07254,0.553846,2.2967,1.31196,-2.36213,0.5,0
1.06794,0.547985,2.27473,1.30708,-2.36859,0.5,0
1.06315,0.536263,2.27473,1.30237,-2.38133,0.5,0
1.05865,0.530403,2.27473,1.29765,-2.37923,0.5,0
1.05366,0.518682,2.36264,1.29294,-2.36963,0.5,0
1.04877,0.51282,2.38462,1.28805,-2.36318,0.5,0
1.0437,0.51282,2.42857,1.28334,-2.37173,0.5,0
1.0391,0.524542,2.42857,1.27863,-2.38133,0.5,0
1.03411,0.536263,2.40659,1.27374,-2.38133,0.5,0
1.02942,0.536263,2.38462,1.26903,-2.38028,0.5,0
1.02444,0.547985,2.38462,1.26432,-2.37487,0.5,0
1.01984,0.542125,2.38462,1.2596,-2.37923,0.5,0
1.01514,0.547985,2.40659,1.25472,-2.38238,0.5,0
1.01054,0.553846,2.34066,1.25001,-2.37923,0.5,0
1.00594,0.553846,2.36264,1.24512,-2.39093,0.5,0
1.00134,0.559707,2.34066,1.24041,-2.40157,0.5,0
0.996837,0.565568,2.2967,1.23552,-2.40157,0.5,0
0.992333,0.559707,2.25275,1.23081,-2.39197,0.5,0
0.98735,0.542125,2.2967,1.22592,-2.38988,0.5,0
0.982846,0.530403,2.31868,1.22121,-2.38866,0.5,0
0.977959,0.524542,2.38462,1.21649,-2.38447,0.5,0
0.973072,0.518682,2.38462,1.21161,-2.39407,0.5,0
0.968089,0.51282,2.42857,1.2069,-2.38342,0.5,0
0.963202,0.524542,2.42857,1.20201,-2.38552,0.5,0
0.958506,0.530403,2.38462,1.1973,-2.38238,0.5,0
0.953715,0.536263,2.40659,1.19241,-2.39616,0.5,0
0.94854,0.547985,2.34066,1.1877,-2.40053,0.5,0
0.94442,0.542125,2.36264,1.18281,-2.39093,0.5,0
0.939533,0.547985,2.36264,1.1781,-2.40262,0.5,0
0.934933,0.542125,2.36264,1.17321,-2.39721,0.5,0
0.930142,0.542125,2.34066,1.1685,-2.40157,0.5,0
0.925542,0.542125,2.34066,1.16361,-2.40576,0.5,0
0.920655,0.542125,2.36264,1.15872,-2.39721,0.5,0
0.915768,0.542125,2.38462,1.15401,-2.39826,0.5,0
0.910689,0.536263,2.38462,1.14913,-2.40367,0.5,0
0.906185,0.530403,2.38462,1.14441,-2.40472,0.5,0
0.901489,0.536263,2.38462,1.13953,-2.40157,0.5,0
0.896698,0.536263,2.36264,1.13481,-2.39826,0.5,0
0.891715,0.536263,2.36264,1.12993,-2.40472,0.5,0
0.887211,0.536263,2.38462,1.12504,-2.41013,0.5,0
0.882516,0.536263,2.36264,1.12033,-2.41117,0.5,0
0.877628,0.542125,2.36264,1.11544,-2.4089,0.5,0
0.87255,0.542125,2.38462,1.11055,-2.40367,0.5,0
0.868046,0.542125,2.40659,1.10567,-2.41746,0.5,0
0.86335,0.547985,2.36264,1.10095,-2.41536,0.5,0
0.858559,0.547985,2.34066,1.09607,-2.4089,0.5,0
0.853959,0.547985,2.34066,1.09118,-2.41117,0.5,0
0.849264,0.547985,2.36264,1.08647,-2.4185,0.5,0
0.844472,0.536263,2.31868,1.08158,-2.41536,0.5,0
0.839681,0.530403,2.38462,1.07669,-2.41746,0.5,0
0.834602,0.518682,2.38462,1.07181,-2.41536,0.5,0
0.829907,0.524542,2.38462,1.06692,-2.42391,0.5,0
0.824924,0.524542,2.45055,1.06221,-2.41536,0.5,0
0.820132,0.518682,2.42857,1.05732,-2.42182,0.5,0
0.815245,0.530403,2.40659,1.05243,-2.42182,0.5,0
0.810262,0.536263,2.42857,1.04755,-2.41327,0.5,0
0.805375,0.542125,2.42857,1.04266,-2.42182,0.5,0
0.800392,0.542125,2.45055,1.03795,-2.42391,0.5,0
0.795313,0.547985,2.42857,1.03306,-2.41431,0.5,0
0.790522,0.547985,2.47253,1.02817,-2.42287,0.5,0
0.785922,0.553846,2.42857,1.02329,-2.41955,0.5,0
0.781227,0.559707,2.38462,1.0184,-2.43666,0.5,0
0.776436,0.559707,2.38462,1.01351,-2.44311,0.5,0
0.771836,0.547985,2.34066,1.00863,-2.43037,0.5,0
0.767045,0.553846,2.36264,1.00374,-2.43561,0.5,0
0.762253,0.542125,2.36264,0.998852,-2.4377,0.5,0
0.756599,0.524542,2.42857,0.993965,-2.43247,0.5,0
0.752191,0.524542,2.42857,0.989078,-2.43351,0.5,0
0.7474,0.524542,2.45055,0.984192,-2.43666,0.5,0
0.742321,0.530403,2.47253,0.979305,-2.43561,0.5,0
0.737338,0.536263,2.45055,0.974418,-2.43456,0.5,0
0.732451,0.536263,2.47253,0.969531,-2.43666,0.5,0
0.727564,0.536263,2.42857,0.964644,-2.43351,0.5,0
0.722677,0.542125,2.45055,0.959757,-2.4377,0.5,0
0.717502,0.547985,2.45055,0.95487,-2.43456,0.5,0
0.712711,0.547985,2.47253,0.949983,-2.44625,0.5,0
0.707632,0.542125,2.47253,0.945096,-2.4494,0.5,0
0.702841,0.547985,2.47253,0.940209,-2.44311,0.5,0
0.698049,0.547985,2.42857,0.935322,-2.44521,0.5,0
0.693066,0.542125,2.42857,0.930435,-2.44835,0.5,0
0.688083,0.542125,2.42857,0.925548,-2.45271,0.5,0
0.683292,0.530403,2.45055,0.920487,-2.45271,0.5,0
0.677734,0.530403,2.49451,0.9156,-2.4494,0.5,0
0.673134,0.530403,2.47253,0.910713,-2.43561,0.5,0
0.668056,0.530403,2.47253,0.905826,-2.4398,0.5,0
0.663168,0.536263,2.51648,0.900939,-2.44207,0.5,0
0.65809,0.536263,2.49451,0.896052,-2.44625,0.5,0
0.653203,0.542125,2.47253,0.891165,-2.44521,0.5,0
0.648411,0.547985,2.45055,0.886279,-2.45481,0.5,0
0.64362,0.553846,2.45055,0.881392,-2.45481,0.5,0
0.638541,0.559707,2.38462,0.87633,-2.44835,0.5,0
0.634037,0.547985,2.40659,0.871443,-2.44835,0.5,0
0.62915,0.547985,2.38462,0.866556,-2.44311,0.5,0
0.624359,0.547985,2.40659,0.861669,-2.46126,0.5,0
0.619472,0.542125,2.40659,0.856782,-2.46336,0.5,0
0.614488,0.536263,2.42857,0.851721,-2.45271,0.5,0
0.609601,0.530403,2.45055,0.846834,-2.46441,0.5,0
0.604427,0.530403,2.42857,0.841947,-2.46231,0.5,0
0.599444,0.530403,2.45055,0.83706,-2.46126,0.5,0
0.594652,0.530403,2.49451,0.831999,-2.46859,0.5,0
0.589574,0.530403,2.47253,0.827112,-2.4665,0.5,0
0.584686,0.524542,2.45055,0.82205,-2.46755,0.5,0
0.579416,0.524542,2.49451,0.817163,-2.46441,0.5,0
0.574529,0.530403,2.51648,0.812277,-2.459,0.5,0
0.569162,0.530403,2.51648,0.80739,-2.46545,0.5,0
0.564275,0.536263,2.51648,0.802328,-2.46964,0.5,0
0.558622,0.547985,2.53846,0.797441,-2.47296,0.5,0
0.554309,0.553846,2.49451,0.79238,-2.47505,0.5,0
0.549518,0.559707,2.47253,0.787493,-2.48134,0.5,0
0.544631,0.553846,2.45055,0.782431,-2.47191,0.5,0
0.539648,0.547985,2.45055,0.777544,-2.46545,0.5,0
0.534665,0.542125,2.45055,0.772658,-2.46964,0.5,0
0.529682,0.536263,2.49451,0.767596,-2.48029,0.5,0
0.524699,0.536263,2.45055,0.762709,-2.47191,0.5,0
0.519428,0.536263,2.49451,0.757648,-2.47191,0.5,0
0.514829,0.547985,2.45055,0.752761,-2.47924,0.5,0
0.509846,0.542125,2.47253,0.747699,-2.48134,0.5,0
0.50515,0.536263,2.42857,0.742812,-2.47505,0.5,0
0.499976,0.542125,2.45055,0.737751,-2.47505,0.5,0
0.494897,0.530403,2.49451,0.732864,-2.47819,0.5,0
0.490105,0.530403,2.47253,0.727803,-2.47819,0.5,0
0.485027,0.542125,2.49451,0.722916,-2.48029,0.5,0
0.479948,0.542125,2.45055,0.717854,-2.48884,0.5,0
0.475156,0.542125,2.47253,0.712967,-2.4857,0.5,0
0.469982,0.536263,2.49451,0.707906,-2.48675,0.5,0
0.464903,0.536263,2.49451,0.703019,-2.48256,0.5,0
0.459824,0.536263,2.51648,0.697958,-2.48989,0.5,0
0.454649,0.530403,2.51648,0.692896,-2.49425,0.5,0
0.449475,0.530403,2.53846,0.688009,-2.49216,0.5,0
0.444204,0.524542,2.58242,0.682948,-2.48884,0.5,0
0.438838,0.536263,2.56044,0.677886,-2.48884,0.5,0
0.434143,0.542125,2.56044,0.672999,-2.4932,0.5,0
0.428968,0.547985,2.53846,0.667938,-2.48256,0.5,0
0.424081,0.559707,2.51648,0.663051,-2.4836,0.5,0
0.419098,0.553846,2.49451,0.657989,-2.4836,0.5,0
0.414307,0.553846,2.47253,0.652928,-2.49635,0.5,0
0.409611,0.553846,2.45055,0.648041,-2.50594,0.5,0
0.404532,0.559707,2.42857,0.64298,-2.49844,0.5,0
0.399454,0.559707,2.42857,0.637918,-2.50385,0.5,0
0.394949,0.547985,2.38462,0.632857,-2.51013,0.5,0
0.390158,0.542125,2.42857,0.627795,-2.5049,0.5,0
0.384984,0.530403,2.47253,0.622908,-2.50385,0.5,0
0.380096,0.524542,2.47253,0.617847,-2.49949,0.5,0
0.37473,0.518682,2.51648,0.612785,-2.50053,0.5,0
0.369747,0.51282,2.53846,0.607724,-2.5049,0.5,0
0.364477,0.524542,2.51648,0.602837,-2.50699,0.5,0
0.358919,0.524542,2.53846,0.597776,-2.5145,0.5,0
0.354415,0.530403,2.49451,0.592714,-2.51118,0.5,0
0.349432,0.536263,2.49451,0.587653,-2.51659,0.5,0
0.344257,0.536263,2.56044,0.582591,-2.51118,0.5,0
0.339274,0.542125,2.51648,0.57753,-2.5028,0.5,0
0.3341,0.542125,2.51648,0.572468,-2.51659,0.5,0
0.329212,0.547985,2.51648,0.567407,-2.51764,0.5,0
0.324229,0.553846,2.51648,0.562345,-2.51973,0.5,0
0.318767,0.542125,2.53846,0.557284,-2.52619,0.5,0
0.31388,0.536263,2.56044,0.552222,-2.51345,0.5,0
0.308706,0.530403,2.51648,0.547336,-2.5124,0.5,0
0.303722,0.530403,2.53846,0.542274,-2.51554,0.5,0
0.29874,0.536263,2.51648,0.537213,-2.52305,0.5,0
0.293661,0.530403,2.51648,0.532151,-2.51554,0.5,0
0.288774,0.536263,2.49451,0.52709,-2.52305,0.5,0
0.283886,0.542125,2.49451,0.522028,-2.52078,0.5,0
0.27852,0.547985,2.49451,0.516967,-2.51973,0.5,0
0.273825,0.547985,2.49451,0.511905,-2.5241,0.5,0
0.268842,0.542125,2.49451,0.506844,-2.52619,0.5,0
0.263763,0.547985,2.47253,0.501782,-2.52724,0.5,0
0.258588,0.542125,2.51648,0.496721,-2.52305,0.5,0
0.253701,0.542125,2.49451,0.491659,-2.51973,0.5,0
0.248814,0.547985,2.49451,0.486598,-2.53684,0.5,0
0.243927,0.542125,2.47253,0.481362,-2.53893,0.5,0
0.238656,0.536263,2.47253,0.476301,-2.53143,0.5,0
0.233673,0.524542,2.45055,0.471239,-2.53893,0.5,0
0.228595,0.51282,2.51648,0.466178,-2.53474,0.5,0
0.223228,0.51282,2.56044,0.461116,-2.52933,0.5,0
0.217958,0.51282,2.58242,0.456055,-2.5337,0.5,0
0.212783,0.518682,2.6044,0.450993,-2.53998,0.5,0
0.207225,0.518682,2.64835,0.445757,-2.53893,0.5,0
0.201955,0.530403,2.62637,0.440696,-2.53893,0.5,0
0.196397,0.542125,2.62637,0.435634,-2.54207,0.5,0
0.191509,0.547985,2.62637,0.430573,-2.54329,0.5,0
0.186048,0.553846,2.64835,0.425511,-2.54103,0.5,0
0.180969,0.547985,2.6044,0.420275,-2.54207,0.5,0
0.17589,0.559707,2.6044,0.415214,-2.55918,0.5,0
0.170811,0.553846,2.58242,0.409978,-2.55499,0.5,0
0.165445,0.553846,2.58242,0.404917,-2.54644,0.5,0
0.160366,0.553846,2.6044,0.399855,-2.54539,0.5,0
0.154712,0.542125,2.53846,0.394794,-2.54644,0.5,0
0.150208,0.542125,2.56044,0.389558,-2.55167,0.5,0
0.144938,0.536263,2.58242,0.384496,-2.54958,0.5,0
0.139859,0.530403,2.58242,0.379435,-2.54748,0.5,0
0.13478,0.536263,2.56044,0.374199,-2.54853,0.5,0
0.129606,0.530403,2.56044,0.369137,-2.55394,0.5,0
0.124623,0.536263,2.56044,0.364076,-2.55499,0.5,0
0.119544,0.536263,2.49451,0.35884,-2.55063,0.5,0
0.114177,0.547985,2.53846,0.353778,-2.55272,0.5,0
0.109386,0.547985,2.53846,0.348717,-2.55272,0.5,0
0.104116,0.542125,2.53846,0.343481,-2.55708,0.5,0
0.0992284,0.542125,2.53846,0.338419,-2.55272,0.5,0
0.0939581,0.530403,2.53846,0.333358,-2.55167,0.5,0
0.0889752,0.536263,2.51648,0.328122,-2.55604,0.5,0
0.0838003,0.530403,2.51648,0.323061,-2.56022,0.5,0
0.078434,0.524542,2.58242,0.317825,-2.56337,0.5,0
0.0728762,0.518682,2.6044,0.312763,-2.55918,0.5,0
0.0680847,0.51282,2.6044,0.307702,-2.55918,0.5,0
0.0630059,0.530403,2.58242,0.302466,-2.55604,0.5,0
0.0576398,0.530403,2.6044,0.297404,-2.56232,0.5,0
0.0522733,0.542125,2.62637,0.292168,-2.56773,0.5,0
0.0471947,0.547985,2.6044,0.287107,-2.56563,0.5,0
0.0420201,0.547985,2.6044,0.281871,-2.55708,0.5,0
0.0370369,0.553846,2.56044,0.276809,-2.55918,0.5,0
0.0318623,0.565568,2.51648,0.271573,-2.56459,0.5,0
0.0272627,0.565568,2.49451,0.266512,-2.57297,0.5,0
0.0222795,0.565568,2.47253,0.261276,-2.57628,0.5,0
0.0176799,0.553846,2.42857,0.256214,-2.56982,0.5,0
0.0127928,0.547985,2.42857,0.250978,-2.56773,0.5,0
0.00752258,0.530403,2.47253,0.245917,-2.57297,0.5,0
0.00263524,0.524542,2.45055,0.240681,-2.57192,0.5,0
-0.0025394,0.518682,2.49451,0.235445,-2.57297,0.5,0
-0.00800133,0.51282,2.51648,0.230384,-2.56982,0.5,0
-0.0128887,0.518682,2.56044,0.225148,-2.56773,0.5,0
-0.0181592,0.518682,2.58242,0.220086,-2.57523,0.5,0
-0.0232379,0.524542,2.56044,0.21485,-2.57733,0.5,0
-0.0286043,0.524542,2.58242,0.209789,-2.57297,0.5,0
-0.0337789,0.524542,2.64835,0.204553,-2.56878,0.5,0
-0.0392408,0.536263,2.6044,0.199491,-2.56982,0.5,0
-0.0443199,0.542125,2.64835,0.194255,-2.58483,0.5,0
-0.0500693,0.559707,2.58242,0.189019,-2.58588,0.5,0
-0.0544775,0.553846,2.53846,0.183783,-2.57733,0.5,0
-0.0596521,0.553846,2.56044,0.178722,-2.58361,0.5,0
-0.0647309,0.542125,2.53846,0.173486,-2.58256,0.5,0
-0.0700014,0.530403,2.53846,0.16825,-2.57838,0.5,0
-0.075176,0.530403,2.6044,0.163188,-2.57838,0.5,0
-0.0803506,0.524542,2.56044,0.157952,-2.58693,0.5,0
-0.0852377,0.536263,2.53846,0.152716,-2.58361,0.5,0
-0.0905082,0.542125,2.49451,0.147655,-2.59112,0.5,0
-0.0952039,0.547985,2.49451,0.142419,-2.59426,0.5,0
-0.100091,0.547985,2.47253,0.137183,-2.59757,0.5,0
-0.10517,0.542125,2.51648,0.131947,-2.59007,0.5,0
-0.110153,0.542125,2.51648,0.126711,-2.59216,0.5,0
-0.115423,0.530403,2.53846,0.121649,-2.59112,0.5,0
-0.120694,0.530403,2.56044,0.116414,-2.58902,0.5,0
-0.125772,0.536263,2.56044,0.111178,-2.59321,0.5,0
-0.131139,0.542125,2.56044,0.105942,-2.60386,0.5,0
-0.136218,0.542125,2.58242,0.100706,-2.60386,0.5,0
-0.141392,0.530403,2.56044,0.0954695,-2.60072,0.5,0
-0.146471,0.530403,2.58242,0.0902336,-2.59548,0.5,0
-0.151742,0.530403,2.58242,0.0849976,-2.60508,0.5,0
-0.156916,0.530403,2.6044,0.0799361,-2.60386,0.5,0
-0.162282,0.530403,2.62637,0.0747001,-2.60281,0.5,0
-0.167649,0.530403,2.6044,0.0694641,-2.61136,0.5,0
-0.173302,0.547985,2.62637,0.0642281,-2.61032,0.5,0
-0.178285,0.547985,2.6044,0.0589922,-2.61677,0.5,0
-0.183173,0.553846,2.58242,0.0537562,-2.61032,0.5,0
-0.18806,0.547985,2.51648,0.0485202,-2.61346,0.5,0
-0.19333,0.559707,2.56044,0.0431097,-2.6145,0.5,0
-0.198218,0.565568,2.51648,0.0378737,-2.61677,0,0
-0.203392,0.547985,2.53846,0.0326377,-2.61991,0,0
-0.208758,0.501099,2.56044,0.0274017,-2.61991,0,0
-0.213837,0.360439,2.49451,0.0221657,-2.63056,0,0
-0.218054,0.325274,2.47253,0.0169297,-2.63161,0,0
-0.222653,0.254945,2.36264,0.0115192,-2.62951,0,0
-0.226965,0.184615,2.31868,0.00628319,-2.61782,0,0
-0.231374,0.137729,2.25275,0.0010472,-2.61887,0,0
-0.235781,0.102564,2.25275,-0.00401426,-2.61136,0,0
-0.24019,0.0732603,2.25275,-0.00925025,-2.60613,0,0
-0.244694,0.0498171,2.20879,-0.0144862,-2.60072,0,0
-0.249868,0.0205126,2.25275,-0.0195477,-2.59548,0,0
-0.254084,0.0146523,2.27473,-0.0247837,-2.59216,0,0
-0.25878,0.00293064,2.31868,-0.0300197,-2.57942,0,0
-0.263571,-0.00293064,2.31868,-0.0350811,-2.57628,0,0
-0.268267,0.00293064,2.36264,-0.0403171,-2.56563,0,0
-0.273058,0.0146523,2.36264,-0.0453786,-2.55708,0,0
-0.277754,0.00293064,2.34066,-0.0506146,-2.54644,0,0
-0.282353,0.00293064,2.34066,-0.055676,-2.55272,0,0
-0.287336,-0.0146523,2.31868,-0.0607375,-2.54958,0,0
-0.292032,-0.0146523,2.34066,-0.0657989,-2.53474,0,0
-0.296919,-0.0146523,2.40659,-0.0708604,-2.52183,0,0
-0.30171,-0.0263739,2.40659,-0.0759219,-2.51764,0,0
-0.306885,-0.0322342,2.40659,-0.0809833,-2.5145,0,0
-0.311485,-0.0263739,2.45055,-0.0860448,-2.50909,0,0
-0.316468,-0.0205126,2.42857,-0.0911062,-2.50699,0,0
-0.321451,-0.0146523,2.45055,-0.0961677,-2.50158,0,0
-0.326721,-0.00879097,2.45055,-0.101055,-2.48675,0,0
-0.331225,-0.00293064,2.45055,-0.106116,-2.48465,0,0
-0.336208,0.00293064,2.42857,-0.111003,-2.48779,0,0
-0.341095,0.00293064,2.42857,-0.116064,-2.47296,0,0
-0.345886,0.0146523,2.42857,-0.120951,-2.46004,0,0
-0.350582,0.00879097,2.38462,-0.125838,-2.46336,0,0
-0.355182,0.0146523,2.38462,-0.130725,-2.45795,0,0
-0.359877,0.0146523,2.34066,-0.135787,-2.45376,0,0
-0.36486,0.00293064,2.34066,-0.140674,-2.44311,0,0
-0.369364,0.00293064,2.34066,-0.145561,-2.4398,0,0
-0.374059,-0.00879097,2.36264,-0.150447,-2.43666,0,0
-0.378755,-0.0146523,2.34066,-0.155334,-2.42706,0,0
-0.383354,-0.0146523,2.36264,-0.160221,-2.42496,0,0
-0.38805,-0.0205126,2.34066,-0.164934,-2.41746,0,0
-0.392937,-0.0146523,2.34066,-0.169821,-2.41641,0,0
-0.397633,-0.00879097,2.34066,-0.174708,-2.41222,0,0
-0.402807,-0.00293064,2.38462,-0.17942,-2.40472,0,0
-0.40712,0.00293064,2.38462,-0.184307,-2.39948,0,0
-0.411623,0.00879097,2.36264,-0.189019,-2.39093,0,0
-0.416415,0.0146523,2.31868,-0.193906,-2.39721,0,0
-0.421015,0.0205126,2.31868,-0.198793,-2.39093,0,0
-0.425518,0.0205126,2.2967,-0.203505,-2.37278,0,0
-0.430022,0.0146523,2.25275,-0.208218,-2.36737,0,0
-0.434622,0.0146523,2.25275,-0.21293,-2.36004,0,0
-0.439701,-0.00293064,2.27473,-0.217643,-2.35672,0,0
-0.443725,-0.00293064,2.27473,-0.222355,-2.34939,0,0
-0.448229,-0.00879097,2.25275,-0.227067,-2.34503,0,0
-0.452829,-0.0146523,2.27473,-0.23178,-2.34188,0,0
-0.457333,-0.0146523,2.27473,-0.236492,-2.33438,0,0
-0.462028,-0.0205126,2.2967,-0.241205,-2.32478,0,0
-0.466915,-0.0146523,2.2967,-0.245742,-2.31309,0,0
-0.471611,-0.0146523,2.34066,-0.250455,-2.31099,0,0
-0.476594,-0.00879097,2.34066,-0.254993,-2.30139,0,0
-0.481002,-0.00879097,2.36264,-0.259705,-2.2972,0,0
-0.485506,0.00879097,2.31868,-0.264243,-2.2972,0,0
-0.489914,0.0146523,2.2967,-0.268781,-2.29179,0,0
-0.494035,0.0263739,2.25275,-0.273493,-2.28865,0,0
-0.498442,0.0263739,2.18681,-0.278031,-2.28324,0,0
-0.50285,0.0205126,2.18681,-0.282569,-2.27364,0,0
-0.507546,0.00879097,2.20879,-0.287107,-2.26841,0,0
-0.512241,-0.0146523,2.23077,-0.291645,-2.26841,0,0
-0.516649,-0.0146523,2.25275,-0.296182,-2.27155,0,0
-0.521153,-0.0205126,2.27473,-0.30072,-2.2609,0,0
-0.525753,-0.0263739,2.27473,-0.305258,-2.2417,0,0
-0.530257,-0.0205126,2.25275,-0.309796,-2.2342,0,0
-0.534761,-0.00879097,2.25275,-0.314159,-2.23961,0,0
-0.539264,-0.0146523,2.25275,-0.318697,-2.2342,0,0
-0.543481,-0.00879097,2.18681,-0.323061,-2.22477,0,0
-0.548464,-0.00879097,2.25275,-0.327598,-2.21831,0,0
-0.552776,-0.00293064,2.25275,-0.331962,-2.20662,0,0
-0.556897,0.00293064,2.23077,-0.3365,-2.20121,0,0
-0.561305,0.00879097,2.18681,-0.340863,-2.19702,0,0
-0.565617,0.0146523,2.20879,-0.345226,-2.19807,0,0
-0.570216,0.0205126,2.16484,-0.34959,-2.19702,0,0
-0.574433,0.0146523,2.16484,-0.353953,-2.18323,0,0
-0.578553,0.0146523,2.14286,-0.358316,-2.16508,0,0
-0.582961,0.00293064,2.12088,-0.36268,-2.17363,0,0
-0.587178,-0.00293064,2.18681,-0.367043,-2.17032,0,0
-0.591394,-0.0146523,2.14286,-0.371406,-2.16403,0,0
-0.59609,-0.0205126,2.18681,-0.37577,-2.15862,0,0
-0.600402,-0.0263739,2.18681,-0.380133,-2.15007,0,0
-0.604618,-0.0146523,2.16484,-0.384322,-2.14047,0,0
-0.608931,-0.00879097,2.14286,-0.388685,-2.13733,0,0
-0.613147,-0.0146523,2.16484,-0.392874,-2.13087,0,0
-0.617938,-0.00293064,2.12088,-0.397237,-2.12145,0,0
-0.62158,-0.00293064,2.0989,-0.401426,-2.11499,0,0
-0.6257,-0.00293064,2.12088,-0.405615,-2.11499,0,0
-0.629821,0.00879097,2.0989,-0.409803,-2.11185,0,0
-0.634133,0.00879097,2.0989,-0.414167,-2.1129,0,0
-0.638253,0.00293064,2.07692,-0.418356,-2.10434,0,0
-0.64247,0.00879097,2.07692,-0.422544,-2.09265,0,0
-0.646782,0.0146523,2.07692,-0.426733,-2.0916,0,0
-0.65119,0.00879097,2.07692,-0.430922,-2.09056,0,0
-0.655119,0.00879097,2.05495,-0.435111,-2.07869,0,0
-0.659431,-0.00293064,2.07692,-0.4393,-2.07345,0,0
-0.663456,-0.00879097,2.0989,-0.443314,-2.06281,0,0
-0.667864,-0.0146523,2.0989,-0.447503,-2.06385,0,0
-0.671889,-0.0205126,2.07692,-0.451691,-2.06595,0,0
-0.676009,-0.0205126,2.0989,-0.455706,-2.0553,0,0
-0.680225,-0.0146523,2.07692,-0.459894,-2.05216,0,0
-0.684729,-0.0146523,2.0989,-0.463909,-2.03942,0,0
-0.688562,-0.0146523,2.05495,-0.468098,-2.02546,0,0
-0.692587,-0.00879097,2.03297,-0.472112,-2.02755,0,0
-0.696708,-0.00293064,2.03297,-0.476126,-2.02336,0,0
-0.700732,-0.00293064,2.0989,-0.48014,-2.02755,0,0
-0.704661,0.00879097,2.01099,-0.484329,-2.02022,0,0
-0.708782,0.00879097,1.98901,-0.488343,-2.00207,0,0
-0.712519,0.00879097,1.96703,-0.492358,-1.99352,0,0
-0.716448,0.0205126,1.92308,-0.496372,-2.00626,0,0
-0.720185,0.0205126,1.9011,-0.500386,-1.99997,0,0
-0.724114,0.00879097,1.94505,-0.504226,-1.99037,0,0
-0.728235,0.00293064,1.96703,-0.50824,-1.99561,0,0
-0.732068,-0.00293064,1.96703,-0.512254,-1.98496,0,0
-0.735997,-0.00879097,1.98901,-0.516269,-1.97536,0,0
-0.740309,-0.0146523,2.01099,-0.520283,-1.97222,0,0
-0.744334,-0.0205126,2.01099,-0.524123,-1.96908,0,0
-0.748454,-0.0205126,1.98901,-0.528137,-1.95512,0,0
-0.752191,-0.0205126,1.96703,-0.531977,-1.94988,0,0
-0.756024,-0.00879097,1.94505,-0.535816,-1.94674,0,0
-0.759953,-0.0146523,1.96703,-0.539831,-1.94779,0,0
-0.763787,-0.0146523,1.94505,-0.54367,-1.92859,0,0
-0.767907,-0.00879097,1.94505,-0.54751,-1.92423,0,0
-0.771836,-0.00293064,1.96703,-0.55135,-1.93487,0,0
-0.775765,-0.00293064,1.96703,-0.555189,-1.92527,0,0
-0.780173,0.00293064,1.94505,-0.559029,-1.92004,0,0
-0.783527,0.00879097,1.94505,-0.562869,-1.91044,0,0
-0.78736,0.0146523,1.92308,-0.566709,-1.90625,0,0
-0.791001,0.0146523,1.87912,-0.570548,-1.8977,0,0
-0.794547,0.0146523,1.9011,-0.574388,-1.89229,0,0
-0.79838,0.0146523,1.83516,-0.578053,-1.89229,0,0
-0.801925,0.0146523,1.83516,-0.581893,-1.89229,0,0
-0.805471,0.00879097,1.83516,-0.585733,-1.88373,0,0
-0.809687,-0.00293064,1.85714,-0.589398,-1.8764,0,0
-0.813329,-0.0146523,1.87912,-0.593238,-1.86785,0,0
-0.817258,-0.0146523,1.87912,-0.596903,-1.8593,0,0
-0.820899,-0.0205126,1.87912,-0.600568,-1.8518,0,0
-0.82502,-0.0263739,1.9011,-0.604408,-1.85406,0,0
-0.828661,-0.0205126,1.92308,-0.608073,-1.8518,0,0
-0.832206,-0.00879097,1.85714,-0.611738,-1.83801,0,0
-0.835944,-0.00293064,1.85714,-0.615403,-1.82422,0,0
-0.839969,-0.00293064,1.85714,-0.619069,-1.82841,0,0
-0.843418,-0.00293064,1.85714,-0.622734,-1.8305,0,0
-0.847251,-0.00293064,1.87912,-0.626399,-1.81986,0,0
-0.850989,-0.00293064,1.87912,-0.630064,-1.81671,0,0
-0.854918,0.00293064,1.85714,-0.633729,-1.81986,0,0
-0.858463,0.00879097,1.87912,-0.637395,-1.80711,0,0
-0.862296,0.00879097,1.87912,-0.640885,-1.80711,0,0
-0.865842,0.0146523,1.85714,-0.64455,-1.79752,0,0
-0.869771,0.0205126,1.81319,-0.648041,-1.78896,0,0
-0.87322,0.0205126,1.83516,-0.651706,-1.78687,0,0
-0.876862,0.00879097,1.79121,-0.655371,-1.79001,0,0
-0.880408,0.00879097,1.83516,-0.658862,-1.77622,0,0
-0.883857,0.00293064,1.81319,-0.662353,-1.76976,0,0
-0.887594,-0.00293064,1.79121,-0.666018,-1.76348,0,0
-0.89114,-0.0146523,1.79121,-0.669509,-1.76976,0,0
-0.894877,-0.0146523,1.81319,-0.672999,-1.75912,0,0
-0.898902,-0.0205126,1.83516,-0.67649,-1.75057,0,0
-0.902352,-0.0205126,1.83516,-0.679981,-1.74324,0,0
-0.906089,-0.0205126,1.85714,-0.683471,-1.74219,0,0
-0.909827,-0.0146523,1.85714,-0.686962,-1.74847,0,0
-0.913276,-0.00879097,1.81319,-0.690453,-1.73049,0,0
-0.916918,-0.00879097,1.79121,-0.693943,-1.72927,0,0
-0.920271,-0.00293064,1.76923,-0.697434,-1.72404,0,0
-0.923721,0.00293064,1.72527,-0.70075,-1.71653,0,0
-0.927458,0.00879097,1.72527,-0.704241,-1.72299,0,0
-0.930429,0.0146523,1.68132,-0.707731,-1.71548,0,0
-0.933783,0.0146523,1.68132,-0.711222,-1.70379,0,0
-0.937136,0.0146523,1.68132,-0.714538,-1.69733,0,0
-0.940299,0.00879097,1.68132,-0.717854,-1.6921,0,0
-0.943845,0.00293064,1.65934,-0.721345,-1.69314,0,0
-0.947007,0.00293064,1.65934,-0.724661,-1.69419,0,0
-0.950457,0.00879097,1.68132,-0.728152,-1.68145,0,0
-0.954002,0.00293064,1.68132,-0.731468,-1.67499,0,0
-0.956973,0.00293064,1.68132,-0.734784,-1.67395,0,0
-0.960519,-0.00293064,1.65934,-0.7381,-1.6729,0,0
-0.963776,-0.00879097,1.65934,-0.741416,-1.65911,0,0
-0.96713,-0.0146523,1.68132,-0.744732,-1.65789,0,0
-0.970484,-0.0146523,1.68132,-0.748048,-1.64724,0,0
-0.973647,-0.0146523,1.61538,-0.751365,-1.64096,0,0
-0.977097,-0.0146523,1.61538,-0.754681,-1.64096,0,0
-0.980355,-0.0146523,1.61538,-0.757997,-1.63991,0,0
-0.983421,-0.00879097,1.61538,-0.761138,-1.62176,0,0
-0.986679,-0.0146523,1.61538,-0.764455,-1.61757,0,0
-0.990129,-0.0146523,1.63736,-0.767771,-1.62071,0,0
-0.993483,-0.0146523,1.63736,-0.770912,-1.6153,0,0
-0.996741,-0.00879097,1.65934,-0.774228,-1.60693,0,0
-0.999999,-0.00293064,1.61538,-0.77737,-1.60151,0,0
-1.00335,-0.00293064,1.63736,-0.780512,-1.5961,0,0
-1.00671,0.00879097,1.61538,-0.783828,-1.59192,0,0
-1.00977,0.0146523,1.59341,-0.786969,-1.59401,0,0
-1.01274,0.0205126,1.59341,-0.790111,-1.58441,0,0
-1.01571,0.0146523,1.54945,-0.793252,-1.58546,0,0
-1.01869,0.0146523,1.54945,-0.796569,-1.58336,0,0
-1.02185,0.00879097,1.52747,-0.79971,-1.58022,0,0
-1.02501,0.00293064,1.57143,-0.802852,-1.56521,0,0
-1.02808,-0.00293064,1.50549,-0.805993,-1.56207,0,0
-1.03143,-0.0146523,1.54945,-0.80896,-1.55352,0,0
-1.0345,-0.0146523,1.54945,-0.812102,-1.54392,0,0
-1.03775,-0.0146523,1.57143,-0.815244,-1.54933,0,0
-1.04082,-0.0205126,1.59341,-0.818385,-1.54392,0,0
-1.04379,-0.0146523,1.52747,-0.821352,-1.53432,0,0
-1.04695,-0.00879097,1.57143,-0.824494,-1.53973,0,0
-1.04992,-0.0146523,1.52747,-0.827635,-1.53659,0,0
-1.05299,-0.00879097,1.52747,-0.830603,-1.52263,0,0
-1.05615,-0.00293064,1.48352,-0.833744,-1.51739,0,0
-1.05874,-0.00293064,1.48352,-0.836711,-1.52367,0,0
-1.06181,-0.00879097,1.48352,-0.839678,-1.51425,0,0
-1.06497,-0.0146523,1.48352,-0.84282,-1.50674,0,0
-1.06765,-0.00879097,1.50549,-0.845787,-1.50133,0,0
-1.07101,-0.00293064,1.48352,-0.848754,-1.50133,0,0
-1.07388,-0.00293064,1.52747,-0.851721,-1.49505,0,0
-1.07685,0.00293064,1.48352,-0.854688,-1.48109,0,0
-1.07992,0.00293064,1.46154,-0.857655,-1.4748,0,0
-1.08279,0.00293064,1.48352,-0.860622,-1.48859,0,0
-1.08576,0.00293064,1.48352,-0.863589,-1.48213,0,0
-1.08854,0.00879097,1.43956,-0.866556,-1.47254,0,0
-1.09123,0.00879097,1.43956,-0.869523,-1.46189,0,0
-1.094,0.0146523,1.41758,-0.87249,-1.46311,0,0
-1.09707,0.0146523,1.43956,-0.875458,-1.4577,0,0
-1.09985,0.00879097,1.41758,-0.87825,-1.46189,0,0
-1.10282,-0.00293064,1.41758,-0.881217,-1.44391,0,0
-1.10541,-0.00293064,1.37363,-0.884184,-1.4406,0,0
-1.10838,-0.0146523,1.43956,-0.886977,-1.43955,0,0
-1.11116,-0.0146523,1.43956,-0.889769,-1.43431,0,0
-1.11403,-0.0146523,1.41758,-0.892736,-1.42681,0,0
-1.117,-0.0146523,1.3956,-0.895529,-1.41302,0,0
-1.11997,-0.0205126,1.46154,-0.898321,-1.41407,0,0
-1.12275,-0.0146523,1.3956,-0.901288,-1.41302,0,0
-1.12572,-0.0146523,1.41758,-0.904081,-1.40656,0,0
-1.12831,-0.00879097,1.41758,-0.906873,-1.40133,0,0
-1.1309,-0.0146523,1.37363,-0.909666,-1.39068,0,0
-1.13377,-0.0146523,1.37363,-0.912458,-1.39173,0,0
-1.13665,-0.0146523,1.3956,-0.915251,-1.39068,0,0
-1.13943,-0.0146523,1.3956,-0.918044,-1.38213,0,0
-1.14211,-0.00879097,1.3956,-0.920662,-1.38317,0,0
-1.14479,-0.00293064,1.35165,-0.923454,-1.37567,0,0
-1.14767,0.00293064,1.35165,-0.926247,-1.37462,0,0
-1.15016,0.00293064,1.32967,-0.929039,-1.37148,0,0
-1.15275,0.00293064,1.35165,-0.931657,-1.35856,0,0
-1.15553,0.00879097,1.30769,-0.93445,-1.36188,0,0
-1.15811,0.0146523,1.32967,-0.937242,-1.35647,0,0
-1.16099,0.0146523,1.32967,-0.93986,-1.34687,0,0
-1.16358,0.00879097,1.30769,-0.942478,-1.34373,0,0
-1.16616,0.00879097,1.32967,-0.945271,-1.33727,0,0
-1.16923,0.00293064,1.32967,-0.947889,-1.34268,0,0
-1.17143,0.00879097,1.30769,-0.950681,-1.34059,0,0
-1.17402,0.00879097,1.30769,-0.953299,-1.32244,0,0
-1.17661,0.00293064,1.30769,-0.955917,-1.31929,0,0
-1.17919,-0.00293064,1.30769,-0.958535,-1.31179,0,0
-1.18197,-0.00293064,1.30769,-0.961153,-1.30743,0,0
-1.18437,-0.00293064,1.28571,-0.963771,-1.30743,0,0
-1.18715,-0.00293064,1.28571,-0.966389,-1.30638,0,0
-1.18974,-0.00879097,1.28571,-0.969007,-1.29154,0,0
-1.19213,-0.0146523,1.26374,-0.971625,-1.28299,0,0
-1.19481,-0.0205126,1.28571,-0.974069,-1.28613,0,0
-1.1974,-0.0146523,1.28571,-0.976687,-1.27549,0,0
-1.19989,-0.00879097,1.28571,-0.979305,-1.27235,0,0
-1.20239,-0.00293064,1.26374,-0.981748,-1.26379,0,0
-1.20488,0.00293064,1.26374,-0.984366,-1.25856,0,0
-1.20737,-0.00879097,1.24176,-0.98681,-1.26065,0,0
-1.21005,-0.00879097,1.24176,-0.989253,-1.25419,0,0
-1.21235,-0.00293064,1.26374,-0.991871,-1.24791,0,0
-1.21484,-0.00293064,1.24176,-0.994314,-1.24686,0,0
-1.21724,-0.00293064,1.24176,-0.996758,-1.24686,0,0
-1.21983,-0.00293064,1.26374,-0.999376,-1.24041,0,0
-1.22232,0.00293064,1.1978,-1.00182,-1.23081,0,0
-1.22471,0.00293064,1.24176,-1.00426,-1.23395,0,0
-1.2273,0.00293064,1.21978,-1.00671,-1.22435,0,0
-1.2296,0.00879097,1.17582,-1.00915,-1.21911,0,0
-1.23171,0.00879097,1.17582,-1.01159,-1.22016,0,0
-1.23401,0.00879097,1.13187,-1.01404,-1.22435,0,0
-1.2364,0.00879097,1.1978,-1.01648,-1.21266,0,0
-1.2387,0.00879097,1.15385,-1.01892,-1.20201,0,0
-1.241,0.0146523,1.15385,-1.02119,-1.19677,0,0
-1.24321,0.0146523,1.13187,-1.02364,-1.20201,0,0
-1.2456,-0.00293064,1.13187,-1.02608,-1.1945,0,0
-1.24809,-0.00879097,1.15385,-1.02852,-1.19136,0,0
-1.25039,-0.0146523,1.17582,-1.03079,-1.18281,0,0
-1.25279,-0.0146523,1.1978,-1.03324,-1.17862,0,0
-1.25519,-0.00879097,1.1978,-1.0355,-1.17007,0,0
-1.25739,-0.00879097,1.15385,-1.03777,-1.16361,0,0
-1.25979,-0.00879097,1.15385,-1.04022,-1.15942,0,0
-1.26218,-0.00879097,1.15385,-1.04249,-1.16361,0,0
-1.26458,-0.00879097,1.17582,-1.04475,-1.15733,0,0
-1.26716,-0.0146523,1.15385,-1.0472,-1.14127,0,0
-1.26927,-0.0146523,1.13187,-1.04947,-1.13604,0,0
-1.27138,-0.00879097,1.13187,-1.05174,-1.13918,0,0
-1.27349,-0.00879097,1.10989,-1.054,-1.14773,0,0
-1.27569,-0.00879097,1.08791,-1.05627,-1.13499,0,0
-1.2779,-0.00293064,1.10989,-1.05854,-1.12644,0,0
-1.2802,-0.00879097,1.08791,-1.06081,-1.13272,0,0
-1.2824,-0.00879097,1.10989,-1.06308,-1.12329,0,0
-1.28489,-0.00879097,1.13187,-1.06517,-1.1041,0,0
-1.287,-0.00879097,1.10989,-1.06744,-1.10514,0,0
-1.2893,-0.00879097,1.10989,-1.06971,-1.11474,0,0
-1.2917,-0.00293064,1.15385,-1.07198,-1.10724,0,0
-1.2939,-0.00293064,1.13187,-1.07408,-1.0945,0,0
-1.29591,0.00293064,1.08791,-1.07634,-1.08594,0,0
-1.29821,0.00293064,1.04396,-1.07844,-1.09973,0,0
-1.30013,0.00879097,1.06593,-1.08071,-1.08909,0,0
-1.30224,0.0146523,1.04396,-1.0828,-1.0828,0,0
-1.30425,0.00879097,1.02198,-1.0849,-1.07425,0,0
-1.30636,0.00293064,1.04396,-1.08717,-1.07425,0,0
-1.30846,0.00293064,1.04396,-1.08926,-1.07425,0,0
-1.31057,0.00879097,1.08791,-1.09135,-1.06151,0,0
-1.31239,0.00879097,1,-1.09345,-1.06151,0,0
-1.3146,0.0146523,1.02198,-1.09572,-1.06256,0,0
-1.31661,0.0146523,1,-1.09781,-1.05296,0,0
-1.31853,-0.00293064,1,-1.09991,-1.0465,0,0
-1.32044,-0.00879097,1,-1.102,-1.04755,0,0
-1.32265,-0.00879097,1.02198,-1.1041,-1.03795,0,0
-1.32456,-0.00879097,1.02198,-1.10602,-1.0294,0,0
-1.32677,-0.00293064,1,-1.10811,-1.02835,0,0
-1.32868,-0.00293064,1,-1.1102,-1.01665,0,0
-1.33079,-0.00293064,1,-1.1123,-1.01456,0,0
-1.33261,-0.00293064,1,-1.11422,-1.00287,0,0
-1.33491,-0.00879097,1,-1.11631,-0.994314,0,0
-1.33664,-0.00879097,1,-1.11823,-1.00077,0,0
-1.33894,-0.00879097,1,-1.12033,-1.00391,0,0
-1.34076,-0.00879097,1,-1.12225,-0.988904,0,0
-1.34277,-0.00879097,1,-1.12417,-0.987857,0,0
-1.34459,-0.00879097,0.978024,-1.12609,-0.979479,0,0
-1.3466,-0.00879097,0.956043,-1.12818,-0.971974,0,0
-1.34852,-0.0146523,0.978024,-1.1301,-0.973021,0,0
-1.35092,-0.0146523,0.978024,-1.13202,-0.968833,0,0
-1.35245,-0.00879097,0.978024,-1.13394,-0.968833,0,0
-1.35427,-0.00879097,0.956043,-1.13586,-0.959233,0,0
-1.35638,-0.00879097,0.956043,-1.13778,-0.956964,0,0
-1.3581,-0.00293064,0.934067,-1.1397,-0.961328,0,0
-1.35973,-0.00293064,0.912086,-1.14162,-0.95487,0,0
-1.36174,-0.00879097,0.934067,-1.14354,-0.943176,0,0
-1.36366,-0.00879097,0.89011,-1.14546,-0.945271,0,0
-1.36577,-0.00293064,0.956043,-1.14721,-0.934624,0,0
-1.36759,-0.00293064,0.956043,-1.14913,-0.927119,0,0
-1.36931,-0.00293064,0.912086,-1.15105,-0.929388,0,0
-1.37104,0.00293064,0.912086,-1.15279,-0.929388,0,0
-1.37267,0.00293064,0.89011,-1.15471,-0.916473,0,0
-1.37439,0.00293064,0.868134,-1.15646,-0.919789,0,0
-1.37631,0.00293064,0.89011,-1.15838,-0.919789,0,0
-1.37832,-0.00293064,0.912086,-1.16012,-0.91019,0,0
-1.38014,0.00293064,0.89011,-1.16204,-0.91019,0,0
-1.38196,0.00879097,0.912086,-1.16379,-0.902685,0,0
-1.38379,0.00879097,0.89011,-1.16553,-0.893085,0,0
-1.38522,0.00879097,0.868134,-1.16745,-0.889944,0,0
-1.38685,0.00293064,0.846153,-1.1692,-0.894133,0,0
-1.38848,0.00879097,0.824177,-1.17094,-0.889944,0,0
-1.3904,0.00879097,0.868134,-1.17269,-0.877203,0,0
-1.39212,-0.00293064,0.846153,-1.17443,-0.870745,0,0
-1.39404,-0.00879097,0.868134,-1.17618,-0.874934,0,0
-1.39567,-0.00879097,0.846153,-1.17792,-0.866556,0,0
-1.39739,-0.00879097,0.868134,-1.17967,-0.86324,0,0
-1.39902,-0.00293064,0.824177,-1.18141,-0.861146,0,0
-1.40075,0.00293064,0.824177,-1.18316,-0.859051,0,0
-1.40218,0.00879097,0.824177,-1.1849,-0.845089,0,0
-1.40381,0.00293064,0.802197,-1.18648,-0.842994,0,0
-1.40563,-0.00293064,0.824177,-1.18822,-0.845089,0,0
-1.40745,-0.0146523,0.846153,-1.18997,-0.839853,0,0
-1.40899,-0.0146523,0.824177,-1.19154,-0.829206,0,0
-1.41081,-0.0205126,0.824177,-1.19328,-0.833395,0,0
-1.41225,-0.0146523,0.868134,-1.19485,-0.828159,0,0
-1.41407,-0.00879097,0.824177,-1.1966,-0.81856,0,0
-1.4157,-0.00293064,0.802197,-1.19817,-0.817513,0,0
-1.41723,-0.00293064,0.802197,-1.19974,-0.815418,0,0
-1.41857,-0.00879097,0.78022,-1.20149,-0.804772,0,0
-1.42068,-0.0146523,0.824177,-1.20306,-0.800408,0,0
-1.42202,-0.0146523,0.824177,-1.20463,-0.797267,0,0
-1.42355,-0.0146523,0.78022,-1.2062,-0.80355,0,0
-1.42518,-0.00879097,0.78022,-1.20777,-0.799361,0,0
-1.42672,-0.00293064,0.802197,-1.20934,-0.794125,0,0
-1.42815,-0.00293064,0.736263,-1.21091,-0.785573,0,0
-1.42959,-0.00293064,0.758244,-1.21248,-0.782257,0,0
-1.43131,-0.00293064,0.78022,-1.21405,-0.772658,0,0
-1.43294,-0.00879097,0.758244,-1.21562,-0.769516,0,0
-1.43429,-0.0146523,0.78022,-1.21719,-0.762011,0,0
-1.43601,-0.00293064,0.78022,-1.21859,-0.758869,0,0
-1.43764,-0.00293064,0.802197,-1.22016,-0.757822,0,0
-1.43908,-0.00293064,0.802197,-1.22173,-0.751365,0,0
-1.4408,0.00293064,0.78022,-1.22313,-0.754681,0,0
-1.44214,0.00293064,0.736263,-1.2247,-0.745081,0,0
-1.44339,0.00879097,0.736263,-1.22627,-0.742987,0,0
-1.44502,0.00879097,0.714287,-1.22767,-0.746129,0,0
-1.44617,0.00879097,0.714287,-1.22924,-0.753633,0,0
-1.44751,0.00879097,0.67033,-1.23063,-0.742987,0,0
-1.44895,0.00293064,0.67033,-1.2322,-0.725883,0,0
-1.45048,-0.00293064,0.67033,-1.2336,-0.730072,0,0
-1.45211,-0.00293064,0.758244,-1.235,-0.721519,0,0
-1.45355,-0.00293064,0.758244,-1.23639,-0.713142,0,0
-1.45498,0.00293064,0.714287,-1.23796,-0.712095,0,0
-1.45623,0.00879097,0.67033,-1.23936,-0.707731,0,0
-1.45748,0.00879097,0.64835,-1.24075,-0.709826,0,0
-1.45853,0.0146523,0.626373,-1.24215,-0.696038,0,0
-1.45997,0.00879097,0.626373,-1.24355,-0.698132,0,0
-1.46131,0.00293064,0.626373,-1.24494,-0.697085,0,0
-1.46265,-0.00293064,0.64835,-1.24634,-0.684344,0,0
-1.46428,-0.00879097,0.692307,-1.24774,-0.683297,0,0
-1.46562,-0.00293064,0.714287,-1.24896,-0.683297,0,0
-1.46696,0.00293064,0.67033,-1.25035,-0.675792,0,0
-1.4684,-0.00293064,0.714287,-1.25175,-0.669334,0,0
-1.46965,-0.00293064,0.67033,-1.25297,-0.653452,0,0
-1.4706,-0.00293064,0.64835,-1.25437,-0.653452,0,0
-1.47185,-0.00293064,0.626373,-1.25559,-0.65764,0,0
-1.47319,-0.00293064,0.604397,-1.25699,-0.651357,0,0
-1.47444,-0.00293064,0.64835,-1.25821,-0.636347,0,0
-1.47597,-0.00293064,0.64835,-1.25943,-0.636347,0,0
-1.47741,-0.00293064,0.64835,-1.26083,-0.6353,0,0
-1.47837,-0.00293064,0.626373,-1.26205,-0.633206,0,0
-1.47971,-0.00293064,0.626373,-1.26327,-0.624654,0,0
-1.48095,-0.00293064,0.604397,-1.26449,-0.618196,0,0
-1.48229,-0.00293064,0.626373,-1.26571,-0.614007,0,0
-1.48335,-0.00293064,0.626373,-1.26693,-0.615054,0,0
-1.48469,0.00293064,0.604397,-1.26816,-0.608771,0,0
-1.48565,-0.00293064,0.582417,-1.26938,-0.608771,0,0
-1.4868,-0.00293064,0.53846,-1.2706,-0.610865,0,0
-1.48804,-0.00293064,0.56044,-1.27182,-0.594809,0,0
-1.48919,-0.00293064,0.604397,-1.27304,-0.592714,0,0
-1.49034,-0.00293064,0.56044,-1.27427,-0.599172,0,0
-1.49169,-0.00879097,0.582417,-1.27549,-0.591667,0,0
-1.49284,-0.00879097,0.56044,-1.27653,-0.577879,0,0
-1.49418,-0.0146523,0.604397,-1.27776,-0.576657,0,0
-1.49523,-0.00879097,0.582417,-1.2788,-0.571421,0,0
-1.49638,-0.00879097,0.56044,-1.28003,-0.57561,0,0
-1.49763,-0.00293064,0.56044,-1.28107,-0.563916,0,0
-1.49849,-0.00293064,0.56044,-1.28229,-0.557633,0,0
-1.49954,-0.00293064,0.516483,-1.28334,-0.564963,0,0
-1.5005,0.00293064,0.516483,-1.28456,-0.564963,0,0
-1.50156,0.00293064,0.53846,-1.28561,-0.55868,0,0
-1.50242,-0.00293064,0.494507,-1.28683,-0.548034,0,0
-1.50376,-0.00879097,0.494507,-1.28788,-0.541576,0,0
-1.5052,-0.0146523,0.604397,-1.28893,-0.542623,0,0
-1.50635,-0.0146523,0.56044,-1.28997,-0.539482,0,0
-1.50731,-0.00879097,0.582417,-1.29102,-0.531977,0,0
-1.50855,-0.00879097,0.56044,-1.29207,-0.530929,0,0
-1.50951,0.00293064,0.582417,-1.29311,-0.524472,0,0
-1.51056,0.00293064,0.516483,-1.29416,-0.526741,0,0
-1.51152,0.00293064,0.53846,-1.29521,-0.525519,0,0
-1.51248,0.00879097,0.494507,-1.29626,-0.516094,0,0
-1.51353,0.00879097,0.494507,-1.2973,-0.513825,0,0
-1.51421,0.00293064,0.472527,-1.29835,-0.514872,0,0
-1.51516,-0.00293064,0.42857,-1.2994,-0.509636,0,0
-1.51641,-0.00879097,0.472527,-1.30045,-0.511731,0,0
-1.51746,-0.00879097,0.472527,-1.30149,-0.500037,0,0
-1.51842,-0.0146523,0.494507,-1.30237,-0.490438,0,0
-1.51938,-0.00879097,0.494507,-1.30341,-0.489391,0,0
-1.52043,-0.00293064,0.516483,-1.30429,-0.490438,0,0
-1.52139,0.00293064,0.45055,-1.30533,-0.492532,0,0
-1.52235,0.00293064,0.472527,-1.30638,-0.485202,0,0
-1.52312,-0.00293064,0.472527,-1.30725,-0.478744,0,0
-1.52436,-0.00293064,0.472527,-1.3083,-0.479791,0,0
-1.52532,-0.00293064,0.494507,-1.30917,-0.479791,0,0
-1.52609,0.00293064,0.472527,-1.31022,-0.464956,0,0
-1.52714,0.00293064,0.45055,-1.31109,-0.468098,0,0
-1.52781,0.00293064,0.42857,-1.31196,-0.472286,0,0
-1.52858,0.00293064,0.406593,-1.31301,-0.466003,0,0
-1.52954,0.00293064,0.42857,-1.31388,-0.449946,0,0
-1.5304,0.00293064,0.42857,-1.31476,-0.446804,0,0
-1.53107,0.00293064,0.406593,-1.31563,-0.454309,0,0
-1.53203,0.00879097,0.406593,-1.3165,-0.442441,0,0
-1.5328,0.00293064,0.406593,-1.31738,-0.434064,0,0
-1.53375,-0.00293064,0.362637,-1.31825,-0.432842,0,0
-1.53452,-0.00879097,0.384617,-1.31912,-0.424464,0,0
-1.53529,-0.00879097,0.362637,-1.31999,-0.427606,0,0
-1.53644,-0.0146523,0.406593,-1.32087,-0.422195,0,0
-1.5373,-0.00879097,0.42857,-1.32174,-0.413818,0,0
-1.53807,-0.00879097,0.472527,-1.32244,-0.411549,0,0
-1.53883,-0.00293064,0.406593,-1.32331,-0.406313,0,0
-1.5395,0.00293064,0.384617,-1.32401,-0.393572,0,0
-1.54037,0.00293064,0.384617,-1.32488,-0.392525,0,0
-1.54084,0.00879097,0.34066,-1.32558,-0.388161,0,0
-1.54171,0.00879097,0.362637,-1.32645,-0.393572,0,0
-1.54257,0.00293064,0.406593,-1.32715,-0.391303,0,0
-1.54305,0.00293064,0.34066,-1.32802,-0.380656,0,0
-1.54382,0.00293064,0.34066,-1.32872,-0.371057,0,0
-1.54468,0.00293064,0.362637,-1.32942,-0.360411,0,0
-1.54516,-0.00879097,0.31868,-1.33012,-0.36268,0,0
-1.54602,-0.00879097,0.34066,-1.33081,-0.352033,0,0
-1.54669,-0.00293064,0.362637,-1.33151,-0.335976,0,0
-1.54755,-0.00879097,0.362637,-1.33221,-0.359363,0,0
-1.54851,-0.00879097,0.362637,-1.33291,-0.346623,0,0
-1.54928,-0.0146523,0.384617,-1.33361,-0.335976,0,0
-1.55004,-0.00879097,0.406593,-1.3343,-0.337023,0,0
-1.55052,0.00293064,0.384617,-1.335,-0.322188,0,0
-1.5511,0.00293064,0.296703,-1.33553,-0.32533,0,0
-1.55148,0.00879097,0.296703,-1.33622,-0.328471,0,0
-1.55215,0.00293064,0.296703,-1.33692,-0.323235,0,0
-1.55282,0.00293064,0.274727,-1.33762,-0.317825,0,0
-1.5534,-0.00293064,0.296703,-1.33814,-0.304036,0,0
-1.55407,-0.00293064,0.31868,-1.33884,-0.299673,0,0
-1.55474,-0.00879097,0.296703,-1.33937,-0.294437,0,0
-1.55522,-0.00879097,0.296703,-1.33989,-0.304036,0,0
-1.55589,-0.00879097,0.296703,-1.34059,-0.292343,0,0
-1.55627,-0.00293064,0.252747,-1.34111,-0.282743,0,0
-1.55666,-0.00293064,0.252747,-1.34164,-0.281696,0,0
-1.55723,-0.00879097,0.252747,-1.34216,-0.272097,0,0
-1.55781,-0.00879097,0.252747,-1.34268,-0.27105,0,0
-1.55838,-0.00879097,0.252747,-1.34321,-0.265639,0,0
-1.55886,-0.0146523,0.296703,-1.34373,-0.254993,0,0
-1.55972,-0.0146523,0.296703,-1.34425,-0.257087,0,0
-1.5602,-0.00879097,0.296703,-1.34478,-0.25604,0,0
-1.56078,-0.00879097,0.296703,-1.3453,-0.260403,0,0
-1.56154,-0.00293064,0.296703,-1.34582,-0.246441,0,0
-1.56193,0.00293064,0.252747,-1.34635,-0.241205,0,0
-1.56221,0.00293064,0.252747,-1.34687,-0.243299,0,0
-1.56269,0.00293064,0.20879,-1.34722,-0.241205,0,0
-1.56298,0.00293064,0.20879,-1.34774,-0.2337,0,0
-1.56346,-0.00293064,0.186813,-1.34827,-0.235794,0,0
-1.56384,-0.00879097,0.186813,-1.34862,-0.227242,0,0
-1.56413,-0.00879097,0.20879,-1.34914,-0.211359,0,0
-1.5648,-0.00879097,0.186813,-1.34949,-0.208218,0,0
-1.56528,-0.0146523,0.23077,-1.35001,-0.208218,0,0
-1.56576,-0.0146523,0.23077,-1.35036,-0.214501,0,0
-1.56624,-0.0146523,0.252747,-1.35071,-0.208218,0,0
-1.56653,-0.00879097,0.20879,-1.35123,-0.200713,0,0
-1.5672,-0.00879097,0.20879,-1.35158,-0.200713,0,0
-1.56739,-0.00293064,0.20879,-1.35193,-0.199666,0,0
-1.56777,0.00293064,0.186813,-1.35246,-0.190066,0,0
-1.56787,0.00293064,0.164837,-1.35281,-0.185703,0,0
-1.56816,0.00293064,0.142857,-1.35315,-0.187972,0,0
-1.56854,0.00293064,0.12088,-1.3535,-0.17942,0,0
-1.56883,-0.00293064,0.164837,-1.35385,-0.171915,0,0
-1.56921,-0.00879097,0.142857,-1.3542,-0.160221,0,0
-1.5694,-0.0146523,0.142857,-1.35455,-0.167726,0,0
-1.56988,-0.00879097,0.142857,-1.3549,-0.168773,0,0
-1.57007,-0.00879097,0.164837,-1.35507,-0.158127,0,0
-1.57046,-0.00879097,0.164837,-1.35542,-0.148528,0,0
-1.57084,-0.0146523,0.142857,-1.35577,-0.145211,0,0
-1.57103,-0.00879097,0.142857,-1.35595,-0.14748,0,0
-1.57141,-0.00879097,0.142857,-1.3563,-0.137881,0,0
-1.57161,-0.00879097,0.12088,-1.35647,-0.132471,0,0
-1.5717,-0.00879097,0.12088,-1.35682,-0.123918,0,0
-1.57208,-0.00879097,0.12088,-1.35699,-0.123918,0,0
-1.57228,-0.00293064,0.12088,-1.35734,-0.127235,0,0
-1.57247,-0.00293064,0.0988998,-1.35752,-0.121824,0,0
-1.57276,-0.00879097,0.0988998,-1.35769,-0.105942,0,0
-1.57304,-0.00879097,0.12088,-1.35804,-0.100531,0,0
-1.57304,-0.00879097,0.0988998,-1.35822,-0.106989,0,0
-1.57323,-0.00879097,0.0988998,-1.35839,-0.105942,0,0
-1.57343,-0.00293064,0.0988998,-1.35856,-0.0963422,0,0
-1.57362,0.00293064,0.0549469,-1.35874,-0.0963422,0,0
-1.57362,0.00293064,0.0769234,-1.35891,-0.0760964,0,0
-1.57391,0.00293064,0.0769234,-1.35909,-0.0802852,0,0
-1.574,-0.00293064,0.0549469,-1.35926,-0.0846485,0,0
-1.57419,0.00293064,0.0549469,-1.35944,-0.0717331,0,0
-1.57429,0.00293064,0.0549469,-1.35961,-0.0717331,0,0
-1.57438,0.00293064,0.0769234,-1.35961,-0.0664971,0,0
-1.57438,-0.00293064,0.0329666,-1.35979,-0.0558506,0,0
-1.57458,0.00879097,0.0549469,-1.35996,-0.0493928,0,0
-1.57458,0.00879097,0.0329666,-1.35996,-0.045204,0,0
-1.57467,0.00293064,0.0329666,-1.36014,-0.0418879,0,0
-1.57477,-0.00293064,0.0109901,-1.36014,-0.0418879,0,0
-1.57486,-0.00293064,0.0329666,-1.36014,-0.0356047,0,0
-1.57458,-0.00293064,0.0109901,-1.36031,-0.0345575,0,0
-1.57496,-0.00293064,0.0109901,-1.36031,-0.0216421,0,0
-1.57496,-0.00293064,0.0329666,-1.36031,-0.0153589,0,0
-1.57477,0.00293064,-0.0109901,-1.36048,-0.0216421,0,0
-1.57496,-0.00293064,0.0109901,-1.36048,-0.0122173,0,0
-1.57477,-0.00293064,0.0109901,-1.36048,-0.002618,0,0
-1.57505,-0.00879097,0.0329666,-1.36048,-0.00366519,0,0
-1.57496,-0.00879097,0.0109901,-1.36048,0.00575959,0,0
-1.57496,-0.00879097,0.0109901,-1.36031,0.0132645,0,0
-1.57486,-0.0146523,-0.0109901,-1.36031,0.0122173,0,0
-1.57496,-0.0146523,0.0109901,-1.36031,0.0153589,0,0
-1.57486,-0.00879097,-0.0109901,-1.36031,0.0153589,0,0
-1.57486,-0.00293064,-0.0329666,-1.36031,0.0228638,0,0
-1.57477,0.00293064,-0.0329666,-1.36014,0.0218166,0,0
-1.57467,-0.00293064,-0.0329666,-1.36014,0.0228638,0,0
-1.57477,-0.00293064,-0.0329666,-1.36014,0.0260054,0,0
-1.57467,-0.00879097,-0.0329666,-1.35996,0.0345575,0,0
-1.57458,-0.00293064,-0.0109901,-1.35996,0.0356047,0,0
-1.57448,-0.00879097,-0.0549469,-1.35996,0.0345575,0,0
-1.57458,-0.00879097,-0.0329666,-1.35979,0.0314159,0,0
-1.57458,-0.00293064,-0.0109901,-1.35979,0.0303687,0,0
-1.57448,-0.00293064,-0.0329666,-1.35961,0.0410153,0,0
-1.57438,0.00293064,-0.0329666,-1.35961,0.0387463,0,0
-1.57448,-0.00293064,-0.0329666,-1.35961,0.0410153,0,0
-1.57438,-0.00293064,-0.0549469,-1.35944,0.045204,0,0
-1.57429,-0.00293064,-0.0329666,-1.35944,0.0324631,0,0
-1.57419,-0.00879097,-0.0329666,-1.35926,0.0356047,0,0
-1.57419,-0.00879097,-0.0109901,-1.35926,0.0356047,0,0
-1.574,-0.00879097,-0.0329666,-1.35926,0.029147,0,0
-1.57419,-0.00293064,-0.0329666,-1.35909,0.0324631,0,0
-1.5741,-0.00879097,-0.0329666,-1.35909,0.0441568,0,0
-1.57381,-0.00293064,-0.0329666,-1.35891,0.045204,0,0
-1.57391,-0.00293064,-0.0329666,-1.35891,0.0356047,0,0
-1.57381,-0.00293064,-0.0329666,-1.35874,0.0376991,0,0
-1.57362,-0.00293064,-0.0549469,-1.35874,0.0410153,0,0
-1.57362,-0.00293064,-0.0329666,-1.35856,0.0399681,0,0
-1.57381,-0.00293064,-0.0329666,-1.35856,0.0335103,0,0
-1.57362,-0.00293064,-0.0549469,-1.35839,0.0399681,0,0
-1.57362,-0.00293064,-0.0329666,-1.35839,0.0366519,0,0
-1.57343,-0.00293064,-0.0329666,-1.35839,0.0303687,0,0
-1.57362,-0.00293064,0.0109901,-1.35822,0.0314159,0,0
-1.57343,-0.00293064,-0.0109901,-1.35822,0.0324631,0,0
-1.57343,-0.00879097,-0.0329666,-1.35822,0.0335103,0,0
-1.57343,-0.00879097,-0.0109901,-1.35804,0.0431097,0,0
-1.57362,-0.0146523,-0.0109901,-1.35804,0.0280998,0,0
-1.57352,-0.0146523,-0.0109901,-1.35787,0.0324631,0,0
-1.57362,-0.00879097,-0.0109901,-1.35787,0.0303687,0,0
-1.57352,-0.00879097,-0.0109901,-1.35787,0.0314159,0,0
-1.57362,-0.00879097,0.0329666,-1.35769,0.0280998,0,0
-1.57362,-0.00293064,-0.0329666,-1.35769,0.0174533,0,0
-1.57352,0.00293064,0.0109901,-1.35769,0.0218166,0,0
-1.57352,-0.00293064,-0.0109901,-1.35769,0.0249582,0,0
-1.57343,-0.00879097,-0.0329666,-1.35752,0.0260054,0,0
-1.57352,-0.00879097,-0.0329666,-1.35752,0.0270526,0,0
-1.57352,-0.00879097,-0.0109901,-1.35752,0.0249582,0,0
-1.57362,-0.0146523,-0.0329666,-1.35734,0.0280998,0,0
-1.57343,-0.0146523,-0.0109901,-1.35734,0.0280998,0,0
-1.57362,-0.0146523,-0.0109901,-1.35734,0.0260054,0,0
-1.57352,-0.00879097,-0.0109901,-1.35717,0.0228638,0,0
-1.57362,-0.00879097,0.0109901,-1.35717,0.0249582,0,0
-1.57352,-0.00879097,-0.0109901,-1.35717,0.0197222,0,0
-1.57352,-0.00293064,-0.0109901,-1.35717,0.00907572,0,0
-1.57333,-0.00293064,-0.0329666,-1.35717,0.0197222,0,0
-1.57362,-0.00879097,-0.0109901,-1.35699,0.0218166,0,0
-1.57362,-0.00879097,-0.0109901,-1.35699,0.0185005,0,0
-1.57362,-0.00879097,-0.0109901,-1.35699,0.0197222,0,0
-1.57352,-0.00879097,0.0109901,-1.35699,0.00471239,0,0
-1.57352,-0.00879097,-0.0109901,-1.35699,0.0153589,0,0
-1.57343,-0.00879097,-0.0329666,-1.35682,0.0197222,0,0
-1.57362,-0.00879097,0.0109901,-1.35682,0.0101229,0,0
-1.57352,-0.0146523,-0.0109901,-1.35682,0.0101229,0,0
-1.57362,-0.0146523,0.0109901,-1.35682,0.023911,0,0
-1.57352,-0.0146523,-0.0549469,-1.35682,0.00680679,0,0
-1.57352,-0.0146523,-0.0109901,-1.35682,0.000523599,0,0
-1.57352,-0.0146523,-0.0109901,-1.35682,0.0015708,0,0
-1.57343,-0.00879097,-0.0109901,-1.35682,0.00907572,0,0
-1.57362,-0.00879097,-0.0109901,-1.35682,0.0174533,0,0
-1.57352,-0.00879097,-0.0109901,-1.35682,0.002618,0,0
-1.57362,-0.00879097,-0.0109901,-1.35665,0.00366519,0,0
-1.57362,-0.00879097,-0.0109901,-1.35665,0.00471239,0,0
-1.57343,-0.00879097,0.0109901,-1.35665,0.00907572,0,0
-1.57352,-0.00879097,-0.0329666,-1.35665,0.000523599,0,0
-1.57362,-0.00879097,-0.0109901,-1.35665,0.000523599,0,0
-1.57362,-0.00879097,0.0109901,-1.35665,-0.00680679,0,0
-1.57352,-0.00879097,-0.0109901,-1.35665,-0.0015708,0,0
-1.57352,-0.00879097,0.0109901,-1.35665,0.00471239,0,0
-1.57352,-0.00879097,0.0109901,-1.35665,0.00471239,0,0
-1.57352,-0.00879097,-0.0329666,-1.35665,-0.002618,0,0
-1.57343,-0.00879097,-0.0329666,-1.35665,-0.00471239,0,0
-1.57352,-0.00293064,0.0109901,-1.35665,0.000523599,0,0
-1.57352,-0.00293064,-0.0109901,-1.35665,-0.00366519,0,0
-1.57362,-0.00879097,-0.0329666,-1.35665,-0.00471239,0,0
-1.57352,-0.00879097,-0.0109901,-1.35682,-0.00890118,0,0
-1.57362,-0.00293064,-0.0109901,-1.35682,0.00366519,0,0
-1.57362,-0.00879097,-0.0109901,-1.35682,-0.0015708,0,0
-1.57362,-0.00879097,-0.0329666,-1.35682,-0.0109956,0,0
-1.57362,-0.0146523,-0.0109901,-1.35682,-0.00471239,0,0
-1.57362,-0.00879097,-0.0109901,-1.35682,-0.00680679,0,0
-1.57362,-0.00879097,-0.0549469,-1.35682,-0.00575959,0,0
-1.57352,-0.00293064,0.0109901,-1.35682,0.002618,0,0
-1.57352,0.00293064,-0.0109901,-1.35682,-0.0015708,0,0
-1.57343,0.00293064,-0.0109901,-1.35682,-0.00785398,0,0
-1.57362,-0.00293064,0.0109901,-1.35682,0.00471239,0,0
-1.57362,0.00293064,0.0109901,-1.35682,-0.0015708,0,0
-1.57352,-0.00293064,-0.0109901,-1.35682,0.000523599,0,0
-1.57362,-0.00293064,-0.0109901,-1.35682,0.00366519,0,0
-1.57352,-0.00879097,-0.0329666,-1.35682,-0.000349066,0,0
-1.57352,-0.00879097,-0.0109901,-1.35682,0.0015708,0,0
-1.57343,-0.0146523,-0.0329666,-1.35682,-0.0015708,0,0
-1.57362,-0.00879097,-0.0109901,-1.35682,-0.002618,0,0
-1.57362,-0.00879097,-0.0109901,-1.35682,0.00785398,0,0
-1.57362,-0.00879097,0.0109901,-1.35682,-0.0015708,0,0
-1.57343,-0.00879097,-0.0109901,-1.35682,0.00680679,0,0
-1.57352,-0.00293064,-0.0329666,-1.35682,0.00680679,0,0
-1.57362,-0.00293064,0.0109901,-1.35682,0.000523599,0,0
-1.57352,-0.00293064,0.0109901,-1.35682,-0.002618,0,0
-1.57343,-0.00293064,-0.0549469,-1.35682,0.00680679,0,0
-1.57362,-0.00293064,-0.0109901,-1.35682,-0.002618,0,0
-1.57333,-0.00879097,-0.0549469,-1.35682,0.000523599,0,0
-1.57343,-0.00879097,-0.0109901,-1.35682,0.000523599,0,0
-1.57352,-0.0146523,-0.0109901,-1.35682,-0.00366519,0,0
-1.57352,-0.00879097,-0.0329666,-1.35682,-0.000349066,0,0
-1.57343,-0.00879097,-0.0329666,-1.35682,-0.0015708,0,0
-1.57362,-0.00879097,-0.0109901,-1.35682,-0.00366519,0,0
-1.57343,-0.00879097,-0.0329666,-1.35682,-0.000349066,0,0
-1.57352,-0.00293064,0.0109901,-1.35682,0.00471239,0,0
-1.57352,0.00293064,-0.0109901,-1.35682,-0.000349066,0,0
-1.57352,0.00293064,-0.0109901,-1.35682,-0.00366519,0,0
-1.57371,-0.00293064,0.0109901,-1.35682,-0.0015708,0,0
-1.57362,-0.00293064,-0.0109901,-1.35682,0.002618,0,0
-1.57352,0.00293064,-0.0109901,-1.35682,0.002618,0,0
-1.57352,-0.00879097,-0.0329666,-1.35682,-0.0015708,0,0
-1.57352,-0.00879097,-0.0109901,-1.35682,0.00366519,0,0
-1.57362,-0.0146523,-0.0109901,-1.35682,0.000523599,0,0
-1.57352,-0.0146523,-0.0329666,-1.35682,-0.00471239,0,0
-1.57362,-0.00879097,-0.0109901,-1.35682,-0.00994838,0,0
-1.57362,-0.00293064,0.0109901,-1.35682,0.002618,0,0
-1.57352,-0.00293064,0.0329666,-1.35682,-0.0015708,0,0
-1.57343,-0.00879097,-0.0329666,-1.35682,-0.000349066,0,0
-1.57362,-0.00879097,0.0109901,-1.35682,-0.0015708,0,0
-1.57362,-0.00293064,-0.0109901,-1.35682,0.00785398,0,0
-1.57343,-0.00879097,-0.0109901,-1.35682,0.0015708,0,0
-1.57362,-0.0146523,-0.0109901,-1.35682,-0.000349066,0,0
-1.57362,-0.00879097,0.0109901,-1.35682,0.00785398,0,0
-1.57362,-0.00879097,-0.0109901,-1.35682,0.00366519,0,0
-1.57362,-0.0146523,-0.0109901,-1.35665,0.002618,0,0
-1.57362,-0.0146523,-0.0109901,-1.35665,0.0015708,0,0
-1.57352,-0.00879097,-0.0109901,-1.35665,0.002618,0,0
-1.57362,-0.00293064,-0.0109901,-1.35665,0.000523599,0,0
-1.57362,0.00293064,-0.0109901,-1.35665,-0.00471239,0,0
-1.57343,0.00293064,-0.0329666,-1.35665,0.0015708,0,0
-1.57362,-0.00293064,-0.0549469,-1.35665,0.00471239,0,0
-1.57362,-0.00879097,-0.0109901,-1.35665,-0.00575959,0,0
-1.57371,-0.00879097,-0.0109901,-1.35665,0.0015708,0,0
-1.57352,-0.00879097,0.0109901,-1.35665,-0.000349066,0,0
-1.57343,-0.00879097,-0.0109901,-1.35665,-0.002618,0,0
-1.57352,-0.00879097,-0.0109901,-1.35665,-0.002618,0,0
-1.57352,-0.00293064,-0.0329666,-1.35665,0.0122173,0,0
-1.57343,-0.00293064,-0.0329666,-1.35665,-0.00471239,0,0
-1.57362,-0.00293064,0.0109901,-1.35665,-0.00366519,0,0
-1.57352,0.00293064,-0.0109901,-1.35665,-0.0015708,0,0
-1.57352,-0.00293064,-0.0109901,-1.35665,0.0101229,0,0
-1.57371,-0.00879097,-0.0109901,-1.35665,0.00575959,0,0
-1.57352,-0.0146523,0.0109901,-1.35665,0.0015708,0,0
-1.57362,-0.00879097,-0.0109901,-1.35665,0.00366519,0,0
-1.57362,-0.00879097,0.0109901,-1.35665,0.0015708,0,0
-1.57362,0.00293064,-0.0109901,-1.35665,0.00907572,0,0
-1.57362,0.00293064,-0.0329666,-1.35665,0.002618,0,0
-1.57343,0.00293064,0.0109901,-1.35665,-0.00994838,0,0
-1.57343,0.00293064,-0.0109901,-1.35665,-0.00680679,0,0
-1.57362,-0.00293064,-0.0329666,-1.35665,0.00471239,0,0
-1.57362,-0.00293064,-0.0109901,-1.35665,0.002618,0,0
-1.57352,-0.00879097,-0.0109901,-1.35665,-0.002618,0,0
-1.57362,-0.00879097,-0.0109901,-1.35665,0.00366519,0,0
-1.57362,0.00293064,0.0109901,-1.35665,0.00366519,0,0
-1.57362,0.00879097,-0.0329666,-1.35665,-0.002618,0,0
-1.57362,0.00879097,-0.0329666,-1.35665,-0.00366519,0,0
-1.57343,0.00293064,0.0109901,-1.35665,-0.000349066,0,0
-1.57362,0.00293064,0.0109901,-1.35665,0.00471239,0,0
-1.57362,-0.00879097,0.0109901,-1.35665,0.002618,0,0
-1.57352,-0.0146523,-0.0109901,-1.35665,-0.00366519,0,0
-1.57362,-0.00293064,0.0109901,-1.35665,0.000523599,0,0
-1.57343,-0.00293064,-0.0109901,-1.35665,-0.000349066,0,0
-1.57362,-0.00293064,0.0109901,-1.35665,-0.00471239,0,0
-1.57352,-0.00293064,0.0109901,-1.35665,0.002618,0,0
-1.57343,-0.00293064,-0.0109901,-1.35665,0.00471239,0,0
-1.57343,-0.00879097,-0.0109901,-1.35665,-0.000349066,0,0
-1.57362,-0.00879097,0.0109901,-1.35665,-0.00471239,0,0
-1.57362,-0.0146523,-0.0109901,-1.35665,0.002618,0,0
-1.57362,-0.0146523,-0.0329666,-1.35665,-0.00366519,0,0
-1.57371,-0.00293064,0.0109901,-1.35665,-0.00366519,0,0
-1.57362,-0.00879097,-0.0109901,-1.35665,0.00680679,0,0
-1.57352,-0.00879097,-0.0109901,-1.35665,0.00471239,0,0
-1.57362,-0.00293064,0.0109901,-1.35665,-0.00366519,0,0
-1.57362,-0.00879097,-0.0109901,-1.35665,-0.002618,0,0
-1.57362,-0.00879097,-0.0109901,-1.35665,0.000523599,0,0
-1.57362,-0.00879097,-0.0329666,-1.35665,0.00366519,0,0
-1.57362,-0.00879097,-0.0109901,-1.35665,-0.00471239,0,0
-1.57352,-0.0146523,-0.0329666,-1.35665,-0.00471239,0,0
-1.57362,-0.00879097,-0.0109901,-1.35665,-0.002618,0,0
-1.57362,-0.00293064,-0.0329666,-1.35665,0.00471239,0,0
-1.57362,-0.00293064,0.0109901,-1.35665,-0.000349066,0,0
-1.57362,-0.00879097,-0.0109901,-1.35665,-0.0015708,0,0
-1.57362,-0.00879097,-0.0329666,-1.35665,-0.000349066,0,0
-1.57352,-0.0146523,-0.0109901,-1.35665,0.000523599,0,0
-1.57343,-0.00879097,-0.0329666,-1.35665,-0.00785398,0,0
-1.57352,-0.0146523,-0.0329666,-1.35665,-0.00366519,0,0
-1.57362,-0.0146523,0.0109901,-1.35665,0.000523599,0,0
-1.57343,-0.00293064,-0.0329666,-1.35665,0.000523599,0,0
-1.57362,-0.00293064,0.0109901,-1.35665,-0.000349066,0,0
-1.57343,0.00293064,0.0109901,-1.35665,-0.00366519,0,0
-1.57352,0.00293064,-0.0109901,-1.35665,0.0015708,0,0
-1.57362,0.00293064,0.0109901,-1.35665,-0.002618,0,0
-1.57362,-0.00293064,-0.0329666,-1.35665,0.000523599,0,0
-1.57352,-0.00879097,-0.0329666,-1.35665,0.0015708,0,0
-1.57343,-0.00293064,0.0109901,-1.35665,-0.0015708,0,0
-1.57362,-0.00293064,0.0109901,-1.35665,0.00366519,0,0
-1.57343,-0.00293064,0.0109901,-1.35665,0.00785398,0,0
-1.57352,-0.00293064,-0.0109901,-1.35665,0.000523599,0,0
-1.57352,-0.00293064,-0.0109901,-1.35665,-0.0015708,0,0
-1.57343,-0.00293064,-0.0109901,-1.35665,-0.002618,0,0
-1.57362,-0.00293064,0.0109901,-1.35665,-0.00994838,0,0
-1.57362,-0.0146523,-0.0109901,-1.35665,0.002618,0,0
-1.57352,-0.0146523,-0.0109901,-1.35665,0.00785398,0,0
-1.57352,-0.00293064,-0.0109901,-1.35665,-0.00366519,0,0
-1.57352,-0.00293064,-0.0329666,-1.35665,-0.00575959,0,0
-1.57352,-0.00293064,0.0109901,-1.35665,0.000523599,0,0
-1.57343,-0.00879097,0.0109901,-1.35665,0.00785398,0,0
-1.57362,-0.00293064,0.0109901,-1.35665,0.0015708,0,0
-1.57362,-0.00879097,-0.0109901,-1.35665,-0.000349066,0,0
-1.57352,-0.00879097,-0.0329666,-1.35665,-0.000349066,0,0
-1.57371,-0.00879097,0.0109901,-1.35665,-0.000349066,0,0
-1.57362,-0.00879097,-0.0109901,-1.35665,0.00366519,0,0
-1.57343,-0.00879097,-0.0109901,-1.35665,0.0122173,0,0
-1.57352,0.00293064,-0.0329666,-1.35665,-0.00471239,0,0
-1.57352,0.00293064,-0.0329666,-1.35665,-0.00366519,0,0
-1.57362,-0.00293064,-0.0109901,-1.35665,0.002618,0,0
-1.57371,-0.0146523,0.0109901,-1.35665,0.00575959,0,0
-1.57352,-0.0146523,-0.0109901,-1.35665,0.002618,0,0
-1.57362,-0.00879097,0.0109901,-1.35665,-0.0015708,0,0
-1.57352,-0.00879097,-0.0109901,-1.35665,-0.002618,0,0
-1.57352,-0.00293064,-0.0329666,-1.35665,0.00366519,0,0
-1.57343,-0.00293064,0.0109901,-1.35665,0.00680679,0,0
-1.57343,-0.00293064,-0.0109901,-1.35665,-0.00366519,0,0
-1.57362,-0.00879097,0.0109901,-1.35665,0.000523599,0,0
-1.57352,-0.00879097,-0.0329666,-1.35665,0.00366519,0,0
-1.57362,-0.0146523,-0.0109901,-1.35665,-0.00680679,0,0
-1.57352,-0.00879097,-0.0109901,-1.35665,-0.0015708,0,0
-1.57362,-0.00879097,-0.0109901,-1.35665,0.00575959,0,0
-1.57362,-0.00879097,-0.0109901,-1.35665,0.00366519,0,0
-1.57343,-0.00293064,-0.0109901,-1.35665,-0.000349066,0,0
-1.57352,-0.00879097,-0.0109901,-1.35665,0.0015708,0,0
-1.57352,-0.00293064,0.0109901,-1.35665,-0.000349066,0,0
-1.57362,-0.00293064,-0.0109901,-1.35665,-0.00471239,0,0
-1.57352,-0.0146523,-0.0109901,-1.35665,-0.00575959,0,0
-1.57362,-0.00879097,-0.0109901,-1.35665,-0.002618,0,0
-1.57362,-0.0146523,-0.0109901,-1.35665,0.0015708,0,0
-1.57343,-0.00879097,-0.0109901,-1.35665,0.0015708,0,0
-1.57362,0.00293064,-0.0109901,-1.35665,-0.000349066,0,0
-1.57362,-0.00293064,0.0109901,-1.35665,-0.000349066,0,0
-1.57352,-0.00293064,-0.0549469,-1.35665,0.00907572,0,0
-1.57343,-0.00879097,-0.0329666,-1.35665,0.0015708,0,0
-1.57343,-0.00879097,-0.0329666,-1.35665,-0.002618,0,0
-1.57362,-0.0146523,0.0109901,-1.35665,0.00366519,0,0
-1.57362,-0.0146523,-0.0109901,-1.35665,-0.0015708,0,0
-1.57362,-0.00293064,-0.0109901,-1.35665,-0.00471239,0,0
-1.57362,-0.00293064,-0.0109901,-1.35665,-0.00890118,0,0
-1.57362,-0.00293064,-0.0329666,-1.35665,0.002618,0,0
-1.57362,-0.00293064,-0.0329666,-1.35665,0.0015708,0,0
-1.57352,-0.00293064,-0.0109901,-1.35665,-0.002618,0,0
-1.57362,-0.00293064,0.0109901,-1.35665,-0.002618,0,0
-1.57352,-0.00293064,-0.0109901,-1.35665,-0.00366519,0,0
-1.57362,-0.0146523,0.0109901,-1.35665,0.00471239,0,0
-1.57362,-0.0146523,-0.0109901,-1.35665,0.000523599,0,0
-1.57362,-0.0205126,-0.0109901,-1.35665,0.002618,0,0
-1.57362,-0.0146523,-0.0109901,-1.35665,0.00366519,0,0
-1.57343,-0.0146523,-0.0109901,-1.35665,-0.00366519,0,0
-1.57352,-0.00879097,-0.0329666,-1.35665,-0.00471239,0,0
-1.57343,0.00293064,-0.0329666,-1.35665,0.0015708,0,0
-1.57343,-0.00293064,-0.0109901,-1.35665,0.00907572,0,0
-1.57362,-0.00879097,0.0329666,-1.35665,0.000523599,0,0
-1.57352,-0.00879097,-0.0109901,-1.35665,-0.00575959,0,0
-1.57362,-0.0146523,0.0109901,-1.35665,0.00575959,0,0
-1.57362,-0.0146523,-0.0329666,-1.35665,0.00907572,0,0
-1.57352,-0.00293064,-0.0109901,-1.35665,-0.002618,0,0
-1.57362,-0.00293064,-0.0109901,-1.35665,0.000523599,0,0
-1.57343,0.00293064,-0.0329666,-1.35665,-0.002618,0,0
-1.57343,-0.00293064,-0.0329666,-1.35665,0.0015708,0,0
-1.57362,-0.00293064,-0.0109901,-1.35665,-0.00575959,0,0
-1.57352,-0.00293064,-0.0109901,-1.35665,-0.00366519,0,0
-1.57362,0.00293064,-0.0109901,-1.35665,0.00366519,0,0
-1.57371,0.00293064,0.0109901,-1.35665,0.00575959,0,0
-1.57362,-0.00293064,-0.0109901,-1.35665,-0.0015708,0,0
-1.57362,-0.00879097,-0.0109901,-1.35665,0.00471239,0,0
-1.57362,-0.0146523,-0.0109901,-1.35665,0.00785398,0,0
-1.57352,-0.0146523,-0.0109901,-1.35665,-0.0015708,0,0
-1.57343,-0.0146523,-0.0329666,-1.35665,-0.0015708,0,0
-1.57343,-0.00879097,0.0109901,-1.35665,0.002618,0,0
-1.57352,-0.00879097,0.0109901,-1.35665,-0.000349066,0,0
-1.57381,-0.00879097,0.0329666,-1.35665,-0.00366519,0,0
-1.57352,-0.00293064,-0.0329666,-1.35665,-0.002618,0,0
-1.57362,-0.00879097,-0.0109901,-1.35665,-0.002618,0,0
-1.57343,-0.0146523,-0.0329666,-1.35665,0.00366519,0,0
-1.57352,-0.00879097,-0.0109901,-1.35665,0.0111701,0,0
-1.57352,-0.00293064,-0.0109901,-1.35665,0.00575959,0,0
-1.57362,-0.00293064,0.0109901,-1.35665,-0.00471239,0,0
-1.57362,-0.00293064,-0.0109901,-1.35665,-0.00785398,0,0
-1.57362,-0.00293064,-0.0109901,-1.35665,-0.00471239,0,0
-1.57371,0.00293064,0.0109901,-1.35665,-0.00471239,0,0
-1.57352,-0.00293064,-0.0329666,-1.35665,0.00575959,0,0
-1.57362,-0.00879097,-0.0109901,-1.35665,0.002618,0,0
-1.57352,-0.00293064,-0.0329666,-1.35665,0.000523599,0,0
-1.57362,-0.00293064,-0.0329666,-1.35665,0.002618,0,0
-1.57362,-0.00293064,-0.0109901,-1.35665,-0.0015708,0,0
-1.57362,-0.00879097,0.0109901,-1.35665,0.002618,0,0
-1.57352,-0.00293064,-0.0329666,-1.35665,0.00366519,0,0
-1.57362,-0.00293064,0.0109901,-1.35647,0.00785398,0,0
-1.57343,-0.00879097,-0.0329666,-1.35665,-0.00366519,0,0
-1.57352,-0.00879097,-0.0109901,-1.35665,-0.0015708,0,0
-1.57352,-0.00293064,-0.0109901,-1.35647,0.002618,0,0
-1.57362,-0.00293064,-0.0109901,-1.35647,0.0015708,0,0
-1.57362,-0.00293064,0.0109901,-1.35647,-0.0015708,0,0
-1.57343,-0.00879097,-0.0109901,-1.35665,-0.0132645,0,0
-1.57362,-0.00879097,-0.0109901,-1.35665,0.00366519,0,0
-1.57362,-0.00293064,0.0109901,-1.35665,0.00471239,0,0
-1.57343,-0.00879097,-0.0329666,-1.35665,-0.00366519,0,0
-1.57362,-0.00879097,-0.0109901,-1.35665,0.00366519,0,0
-1.57352,-0.00879097,-0.0329666,-1.35665,0.0015708,0,0
-1.57352,-0.00879097,-0.0109901,-1.35665,-0.0015708,0,0
-1.57362,-0.00879097,-0.0109901,-1.35647,0.00471239,0,0
-1.57352,-0.00293064,0.0109901,-1.35665,-0.00575959,0,0
-1.57343,0.00293064,-0.0549469,-1.35665,-0.00575959,0,0
-1.57362,-0.00293064,-0.0109901,-1.35665,-0.000349066,0,0
-1.57362,-0.00879097,-0.0109901,-1.35665,0.0015708,0,0
-1.57362,-0.00879097,0.0109901,-1.35665,-0.00471239,0,0
-1.57352,-0.00879097,-0.0329666,-1.35665,0.002618,0,0
-1.57343,-0.00293064,-0.0329666,-1.35665,0.00785398,0,0
-1.57352,-0.00293064,-0.0109901,-1.35647,0.00471239,0,0
-1.57352,-0.00879097,-0.0109901,-1.35647,0.0015708,0,0
-1.57362,-0.00879097,0.0109901,-1.35665,-0.00680679,0,0
-1.57362,-0.00293064,-0.0109901,-1.35665,-0.0015708,0,0
-1.57362,-0.00293064,-0.0109901,-1.35647,0.00785398,0,0
-1.57362,0.00293064,0.0109901,-1.35665,-0.00785398,0,0
-1.57352,-0.00293064,-0.0109901,-1.35665,-0.0132645,0,0
-1.57352,-0.00293064,-0.0109901,-1.35665,-0.00471239,0,0
-1.57362,-0.00879097,-0.0109901,-1.35665,0.0111701,0,0
-1.57362,-0.00879097,-0.0109901,-1.35665,0.000523599,0,0
-1.57352,-0.00879097,-0.0329666,-1.35665,-0.00366519,0,0
-1.57352,-0.00879097,-0.0109901,-1.35665,0.00366519,0,0
-1.57381,-0.00879097,0.0329666,-1.35665,-0.0015708,0,0
-1.57352,-0.00879097,-0.0329666,-1.35665,-0.002618,0,0
-1.57362,-0.00293064,-0.0109901,-1.35665,-0.0015708,0,0
-1.57362,-0.00293064,-0.0329666,-1.35665,-0.00366519,0,0
-1.57362,-0.00879097,0.0109901,-1.35665,0.000523599,0,0
-1.57343,-0.00293064,-0.0329666,-1.35665,0.00785398,0,0
-1.57343,-0.00879097,-0.0329666,-1.35665,-0.00575959,0,0
-1.57352,-0.00293064,-0.0109901,-1.35665,0.00366519,0,0
-1.57362,-0.00293064,-0.0109901,-1.35647,0.0101229,0,0
-1.57343,-0.00293064,-0.0109901,-1.35647,0.00680679,0,0
-1.57343,-0.00293064,-0.0329666,-1.35647,-0.000349066,0,0
-1.57362,-0.00293064,0.0109901,-1.35647,-0.00366519,0,0
-1.57362,-0.00879097,-0.0109901,-1.35665,-0.00785398,0,0
-1.57343,-0.00879097,-0.0109901,-1.35665,0.002618,0,0
-1.57371,-0.00879097,0.0329666,-1.35647,0.00785398,0,0
-1.57362,-0.00293064,-0.0109901,-1.35647,0.0015708,0,0
-1.57352,-0.00293064,-0.0109901,-1.35647,-0.002618,0,0
-1.57352,-0.00293064,-0.0109901,-1.35647,-0.00575959,0,0
-1.57362,-0.00879097,-0.0109901,-1.35647,0.00471239,0,0
-1.57371,-0.00879097,-0.0109901,-1.35647,0.000523599,0,0
-1.57362,-0.00293064,-0.0109901,-1.35647,-0.00575959,0,0
-1.57352,-0.00293064,-0.0329666,-1.35665,-0.002618,0,0
-1.57362,-0.00879097,0.0109901,-1.35647,0.00785398,0,0
-1.57352,-0.00879097,-0.0109901,-1.35647,0.00366519,0,0
-1.57352,-0.00879097,-0.0109901,-1.35647,-0.00471239,0,0
-1.57343,-0.00293064,-0.0109901,-1.35647,0.0015708,0,0
-1.57362,-0.00879097,0.0109901,-1.35647,0.00471239,0,0
-1.57362,-0.0146523,-0.0109901,-1.35647,-0.00366519,0,0
-1.57352,-0.00879097,-0.0329666,-1.35647,-0.000349066,0,0
-1.57371,-0.00879097,0.0109901,-1.35647,-0.000349066,0,0
-1.57362,-0.00879097,-0.0109901,-1.35647,-0.002618,0,0
-1.57352,0.00293064,-0.0109901,-1.35647,0.00471239,0,0
-1.57362,0.00293064,-0.0109901,-1.35647,0.00366519,0,0
-1.57352,-0.00293064,-0.0329666,-1.35647,-0.000349066,0,0
-1.57352,-0.00293064,-0.0109901,-1.35647,-0.00366519,0,0
-1.57343,-0.00879097,-0.0329666,-1.35647,0.000523599,0,0
-1.57352,-0.00879097,-0.0109901,-1.35647,0.00366519,0,0
-1.57352,-0.00293064,-0.0109901,-1.35647,-0.000349066,0,0
-1.57343,-0.00293064,-0.0329666,-1.35647,-0.00994838,0,0
-1.57371,0.00293064,0.0329666,-1.35647,-0.0015708,0,0
-1.57352,0.00293064,-0.0329666,-1.35647,-0.002618,0,0
-1.57362,-0.00293064,-0.0109901,-1.35665,-0.00575959,0,0
-1.57352,-0.00879097,-0.0329666,-1.35665,0.00366519,0,0
-1.57352,-0.00879097,-0.0109901,-1.35647,0.00680679,0,0
-1.57362,-0.00879097,-0.0109901,-1.35647,-0.0015708,0,0
-1.57343,-0.00293064,-0.0329666,-1.35647,-0.00366519,0,0
-1.57343,-0.00879097,-0.0329666,-1.35647,-0.000349066,0,0
-1.57362,-0.00879097,0.0109901,-1.35665,-0.00994838,0,0
-1.57362,-0.00879097,0.0109901,-1.35665,-0.0015708,0,0
-1.57352,-0.00879097,-0.0109901,-1.35665,-0.00471239,0,0
-1.57352,-0.00879097,-0.0109901,-1.35665,-0.00785398,0,0
-1.57371,-0.00293064,0.0329666,-1.35665,0.0122173,0,0
-1.57343,0.00293064,-0.0329666,-1.35665,0.00680679,0,0
-1.57343,-0.00293064,-0.0109901,-1.35665,-0.000349066,0,0
-1.57352,0.00293064,-0.0109901,-1.35665,-0.0015708,0,0
-1.57362,-0.00293064,0.0109901,-1.35665,-0.0015708,0,0
-1.57333,-0.00293064,-0.0549469,-1.35665,-0.002618,0,0
-1.57362,-0.00879097,0.0109901,-1.35665,0.002618,0,0
-1.57352,-0.00293064,-0.0109901,-1.35665,0.0015708,0,0
-1.57362,-0.00879097,0.0109901,-1.35665,0.000523599,0,0
-1.57362,-0.00293064,-0.0109901,-1.35665,-0.000349066,0,0
-1.57343,-0.00293064,-0.0329666,-1.35665,-0.00785398,0,0
-1.57352,-0.00879097,-0.0109901,-1.35665,-0.00680679,0,0
-1.57362,-0.00293064,-0.0109901,-1.35665,0.00907572,0,0
-1.57352,-0.00879097,-0.0109901,-1.35665,0.00366519,0,0
-1.57362,-0.00879097,-0.0109901,-1.35665,-0.00575959,0,0
-1.57362,-0.00879097,-0.0109901,-1.35665,0.00785398,0,0
-1.57343,-0.00293064,-0.0329666,-1.35647,0.0101229,0,0
-1.57362,0.00293064,0.0109901,-1.35647,0.000523599,0,0
-1.57352,0.00293064,-0.0109901,-1.35665,-0.00785398,0,0
-1.57362,0.00879097,-0.0109901,-1.35665,-0.00366519,0,0
-1.57352,-0.00293064,-0.0109901,-1.35647,0.00785398,0,0
-1.57362,-0.00879097,-0.0109901,-1.35647,-0.002618,0,0
-1.57343,-0.00879097,-0.0109901,-1.35665,-0.00785398,0,0
-1.57362,-0.00879097,-0.0109901,-1.35665,0.002618,0,0
-1.57362,-0.00879097,-0.0109901,-1.35647,0.00575959,0,0
-1.57362,-0.00293064,0.0109901,-1.35665,-0.002618,0,0
-1.57362,-0.00293064,-0.0109901,-1.35647,0.00366519,0,0
-1.57343,-0.00293064,-0.0329666,-1.35647,-0.000349066,0,0
-1.57362,-0.00879097,-0.0109901,-1.35647,-0.0015708,0,0
-1.57362,-0.00879097,-0.0109901,-1.35647,-0.0015708,0,0
-1.57352,-0.0146523,-0.0329666,-1.35665,-0.002618,0,0
-1.57362,-0.0146523,0.0109901,-1.35665,0.0015708,0,0
-1.57352,-0.0146523,-0.0109901,-1.35665,-0.000349066,0,0
-1.57362,-0.00879097,-0.0109901,-1.35665,-0.00471239,0,0
-1.57343,-0.00879097,-0.0329666,-1.35665,-0.0015708,0,0
-1.57352,-0.00293064,-0.0109901,-1.35665,0.002618,0,0
-1.57333,-0.00293064,-0.0549469,-1.35665,-0.00680679,0,0
-1.57362,-0.00293064,0.0109901,-1.35665,0.0101229,0,0
-1.57362,-0.00879097,0.0109901,-1.35647,0.00471239,0,0
-1.57352,-0.00293064,-0.0109901,-1.35647,0.0015708,0,0
-1.57343,-0.00879097,-0.0329666,-1.35647,-0.0015708,0,0
-1.57362,-0.00293064,-0.0109901,-1.35665,-0.0132645,0,0
-1.57362,-0.00293064,-0.0109901,-1.35665,-0.000349066,0,0
-1.57343,-0.00293064,-0.0329666,-1.35665,0.002618,0,0
-1.57352,-0.00293064,-0.0109901,-1.35665,-0.000349066,0,0
-1.57362,0.00293064,-0.0109901,-1.35665,0.002618,0,0
-1.57362,0.00293064,-0.0109901,-1.35647,0.00680679,0,0
-1.57352,-0.00293064,-0.0109901,-1.35647,-0.0015708,0,0
-1.57362,-0.00293064,0.0109901,-1.35647,0.00366519,0,0
-1.57362,-0.00293064,0.0109901,-1.35647,0.00785398,0,0
-1.57371,-0.00879097,0.0109901,-1.35647,-0.00785398,0,0
-1.57352,-0.00293064,-0.0109901,-1.35647,-0.00471239,0,0
-1.57352,-0.00879097,-0.0109901,-1.35665,-0.002618,0,0
-1.57352,-0.00293064,-0.0109901,-1.35665,0.000523599,0,0
-1.57362,-0.00879097,0.0109901,-1.35647,0.002618,0,0
-1.57343,-0.00293064,-0.0329666,-1.35665,-0.00680679,0,0
-1.57362,-0.00293064,0.0109901,-1.35665,-0.00680679,0,0
-1.57362,-0.00879097,0.0109901,-1.35665,0.0015708,0,0
-1.57362,-0.0146523,-0.0109901,-1.35665,0.002618,0,0
-1.57343,-0.00293064,-0.0329666,-1.35665,-0.00471239,0,0
-1.57362,-0.00293064,-0.0109901,-1.35665,-0.0132645,0,0
-1.57362,-0.00293064,-0.0109901,-1.35665,-0.000349066,0,0
-1.57343,-0.00293064,-0.0329666,-1.35665,0.00366519,0,0
-1.57352,0.00293064,-0.0109901,-1.35665,-0.000349066,0,0
-1.57362,-0.00293064,0.0109901,-1.35665,-0.00575959,0,0
-1.57343,-0.00879097,-0.0329666,-1.35665,0.002618,0,0
-1.57343,-0.00293064,-0.0329666,-1.35665,0.002618,0,0
-1.57362,-0.00879097,0.0109901,-1.35665,-0.00994838,0,0
-1.57362,-0.0146523,0.0109901,-1.35665,0.00471239,0,0
-1.57343,-0.00879097,-0.0329666,-1.35665,0.0143117,0,0
-1.57362,-0.00293064,-0.0109901,-1.35665,-0.002618,0,0
-1.57352,-0.00293064,-0.0109901,-1.35665,-0.002618,0,0
-1.57343,-0.00293064,-0.0329666,-1.35665,-0.002618,0,0
-1.57362,-0.00293064,0.0109901,-1.35665,0.002618,0,0
-1.57352,-0.00879097,-0.0109901,-1.35665,0.0015708,0,0
-1.57362,-0.00879097,0.0109901,-1.35665,0.000523599,0,0
-1.57352,-0.00879097,-0.0109901,-1.35665,0.00366519,0,0
-1.57352,-0.00293064,-0.0109901,-1.35665,-0.00575959,0,0
-1.57352,-0.00293064,-0.0109901,-1.35665,-0.00366519,0,0
-1.57343,-0.00293064,-0.0329666,-1.35665,-0.002618,0,0
-1.57362,-0.00293064,-0.0109901,-1.35665,0.000523599,0,0
-1.57352,-0.00879097,-0.0109901,-1.35665,0.00366519,0,0
-1.57362,-0.00879097,-0.0109901,-1.35665,-0.002618,0,0
-1.57362,-0.00879097,-0.0109901,-1.35665,-0.00575959,0,0
-1.57352,-0.00293064,-0.0109901,-1.35665,0.00471239,0,0
-1.57343,-0.00293064,-0.0329666,-1.35665,-0.00471239,0,0
-1.57343,-0.00293064,-0.0329666,-1.35665,0.00366519,0,0
-1.57343,-0.00293064,-0.0329666,-1.35665,0.00680679,0,0
-1.57352,-0.00879097,-0.0109901,-1.35665,0.00785398,0,0
-1.57352,-0.00879097,-0.0109901,-1.35665,-0.0015708,0,0
-1.57343,-0.00293064,-0.0329666,-1.35665,-0.00575959,0,0
-1.57352,-0.00879097,-0.0109901,-1.35665,0.00366519,0,0
-1.57362,-0.00293064,-0.0109901,-1.35665,0.0015708,0,0
-1.57362,-0.00293064,-0.0109901,-1.35665,0.0015708,0,0
-1.57362,-0.00293064,-0.0109901,-1.35665,-0.002618,0,0
-1.57362,-0.00879097,-0.0109901,-1.35665,-0.002618,0,0
-1.57352,-0.00293064,-0.0329666,-1.35665,0.000523599,0,0
-1.57352,-0.00879097,-0.0109901,-1.35665,-0.0015708,0,0
-1.57343,-0.00879097,-0.0329666,-1.35665,-0.00575959,0,0
-1.57352,-0.00879097,-0.0109901,-1.35665,0.00785398,0,0
-1.57352,-0.00879097,-0.0109901,-1.35647,0.00907572,0,0
-1.57352,-0.00293064,-0.0109901,-1.35665,-0.002618,0,0
-1.57362,-0.00293064,0.0109901,-1.35665,-0.00680679,0,0
-1.57343,-0.00879097,-0.0329666,-1.35665,0.0015708,0,0
-1.57362,-0.0146523,-0.0109901,-1.35665,0.00680679,0,0
-1.57362,-0.00879097,-0.0109901,-1.35665,-0.00471239,0,0
-1.57362,-0.00879097,-0.0109901,-1.35665,-0.002618,0,0
-1.57362,-0.00879097,-0.0109901,-1.35665,-0.00366519,0,0
-1.57362,-0.00879097,-0.0109901,-1.35665,0.002618,0,0
-1.57362,-0.00879097,-0.0109901,-1.35665,0.000523599,0,0
-1.57362,-0.00879097,-0.0109901,-1.35665,0.00471239,0,0
-1.57352,-0.00879097,-0.0109901,-1.35665,0.0015708,0,0
-1.57362,-0.00879097,-0.0109901,-1.35647,0.00575959,0,0
-1.57362,-0.0146523,-0.0109901,-1.35647,-0.002618,0,0
-1.57362,-0.0146523,0.0109901,-1.35665,-0.002618,0,0
-1.57362,-0.0146523,-0.0109901,-1.35647,0.002618,0,0
-1.57352,-0.00879097,-0.0109901,-1.35647,-0.002618,0,0
-1.57343,-0.00293064,-0.0329666,-1.35665,-0.000349066,0,0
-1.57362,-0.00879097,-0.0109901,-1.35647,0.0015708,0,0
-1.57343,-0.00879097,-0.0329666,-1.35647,-0.0015708,0,0
-1.57352,-0.00879097,-0.0109901,-1.35665,-0.00575959,0,0
-1.57362,-0.0146523,0.0109901,-1.35665,-0.00366519,0,0
-1.57343,-0.0146523,-0.0329666,-1.35665,0.00471239,0,0
-1.57352,-0.00879097,-0.0109901,-1.35665,0.00366519,0,0
-1.57352,-0.00293064,-0.0109901,-1.35647,0.00366519,0,0
-1.57362,0.00293064,0.0109901,-1.35665,-0.00785398,0,0
-1.57343,0.00293064,-0.0329666,-1.35665,-0.0143117,0,0
-1.57362,-0.00293064,-0.0109901,-1.35665,-0.00471239,0,0
-1.57352,-0.00293064,-0.0109901,-1.35665,0.0101229,0,0
-1.57362,-0.00879097,-0.0109901,-1.35665,0.00471239,0,0
-1.57352,-0.00879097,-0.0109901,-1.35665,-0.00575959,0,0
-1.57362,-0.00879097,0.0109901,-1.35665,0.00471239,0,0
-1.57352,-0.00293064,-0.0109901,-1.35665,0.00366519,0,0
-1.57362,0.00293064,0.0109901,-1.35665,-0.00575959,0,0
-1.57352,0.00293064,-0.0109901,-1.35665,-0.00575959,0,0
-1.57362,-0.00293064,0.0109901,-1.35665,0.002618,0,0
-1.57362,-0.00879097,0.0109901,-1.35665,0.00575959,0,0
-1.57343,-0.00879097,-0.0329666,-1.35647,0.0101229,0,0
-1.57362,-0.00879097,0.0109901,-1.35647,-0.0015708,0,0
-1.57362,0.00293064,-0.0109901,-1.35665,-0.00366519,0,0
-1.57352,0.00293064,-0.0109901,-1.35665,-0.000349066,0,0
-1.57362,-0.00293064,0.0109901,-1.35647,0.002618,0,0
-1.57343,-0.00879097,-0.0329666,-1.35665,-0.00471239,0,0
-1.57362,-0.00879097,-0.0109901,-1.35665,-0.000349066,0,0
-1.57362,-0.00879097,0.0109901,-1.35647,0.00575959,0,0
-1.57352,-0.00293064,-0.0109901,-1.35647,0.00366519,0,0
-1.57352,0.00293064,-0.0109901,-1.35647,0.0015708,0,0
-1.57343,0.00293064,-0.0329666,-1.35647,-0.00471239,0,0
-1.57362,-0.00293064,0.0109901,-1.35665,-0.00366519,0,0
-1.57352,-0.00293064,-0.0109901,-1.35647,0.0015708,0,0
-1.57352,-0.00879097,-0.0109901,-1.35647,0.00366519,0,0
-1.57362,-0.00879097,-0.0109901,-1.35647,0.000523599,0,0
-1.57362,-0.00879097,-0.0109901,-1.35647,0.0015708,0,0
-1.57362,0.00293064,-0.0109901,-1.35647,0.00366519,0,0
-1.57352,0.00293064,-0.0109901,-1.35647,-0.00366519,0,0
-1.57352,-0.00293064,-0.0109901,-1.35647,-0.00680679,0,0
-1.57362,-0.00293064,-0.0109901,-1.35665,-0.00471239,0,0
-1.57352,-0.00879097,-0.0329666,-1.35665,0.002618,0,0
-1.57352,-0.00879097,-0.0109901,-1.35647,0.002618,0,0
-1.57343,-0.0146523,-0.0329666,-1.35647,0.000523599,0,0
-1.57352,-0.0146523,-0.0109901,-1.35647,0.00680679,0,0
-1.57343,-0.00879097,-0.0329666,-1.35647,0.00366519,0,0
-1.57362,-0.00879097,0.0109901,-1.35647,-0.000349066,0,0
-1.57352,-0.00879097,-0.0109901,-1.35647,-0.0015708,0,0
-1.57352,-0.00879097,-0.0109901,-1.35647,0.000523599,0,0
-1.57343,-0.00879097,-0.0329666,-1.35647,-0.0015708,0,0
-1.57343,-0.0146523,-0.0329666,-1.35647,0.00471239,0,0
-1.57352,-0.00879097,-0.0109901,-1.35647,-0.00471239,0,0
-1.57343,-0.00879097,-0.0329666,-1.35647,-0.002618,0,0
-1.57371,-0.00879097,0.0329666,-1.35647,0.000523599,0,0
-1.57352,-0.00879097,-0.0109901,-1.35647,-0.000349066,0,0
-1.57352,-0.00293064,-0.0109901,-1.35647,0.00907572,0,0
-1.57362,-0.00293064,-0.0109901,-1.35647,-0.000349066,0,0
-1.57343,-0.00293064,-0.0329666,-1.35647,-0.00680679,0,0
-1.57352,-0.00879097,-0.0109901,-1.35647,0.00366519,0,0
-1.57343,-0.00879097,-0.0329666,-1.35647,0.00907572,0,0
-1.57352,-0.00879097,-0.0109901,-1.35647,-0.00471239,0,0
-1.57362,-0.00879097,0.0109901,-1.35647,-0.00471239,0,0
-1.57343,-0.00293064,-0.0329666,-1.35647,-0.000349066,0,0
-1.57343,-0.00293064,-0.0109901,-1.35647,0.00575959,0,0
-1.57371,-0.00293064,0.0329666,-1.35647,-0.00785398,0,0
-1.57352,-0.00293064,-0.0109901,-1.35647,0.0015708,0,0
-1.57362,-0.00879097,0.0329666,-1.35647,0.0132645,0,0
-1.57343,-0.00293064,-0.0329666,-1.35647,0.000523599,0,0
-1.57362,-0.00293064,0.0109901,-1.35647,0.0015708,0,0
-1.57352,-0.00293064,-0.0109901,-1.35647,0.002618,0,0
-1.57362,-0.00293064,0.0109901,-1.35647,-0.0109956,0,0
-1.57362,-0.00879097,-0.0109901,-1.35647,-0.002618,0,0
-1.57362,-0.00879097,-0.0109901,-1.35647,0.0111701,0,0
-1.57362,-0.00879097,-0.0109901,-1.35647,0.00575959,0,0
-1.57362,-0.00293064,-0.0109901,-1.35647,-0.00471239,0,0
-1.57343,-0.00879097,-0.0329666,-1.35647,-0.000349066,0,0
-1.57362,-0.00879097,0.0109901,-1.35647,0.00575959,0,0
-1.57343,-0.00293064,-0.0329666,-1.35647,-0.00366519,0,0
-1.57352,-0.00879097,-0.0109901,-1.35647,-0.0015708,0,0
-1.57352,-0.00879097,-0.0109901,-1.35647,-0.002618,0,0
-1.57362,-0.00879097,0.0109901,-1.35647,-0.000349066,0,0
-1.57362,-0.00293064,-0.0109901,-1.35647,-0.00366519,0,0
-1.57343,-0.00293064,-0.0109901,-1.35647,0.0015708,0,0
-1.57343,-0.00293064,-0.0329666,-1.35647,0.0015708,0,0
-1.57362,-0.00879097,0.0109901,-1.35647,-0.0015708,0,0
-1.57352,-0.0146523,-0.0109901,-1.35647,0.00366519,0,0
-1.57343,-0.0146523,-0.0329666,-1.35647,-0.002618,0,0
-1.57343,-0.00879097,-0.0109901,-1.35647,0.00680679,0,0
-1.57352,-0.00293064,-0.0109901,-1.35647,0.00471239,0,0
-1.57352,-0.00293064,-0.0109901,-1.35647,-0.00680679,0,0
-1.57352,-0.00293064,-0.0109901,-1.35647,-0.00366519,0,0
-1.57352,-0.00879097,-0.0109901,-1.35647,-0.00471239,0,0
-1.57362,-0.00293064,-0.0109901,-1.35647,0.00575959,0,0
-1.57343,-0.00879097,-0.0329666,-1.35647,0.00366519,0,0
-1.57352,-0.0146523,-0.0109901,-1.35647,0.00366519,0,0
-1.57352,-0.0146523,-0.0109901,-1.35647,0.002618,0,0
-1.57352,-0.00879097,-0.0109901,-1.35647,0.00366519,0,0
-1.57362,-0.00879097,0.0109901,-1.35647,-0.00680679,0,0
-1.57362,-0.0146523,-0.0109901,-1.35647,-0.002618,0,0
-1.57352,-0.0146523,-0.0109901,-1.35647,0.00680679,0,0
-1.57362,-0.00879097,0.0109901,-1.35647,0.00785398,0,0
-1.57352,-0.00293064,-0.0109901,-1.35647,-0.002618,0,0
-1.57352,-0.00293064,-0.0109901,-1.35647,0.000523599,0,0
-1.57343,0.00293064,-0.0329666,-1.35647,0.00680679,0,0
-1.57362,-0.00293064,0.0109901,-1.35647,0.00575959,0,0
-1.57362,-0.00293064,-0.0109901,-1.35647,0.00366519,0,0
-1.57343,-0.00879097,-0.0109901,-1.35647,0.00366519,0,0
-1.57362,-0.00293064,0.0109901,-1.35647,0.000523599,0,0
-1.57352,-0.00293064,-0.0109901,-1.35647,0.00785398,0,0
-1.57343,-0.00293064,-0.0329666,-1.35647,-0.000349066,0,0
-1.57362,0.00293064,0.0109901,-1.35647,-0.00680679,0,0
-1.57362,0.00293064,0.0109901,-1.35647,-0.0015708,0,0
-1.57362,-0.00879097,-0.0109901,-1.35647,-0.00471239,0,0
-1.57352,-0.00879097,-0.0109901,-1.35647,-0.000349066,0,0
-1.57362,-0.00293064,0.0109901,-1.35647,0.00785398,0,0
-1.57362,-0.00293064,0.0109901,-1.35647,0.002618,0,0
-1.57352,-0.00293064,-0.0329666,-1.35647,-0.00575959,0,0
-1.57352,-0.00293064,-0.0109901,-1.35647,0.0015708,0,0
-1.57362,-0.00293064,-0.0109901,-1.35647,0.00680679,0,0
-1.57362,-0.00293064,0.0109901,-1.35647,-0.00785398,0,0
-1.57343,-0.00879097,-0.0549469,-1.35647,0.0015708,0,0
-1.57352,-0.00879097,-0.0109901,-1.3563,0.0122173,0,0
-1.57343,-0.00879097,-0.0329666,-1.3563,0.00785398,0,0
-1.57352,0.00293064,-0.0109901,-1.3563,0.000523599,0,0
-1.57362,0.00293064,0.0109901,-1.3563,-0.002618,0,0
-1.57343,-0.00879097,-0.0329666,-1.35647,-0.0153589,0,0
-1.57381,-0.00879097,0.0329666,-1.35647,0.00366519,0,0
-1.57343,-0.00879097,-0.0329666,-1.3563,0.0153589,0,0
-1.57352,-0.00879097,-0.0109901,-1.3563,0.00366519,0,0
-1.57362,-0.00293064,0.0109901,-1.3563,-0.00366519,0,0
-1.57362,-0.00293064,-0.0109901,-1.3563,-0.00680679,0,0
-1.57362,-0.00879097,0.0109901,-1.3563,0.0015708,0,0
-1.57352,-0.00879097,-0.0109901,-1.3563,0.00575959,0,0
-1.57362,-0.00879097,-0.0109901,-1.3563,0.0015708,0,0
-1.57362,-0.00293064,-0.0109901,-1.3563,-0.0109956,0,0
-1.57362,-0.00879097,0.0109901,-1.3563,0.002618,0,0
-1.57343,-0.00293064,-0.0329666,-1.3563,0.00575959,0,0
-1.57362,-0.00293064,-0.0109901,-1.3563,-0.000349066,0,0
-1.57362,-0.00293064,-0.0109901,-1.3563,0.00366519,0,0
-1.57343,-0.00879097,-0.0329666,-1.3563,-0.00680679,0,0
-1.57352,-0.00879097,-0.0109901,-1.35647,-0.00890118,0,0
-1.57343,-0.00293064,-0.0329666,-1.35647,-0.00680679,0,0
-1.57362,-0.00293064,0.0109901,-1.35647,-0.00366519,0,0
-1.57362,-0.00293064,-0.0109901,-1.35647,-0.00471239,0,0
-1.57371,-0.00293064,0.0109901,-1.35647,0.0015708,0,0
-1.57352,0.00293064,-0.0109901,-1.35647,0.00907572,0,0
-1.57343,-0.00293064,-0.0329666,-1.35647,-0.00575959,0,0
-1.57352,-0.00879097,-0.0109901,-1.35647,-0.00471239,0,0
-1.57362,-0.00879097,-0.0109901,-1.35647,0.00907572,0,0
-1.57343,-0.00879097,-0.0329666,-1.3563,0.00680679,0,0
-1.57343,-0.00293064,-0.0329666,-1.35647,-0.00575959,0,0
-1.57352,0.00293064,-0.0109901,-1.35647,-0.00471239,0,0
-1.57362,0.00293064,-0.0109901,-1.35647,0.002618,0,0
-1.57352,-0.00293064,-0.0109901,-1.35647,0.0015708,0,0
-1.57362,-0.00879097,-0.0109901,-1.35647,-0.00680679,0,0
-1.57352,-0.00293064,-0.0109901,-1.35647,0.00471239,0,0
-1.57362,-0.00293064,-0.0109901,-1.35647,0.000523599,0,0
-1.57352,-0.00293064,-0.0109901,-1.35647,-0.000349066,0,0
-1.57352,-0.00879097,-0.0109901,-1.35647,0.0015708,0,0
-1.57352,-0.00879097,-0.0109901,-1.35647,-0.002618,0,0
-1.57362,-0.0146523,0.0109901,-1.35647,-0.0109956,0,0
-1.57362,-0.0146523,-0.0109901,-1.35647,-0.00575959,0,0
-1.57343,-0.00879097,-0.0329666,-1.35647,0.00575959,0,0
-1.57362,-0.00879097,-0.0109901,-1.35647,-0.00575959,0,0
-1.57343,-0.00293064,-0.0329666,-1.35647,-0.000349066,0,0
-1.57362,-0.00879097,-0.0109901,-1.35647,0.0101229,0,0
-1.57352,-0.0146523,-0.0109901,-1.35647,0.00366519,0,0
-1.57343,-0.0146523,-0.0329666,-1.35647,-0.00366519,0,0
-1.57362,-0.00879097,0.0109901,-1.35647,0.00471239,0,0
-1.57362,-0.00293064,-0.0109901,-1.35647,-0.002618,0,0
-1.57352,-0.00879097,-0.0329666,-1.35647,0.002618,0,0
-1.57362,-0.00879097,0.0109901,-1.35647,0.00680679,0,0
-1.57352,-0.00879097,-0.0329666,-1.35647,-0.00680679,0,0
-1.57362,-0.00879097,-0.0109901,-1.35647,-0.002618,0,0
-1.57362,-0.00879097,-0.0109901,-1.35647,0.00785398,0,0
-1.57362,-0.00293064,0.0109901,-1.3563,0.00785398,0,0
-1.57362,-0.00293064,0.0109901,-1.3563,-0.0015708,0,0
-1.57362,-0.00879097,-0.0109901,-1.35647,-0.00575959,0,0
-1.57362,-0.00879097,-0.0109901,-1.35647,-0.00680679,0,0
-1.57362,-0.00879097,-0.0109901,-1.3563,0.00785398,0,0
-1.57362,-0.00879097,-0.0109901,-1.3563,0.00680679,0,0
-1.57362,-0.00879097,-0.0109901,-1.3563,-0.00366519,0,0
-1.57362,-0.00879097,0.0109901,-1.3563,0.0015708,0,0
-1.57343,-0.00293064,-0.0329666,-1.35647,-0.00575959,0,0
-1.57352,0.00293064,-0.0109901,-1.3563,0.00575959,0,0
-1.57343,-0.00293064,-0.0329666,-1.3563,0.00471239,0,0
-1.57362,-0.00879097,-0.0109901,-1.3563,0.000523599,0,0
-1.57362,-0.00879097,0.0109901,-1.3563,0.0015708,0,0
-1.57352,-0.00879097,-0.0329666,-1.3563,0.00680679,0,0
-1.57343,-0.00293064,-0.0329666,-1.3563,-0.00471239,0,0
-1.57362,-0.00293064,0.0109901,-1.3563,-0.00366519,0,0
-1.57343,-0.00879097,-0.0329666,-1.3563,0.00575959,0,0
-1.57362,-0.0146523,-0.0109901,-1.3563,0.00680679,0,0
-1.57362,-0.0146523,-0.0109901,-1.3563,0.000523599,0,0
-1.57352,-0.00879097,-0.0329666,-1.3563,0.0015708,0,0
-1.57352,-0.00293064,-0.0109901,-1.3563,0.0015708,0,0
-1.57362,-0.00293064,-0.0109901,-1.3563,0.000523599,0,0
-1.57343,-0.00879097,-0.0329666,-1.3563,-0.000349066,0,0
-1.57362,-0.00879097,0.0109901,-1.3563,-0.0015708,0,0
-1.57352,-0.00879097,-0.0109901,-1.3563,-0.002618,0,0
-1.57362,-0.00879097,0.0109901,-1.3563,0.0015708,0,0
-1.57362,-0.00879097,-0.0109901,-1.3563,-0.002618,0,0
-1.57343,-0.00293064,-0.0329666,-1.3563,0.0015708,0,0
-1.57343,-0.00293064,-0.0329666,-1.3563,0.00471239,0,0
-1.57362,0.00293064,-0.0109901,-1.3563,-0.00366519,0,0
-1.57362,-0.00293064,0.0109901,-1.3563,-0.00575959,0,0
-1.57352,-0.00293064,-0.0109901,-1.3563,-0.0015708,0,0
-1.57352,-0.00293064,-0.0109901,-1.3563,0.0015708,0,0
-1.57352,-0.00293064,-0.0109901,-1.3563,-0.000349066,0,0
-1.57343,0.00293064,-0.0329666,-1.3563,0.0015708,0,0
-1.57362,-0.00293064,-0.0109901,-1.3563,-0.000349066,0,0
-1.57343,-0.00293064,-0.0329666,-1.3563,-0.000349066,0,0
-1.57343,-0.00879097,-0.0109901,-1.3563,-0.000349066,0,0
-1.57362,-0.00879097,0.0109901,-1.3563,0.002618,0,0
-1.57362,-0.00293064,0.0109901,-1.3563,0.00785398,0,0
-1.57362,-0.00293064,0.0109901,-1.3563,-0.00680679,0,0
-1.57343,-0.00879097,-0.0329666,-1.3563,-0.00785398,0,0
-1.57343,-0.00293064,-0.0329666,-1.3563,-0.000349066,0,0
-1.57352,-0.00879097,-0.0329666,-1.3563,0.00471239,0,0
-1.57362,-0.00879097,0.0109901,-1.3563,0.002618,0,0
-1.57362,-0.00879097,-0.0109901,-1.3563,-0.000349066,0,0
-1.57362,0.00293064,-0.0109901,-1.3563,-0.00575959,0,0
-1.57362,-0.00293064,0.0109901,-1.3563,0.000523599,0,0
-1.57343,-0.00293064,-0.0549469,-1.3563,0.00575959,0,0
-1.57362,-0.00879097,-0.0109901,-1.3563,0.00366519,0,0
-1.57352,-0.00879097,-0.0109901,-1.3563,-0.00680679,0,0
-1.57362,-0.00879097,-0.0109901,-1.3563,-0.000349066,0,0
-1.57343,-0.00293064,-0.0329666,-1.3563,0.00680679,0,0
-1.57362,-0.00293064,-0.0109901,-1.3563,-0.000349066,0,0
-1.57362,-0.00293064,0.0109901,-1.3563,-0.00366519,0,0
-1.57352,-0.00879097,-0.0329666,-1.3563,-0.000349066,0,0
-1.57352,-0.0146523,-0.0109901,-1.3563,-0.00366519,0,0
-1.57381,-0.0146523,0.0329666,-1.3563,-0.002618,0,0
-1.57362,-0.00879097,0.0109901,-1.3563,0.000523599,0,0
-1.57371,-0.00879097,0.0109901,-1.3563,-0.0015708,0,0
-1.57343,-0.00879097,-0.0549469,-1.3563,0.00471239,0,0
-1.57362,-0.00879097,-0.0109901,-1.3563,-0.002618,0,0
-1.57362,-0.00879097,-0.0109901,-1.3563,0.0015708,0,0
-1.57352,-0.00293064,-0.0109901,-1.3563,0.00785398,0,0
-1.57362,-0.00293064,0.0109901,-1.3563,-0.0015708,0,0
-1.57371,-0.00293064,0.0109901,-1.3563,-0.0015708,0,0
-1.57352,-0.00293064,-0.0329666,-1.3563,-0.00366519,0,0
-1.57362,-0.00879097,-0.0109901,-1.3563,0.002618,0,0
-1.57362,-0.0146523,-0.0109901,-1.3563,0.00366519,0,0
-1.57343,-0.00879097,-0.0329666,-1.3563,0.002618,0,0
-1.57362,-0.00879097,-0.0109901,-1.3563,0.000523599,0,0
-1.57343,-0.00879097,-0.0329666,-1.3563,-0.00471239,0,0
-1.57362,-0.00879097,0.0109901,-1.3563,0.0015708,0,0
-1.57352,-0.00879097,-0.0109901,-1.3563,0.00471239,0,0
-1.57352,-0.00879097,-0.0109901,-1.3563,-0.0015708,0,0
-1.57352,-0.00293064,-0.0329666,-1.3563,0.002618,0,0
-1.57352,-0.00879097,-0.0109901,-1.3563,0.0015708,0,0
-1.57362,-0.00293064,0.0109901,-1.3563,-0.00575959,0,0
-1.57362,-0.00879097,0.0109901,-1.3563,-0.000349066,0,0
-1.57352,-0.0146523,-0.0109901,-1.3563,0.00471239,0,0
-1.57343,-0.0146523,-0.0329666,-1.3563,0.000523599,0,0
-1.57362,-0.00879097,0.0109901,-1.3563,-0.000349066,0,0
-1.57352,0.00293064,-0.0109901,-1.3563,-0.002618,0,0
-1.57352,-0.00293064,-0.0329666,-1.3563,-0.0015708,0,0
-1.57362,0.00293064,0.0109901,-1.3563,-0.00366519,0,0
-1.57352,-0.00293064,-0.0109901,-1.3563,-0.00680679,0,0
-1.57362,-0.00293064,-0.0109901,-1.3563,0.002618,0,0
-1.57362,-0.00879097,0.0109901,-1.3563,0.00785398,0,0
-1.57352,-0.00293064,-0.0329666,-1.3563,0.00680679,0,0
-1.57362,-0.00293064,-0.0109901,-1.3563,0.00366519,0,0
-1.57362,-0.00293064,-0.0109901,-1.3563,-0.00366519,0,0
-1.57362,-0.00293064,0.0109901,-1.3563,-0.000349066,0,0
-1.57343,-0.00879097,-0.0329666,-1.3563,0.00471239,0,0
-1.57362,-0.0146523,-0.0109901,-1.3563,-0.002618,0,0
-1.57362,-0.00879097,-0.0109901,-1.3563,0.0015708,0,0
-1.57343,-0.00879097,-0.0329666,-1.3563,-0.0015708,0,0
-1.57362,-0.00879097,-0.0109901,-1.3563,-0.00366519,0,0
-1.57362,-0.00879097,-0.0109901,-1.3563,-0.000349066,0,0
-1.57343,-0.00293064,-0.0329666,-1.3563,-0.00785398,0,0
-1.57362,0.00293064,-0.0109901,-1.3563,-0.0015708,0,0
-1.57343,-0.00293064,-0.0329666,-1.3563,0.00471239,0,0
-1.57343,-0.00293064,-0.0329666,-1.3563,0.00575959,0,0
-1.57343,-0.00293064,-0.0329666,-1.3563,0.0015708,0,0
-1.57362,-0.00293064,0.0109901,-1.3563,-0.000349066,0,0
-1.57352,-0.00293064,-0.0109901,-1.3563,-0.00575959,0,0
-1.57362,-0.00293064,-0.0109901,-1.3563,-0.00575959,0,0
-1.57371,0.00293064,0.0329666,-1.3563,-0.00366519,0,0
-1.57362,-0.00293064,0.0109901,-1.3563,0.002618,0,0
-1.57362,-0.00879097,-0.0109901,-1.3563,-0.000349066,0,0
-1.57362,-0.00293064,-0.0109901,-1.3563,-0.00471239,0,0
-1.57362,-0.00293064,-0.0109901,-1.3563,0.000523599,0,0
-1.57362,-0.00293064,-0.0109901,-1.3563,0.00680679,0,0
-1.57362,0.00293064,-0.0109901,-1.3563,-0.0015708,0,0
-1.57362,-0.00293064,0.0109901,-1.3563,-0.00575959,0,0
-1.57352,-0.00879097,-0.0109901,-1.3563,0.00680679,0,0
-1.57352,-0.00293064,-0.0109901,-1.3563,0.00680679,0,0
-1.57352,-0.00293064,-0.0329666,-1.3563,-0.00890118,0,0
-1.57352,-0.00293064,-0.0329666,-1.3563,-0.00890118,0,0
-1.57352,0.00293064,-0.0109901,-1.3563,0.002618,0,0
-1.57362,-0.00293064,-0.0109901,-1.3563,-0.000349066,0,0
-1.57352,-0.00293064,-0.0109901,-1.3563,-0.00471239,0,0
-1.57352,-0.00879097,-0.0109901,-1.3563,-0.00471239,0,0
-1.57371,-0.00293064,0.0109901,-1.3563,0.0015708,0,0
-1.57352,-0.00879097,-0.0109901,-1.3563,0.0101229,0,0
-1.57352,-0.00293064,-0.0329666,-1.3563,0.000523599,0,0
-1.57352,-0.00293064,-0.0109901,-1.3563,0.000523599,0,0
-1.57362,-0.00879097,-0.0109901,-1.3563,-0.00471239,0,0
-1.57362,-0.00879097,0.0109901,-1.3563,0.00471239,0,0
-1.57362,-0.00879097,-0.0109901,-1.3563,0.00785398,0,0
-1.57362,-0.00293064,-0.0109901,-1.3563,-0.00471239,0,0
-1.57371,-0.00879097,0.0329666,-1.3563,-0.002618,0,0
-1.57362,-0.00293064,-0.0109901,-1.3563,0.002618,0,0
-1.57343,-0.00293064,-0.0329666,-1.3563,0.00366519,0,0
-1.57362,-0.00293064,-0.0109901,-1.3563,0.000523599,0,0
-1.57352,-0.00293064,-0.0109901,-1.3563,-0.00994838,0,0
-1.57362,-0.00293064,-0.0109901,-1.3563,0.000523599,0,0
-1.57362,0.00293064,-0.0109901,-1.3563,0.00366519,0,0
-1.57371,-0.00293064,0.0329666,-1.3563,0.00366519,0,0
-1.57352,-0.00293064,-0.0329666,-1.3563,0.00575959,0,0
-1.57362,-0.00293064,-0.0109901,-1.3563,0.0015708,0,0
-1.57343,-0.00879097,-0.0329666,-1.3563,0.0015708,0,0
-1.57343,-0.00879097,-0.0329666,-1.3563,-0.002618,0,0
-1.57362,-0.00879097,0.0109901,-1.3563,-0.00575959,0,0
-1.57343,-0.00293064,-0.0329666,-1.3563,-0.00680679,0,0
-1.57343,-0.00293064,-0.0329666,-1.3563,-0.0015708,0,0
-1.57362,-0.00293064,0.0109901,-1.3563,0.00471239,0,0
-1.57343,-0.00879097,-0.0549469,-1.3563,-0.000349066,0,0
-1.57352,-0.0146523,-0.0329666,-1.3563,-0.00994838,0,0
-1.57343,-0.00879097,-0.0109901,-1.3563,0.0015708,0,0
-1.57362,-0.00293064,0.0109901,-1.3563,-0.000349066,0,0
-1.57381,-0.00293064,0.0329666,-1.3563,0.002618,0,0
-1.57343,-0.00293064,-0.0329666,-1.3563,0.00366519,0,0
-1.57362,0.00293064,-0.0109901,-1.3563,0.00471239,0,0
-1.57371,-0.00293064,0.0329666,-1.3563,0.002618,0,0
-1.57381,-0.00879097,0.0329666,-1.3563,0.00366519,0,0
-1.57343,-0.00879097,-0.0329666,-1.3563,-0.00680679,0,0
-1.57362,-0.00293064,-0.0109901,-1.3563,-0.002618,0,0
-1.57352,-0.00879097,-0.0109901,-1.3563,-0.00575959,0,0
-1.57343,-0.00879097,-0.0329666,-1.3563,0.0015708,0,0
-1.57362,-0.00879097,-0.0109901,-1.3563,0.00907572,0,0
-1.57371,-0.0146523,0.0109901,-1.3563,0.0015708,0,0
-1.57352,-0.00879097,-0.0329666,-1.3563,-0.00575959,0,0
-1.57362,-0.00879097,0.0109901,-1.3563,-0.00366519,0,0
-1.57333,0.00293064,-0.0329666,-1.3563,0.000523599,0,0
-1.57362,-0.00293064,0.0109901,-1.3563,0.000523599,0,0
-1.57362,-0.00879097,-0.0109901,-1.3563,0.000523599,0,0
-1.57352,-0.00879097,-0.0109901,-1.3563,0.000523599,0,0
-1.57362,-0.0146523,-0.0109901,-1.3563,-0.00575959,0,0
-1.57362,-0.00879097,-0.0109901,-1.3563,-0.000349066,0,0
-1.57343,-0.00293064,-0.0329666,-1.3563,0.0132645,0,0
-1.57352,-0.00293064,-0.0109901,-1.3563,0.00575959,0,0
-1.57352,-0.00879097,-0.0109901,-1.3563,-0.00366519,0,0
-1.57362,-0.00879097,0.0109901,-1.3563,-0.002618,0,0
-1.57362,-0.00879097,0.0109901,-1.3563,0.0101229,0,0
-1.57343,-0.00879097,-0.0329666,-1.3563,-0.0015708,0,0
-1.57343,-0.00293064,-0.0329666,-1.3563,-0.00471239,0,0
-1.57371,-0.00293064,0.0329666,-1.3563,-0.002618,0,0
-1.57362,-0.00293064,-0.0109901,-1.3563,-0.00575959,0,0
-1.57343,-0.00879097,-0.0329666,-1.3563,-0.000349066,0,0
-1.57343,-0.00879097,-0.0109901,-1.3563,0.000523599,0,0
-1.57343,-0.00879097,-0.0329666,-1.3563,-0.0109956,0,0
-1.57362,-0.00879097,0.0109901,-1.3563,-0.00366519,0,0
-1.57362,-0.00879097,-0.0109901,-1.3563,0.00471239,0,0
-1.57362,-0.0146523,0.0109901,-1.3563,0.0015708,0,0
-1.57352,-0.0146523,-0.0109901,-1.3563,0.00575959,0,0
-1.57362,-0.00879097,0.0109901,-1.3563,0.000523599,0,0
-1.57362,-0.00879097,-0.0109901,-1.3563,-0.002618,0,0
-1.57362,-0.00293064,-0.0109901,-1.3563,0.00366519,0,0
-1.57362,-0.00293064,-0.0109901,-1.3563,0.002618,0,0
-1.57362,-0.00879097,0.0109901,-1.3563,-0.00471239,0,0
-1.57343,-0.00879097,-0.0329666,-1.3563,0.0015708,0,0
-1.57362,-0.00293064,0.0109901,-1.3563,-0.00785398,0,0
-1.57352,-0.00293064,-0.0109901,-1.3563,-0.0015708,0,0
-1.57343,-0.00293064,-0.0329666,-1.3563,0.00575959,0,0
-1.57362,-0.00293064,0.0109901,-1.3563,0.000523599,0,0
-1.57362,-0.00879097,-0.0109901,-1.3563,-0.000349066,0,0
-1.57352,-0.00879097,-0.0109901,-1.3563,-0.00471239,0,0
-1.57352,-0.00879097,-0.0109901,-1.3563,-0.00575959,0,0
-1.57362,-0.00293064,-0.0109901,-1.3563,-0.00680679,0,0
-1.57352,-0.00293064,-0.0109901,-1.3563,0.000523599,0,0
-1.57362,-0.00293064,-0.0109901,-1.3563,0.000523599,0,0
-1.57352,-0.00879097,-0.0109901,-1.3563,0.0015708,0,0
-1.57371,-0.00293064,0.0109901,-1.3563,0.0015708,0,0
-1.57333,-0.00879097,-0.0549469,-1.3563,-0.000349066,0,0
-1.57362,-0.0146523,0.0109901,-1.3563,0.00366519,0,0
-1.57362,-0.00879097,-0.0109901,-1.3563,0.00680679,0,0
-1.57362,-0.00293064,-0.0109901,-1.3563,-0.0015708,0,0
-1.57352,-0.00293064,-0.0329666,-1.3563,-0.00366519,0,0
-1.57352,-0.00879097,-0.0329666,-1.3563,0.0101229,0,0
-1.57362,-0.00293064,-0.0109901,-1.3563,-0.00680679,0,0
-1.57381,-0.00879097,0.0329666,-1.3563,-0.00994838,0,0
-1.57362,-0.00879097,-0.0109901,-1.3563,-0.00575959,0,0
-1.57352,-0.00293064,-0.0329666,-1.3563,0.000523599,0,0
-1.57343,-0.00293064,-0.0329666,-1.3563,0.000523599,0,0
-1.57371,-0.00879097,0.0109901,-1.3563,-0.00366519,0,0
-1.57343,-0.00879097,-0.0549469,-1.3563,-0.0015708,0,0
-1.57362,-0.0146523,-0.0109901,-1.3563,0.00575959,0,0
-1.57352,-0.00879097,-0.0109901,-1.3563,-0.00366519,0,0
-1.57343,0.00293064,-0.0109901,-1.3563,-0.00680679,0,0
-1.57362,0.00293064,-0.0329666,-1.3563,-0.002618,0,0
-1.57362,0.00879097,-0.0109901,-1.3563,0.00366519,0,0
-1.57343,0.00879097,-0.0329666,-1.3563,-0.002618,0,0
-1.57352,-0.00293064,-0.0109901,-1.3563,-0.00471239,0,0
-1.57362,-0.00293064,0.0109901,-1.3563,0.00680679,0,0
-1.57362,-0.00293064,-0.0109901,-1.3563,-0.002618,0,0
-1.57352,0.00293064,-0.0109901,-1.3563,0.0015708,0,0
-1.57362,0.00293064,0.0109901,-1.3563,0.00680679,0,0
-1.57352,-0.00879097,0.0109901,-1.3563,-0.002618,0,0
-1.57362,-0.00879097,-0.0109901,-1.3563,-0.00471239,0,0
-1.57362,-0.00879097,0.0109901,-1.3563,-0.00575959,0,0
-1.57352,-0.00293064,-0.0329666,-1.3563,0.00575959,0,0
-1.57362,-0.00293064,-0.0109901,-1.3563,-0.0015708,0,0
-1.57343,0.00293064,-0.0329666,-1.3563,0.0015708,0,0
-1.57362,-0.00293064,-0.0109901,-1.3563,0.00366519,0,0
-1.57371,-0.00293064,0.0109901,-1.3563,-0.00680679,0,0
-1.57352,-0.00879097,-0.0329666,-1.3563,-0.00785398,0,0
-1.57362,-0.00879097,-0.0109901,-1.3563,0.0015708,0,0
-1.57343,-0.00879097,-0.0329666,-1.3563,0.00680679,0,0
-1.57352,-0.00293064,-0.0109901,-1.3563,0.00785398,0,0
-1.57362,-0.00879097,0.0109901,-1.3563,-0.00785398,0,0
-1.57343,-0.00879097,-0.0329666,-1.3563,-0.000349066,0,0
-1.57362,-0.00879097,0.0109901,-1.3563,0.00366519,0,0
-1.57352,-0.00879097,-0.0109901,-1.3563,-0.0015708,0,0
-1.57362,-0.00879097,0.0109901,-1.3563,-0.00366519,0,0
-1.57362,-0.00293064,-0.0109901,-1.3563,0.00785398,0,0
-1.57343,-0.00293064,-0.0329666,-1.3563,0.0132645,0,0
-1.57352,-0.00293064,-0.0109901,-1.3563,0.0015708,0,0
-1.57343,-0.00293064,-0.0109901,-1.3563,-0.002618,0,0
-1.57362,-0.00293064,0.0109901,-1.3563,-0.000349066,0,0
-1.57362,-0.00293064,0.0109901,-1.3563,-0.00785398,0,0
-1.57362,-0.00879097,0.0109901,-1.3563,-0.00366519,0,0
-1.57362,-0.0146523,-0.0109901,-1.3563,0.00575959,0,0
-1.57343,-0.00879097,-0.0329666,-1.3563,0.00575959,0,0
-1.57362,-0.00879097,0.0109901,-1.3563,-0.00575959,0,0
-1.57352,-0.00879097,-0.0109901,-1.3563,0.0015708,0,0
-1.57362,-0.00879097,-0.0109901,-1.3563,-0.0015708,0,0
-1.57362,-0.00293064,0.0109901,-1.3563,-0.00366519,0,0
-1.57352,-0.00879097,-0.0109901,-1.3563,-0.0015708,0,0
-1.57362,-0.0146523,-0.0109901,-1.3563,0.00471239,0,0
-1.57362,-0.0146523,-0.0109901,-1.3563,0.002618,0,0
-1.57362,-0.00879097,0.0109901,-1.3563,-0.00366519,0,0
-1.57352,-0.00293064,-0.0109901,-1.3563,0.00575959,0,0
-1.57362,0.00293064,-0.0109901,-1.3563,0.0015708,0,0
-1.57343,-0.00293064,-0.0109901,-1.3563,-0.00366519,0,0
-1.57352,-0.00879097,-0.0109901,-1.3563,0.0015708,0,0
-1.57362,-0.00879097,0.0109901,-1.3563,0.00575959,0,0
-1.57362,-0.00879097,-0.0109901,-1.3563,0.0101229,0,0
-1.57362,-0.00293064,-0.0109901,-1.3563,-0.00575959,0,0
-1.57362,0.00293064,-0.0109901,-1.3563,-0.00785398,0,0
-1.57352,-0.00293064,-0.0109901,-1.3563,0.000523599,0,0
-1.57362,-0.00293064,-0.0109901,-1.3563,0.002618,0,0
-1.57362,-0.00293064,-0.0109901,-1.3563,0.00366519,0,0
-1.57343,-0.00293064,-0.0329666,-1.3563,-0.00471239,0,0
-1.57362,-0.00879097,-0.0109901,-1.3563,0.00366519,0,0
-1.57343,-0.0146523,-0.0329666,-1.3563,-0.00575959,0,0
-1.57343,-0.00879097,-0.0109901,-1.3563,-0.002618,0,0
-1.57343,-0.00879097,-0.0329666,-1.3563,-0.00785398,0,0
-1.57362,-0.00879097,0.0109901,-1.3563,-0.00471239,0,0
-1.57362,-0.00293064,-0.0109901,-1.3563,0.00471239,0,0
-1.57362,-0.00293064,-0.0109901,-1.3563,0.00471239,0,0
-1.57371,-0.00293064,0.0109901,-1.3563,0.0015708,0,0
-1.57362,-0.00879097,-0.0109901,-1.3563,-0.00471239,0,0
-1.57362,-0.00879097,-0.0109901,-1.3563,-0.00994838,0,0
-1.57352,-0.00293064,-0.0109901,-1.3563,-0.00366519,0,0
-1.57362,-0.00293064,0.0109901,-1.3563,0.0153589,0,0
-1.57343,-0.00293064,-0.0329666,-1.3563,0.0143117,0,0
-1.57362,-0.00293064,-0.0109901,-1.3563,-0.00890118,0,0
-1.57352,0.00293064,-0.0109901,-1.3563,-0.00366519,0,0
-1.57352,-0.00293064,-0.0109901,-1.3563,0.00785398,0,0
-1.57362,-0.00879097,-0.0109901,-1.3563,0.002618,0,0
-1.57352,-0.00879097,-0.0109901,-1.3563,-0.000349066,0,0
-1.57362,-0.00879097,-0.0109901,-1.3563,-0.00366519,0,0
-1.57352,-0.00293064,-0.0109901,-1.3563,-0.002618,0,0
-1.57352,0.00293064,-0.0109901,-1.3563,-0.000349066,0,0
-1.57352,0.00293064,-0.0109901,-1.3563,0.00471239,0,0
-1.57362,0.00293064,0.0109901,-1.3563,-0.000349066,0,0
-1.57362,-0.00293064,-0.0109901,-1.3563,0.002618,0,0
-1.57362,-0.00879097,-0.0109901,-1.3563,-0.00366519,0,0
-1.57362,-0.00879097,0.0109901,-1.3563,-0.00575959,0,0
-1.57362,-0.00293064,-0.0109901,-1.3563,-0.002618,0,0
-1.57343,-0.00293064,-0.0329666,-1.3563,-0.0015708,0,0
-1.57362,-0.00293064,-0.0109901,-1.3563,-0.00785398,0,0
-1.57371,-0.00293064,0.0109901,-1.3563,0.00471239,0,0
-1.57352,-0.00293064,-0.0329666,-1.3563,0.00471239,0,0
-1.57352,-0.00879097,-0.0329666,-1.3563,-0.00680679,0,0
-1.57362,-0.00879097,0.0109901,-1.3563,0.0015708,0,0
-1.57362,-0.00879097,-0.0109901,-1.3563,0.00907572,0,0
-1.57362,-0.00293064,0.0109901,-1.3563,-0.00575959,0,0
-1.57362,-0.00293064,0.0109901,-1.3563,-0.00994838,0,0
-1.57362,-0.00293064,0.0109901,-1.3563,-0.00366519,0,0
-1.57352,-0.00293064,-0.0329666,-1.3563,0.0111701,0,0
-1.57343,-0.00293064,-0.0329666,-1.3563,0.00907572,0,0
-1.57343,-0.00879097,-0.0329666,-1.3563,-0.00575959,0,0
-1.57352,-0.00879097,-0.0109901,-1.3563,0.00366519,0,0
-1.57343,-0.00879097,-0.0329666,-1.3563,0.0015708,0,0
-1.57362,-0.00293064,-0.0109901,-1.3563,-0.002618,0,0
-1.57362,-0.00879097,-0.0329666,-1.3563,0.002618,0,0
-1.57352,-0.00879097,-0.0109901,-1.3563,0.00471239,0,0
-1.57343,-0.00293064,-0.0109901,-1.3563,-0.0015708,0,0
-1.57352,0.00293064,-0.0109901,-1.3563,-0.000349066,0,0
-1.57362,-0.00293064,0.0109901,-1.3563,0.0015708,0,0
-1.57362,-0.00293064,-0.0109901,-1.3563,-0.00575959,0,0
-1.57352,-0.00293064,-0.0329666,-1.3563,0.0015708,0,0
-1.57362,-0.00293064,0.0109901,-1.3563,0.00785398,0,0
-1.57362,-0.00293064,-0.0109901,-1.3563,0.0015708,0,0
-1.57352,-0.00293064,-0.0109901,-1.3563,-0.00366519,0,0
-1.57371,-0.00293064,0.0109901,-1.3563,-0.00366519,0,0
-1.57352,-0.00879097,-0.0329666,-1.3563,0.00575959,0,0
-1.57362,-0.00879097,-0.0109901,-1.3563,0.000523599,0,0
-1.57343,-0.0146523,-0.0329666,-1.3563,-0.0015708,0,0
-1.57362,-0.0146523,-0.0109901,-1.3563,-0.0015708,0,0
-1.57362,-0.00879097,0.0109901,-1.3563,0.002618,0,0
-1.57352,-0.00879097,-0.0109901,-1.3563,-0.000349066,0,0
-1.57362,-0.00293064,-0.0109901,-1.3563,0.00575959,0,0
-1.57362,-0.00293064,0.0109901,-1.3563,0.00471239,0,0
-1.57371,-0.00293064,0.0109901,-1.3563,0.00471239,0,0
-1.57362,-0.00293064,0.0109901,-1.3563,0.000523599,0,0
-1.57343,-0.00293064,-0.0329666,-1.3563,-0.002618,0,0
-1.57362,-0.00293064,-0.0109901,-1.3563,-0.00366519,0,0
-1.57362,-0.00293064,-0.0109901,-1.3563,-0.000349066,0,0
-1.57352,-0.00293064,-0.0329666,-1.3563,0.0015708,0,0
-1.57362,-0.00293064,-0.0109901,-1.3563,0.002618,0,0
-1.57343,-0.00293064,-0.0329666,-1.3563,0.00471239,0,0
-1.57362,-0.00293064,-0.0109901,-1.3563,0.00680679,0,0
-1.57352,-0.00293064,-0.0109901,-1.3563,0.00366519,0,0
-1.57352,-0.00293064,-0.0109901,-1.3563,0.00907572,0,0
-1.57362,-0.00293064,0.0109901,-1.3563,0.002618,0,0
-1.57362,-0.00879097,-0.0109901,-1.3563,-0.00471239,0,0
-1.57352,-0.00879097,-0.0109901,-1.3563,-0.00471239,0,0
-1.57362,-0.00879097,-0.0109901,-1.3563,-0.00575959,0,0
-1.57371,-0.00293064,0.0109901,-1.3563,-0.000349066,0,0
-1.57362,0.00293064,-0.0109901,-1.3563,0.00680679,0,0
-1.57362,0.00293064,0.0109901,-1.3563,0.00680679,0,0
-1.57362,0.00293064,0.0109901,-1.3563,0.0015708,0,0
-1.57362,-0.00879097,-0.0109901,-1.3563,0.000523599,0,0
-1.57362,-0.0146523,-0.0329666,-1.3563,-0.00575959,0,0
-1.57362,-0.00879097,-0.0109901,-1.3563,-0.0015708,0,0
-1.57362,0.00293064,0.0109901,-1.3563,-0.000349066,0,0
-1.57352,-0.00293064,-0.0329666,-1.3563,0.000523599,0,0
-1.57352,0.00293064,-0.0329666,-1.3563,0.00366519,0,0
-1.57362,0.00879097,-0.0109901,-1.3563,-0.00471239,0,0
-1.57352,0.00879097,-0.0329666,-1.3563,-0.00785398,0,0
-1.57352,0.00293064,-0.0109901,-1.3563,-0.00575959,0,0
-1.57362,-0.00293064,-0.0109901,-1.3563,-0.00575959,0,0
-1.57343,0.00293064,-0.0329666,-1.3563,0.0122173,0,0
-1.57352,-0.00293064,-0.0109901,-1.3563,0.0015708,0,0
-1.57362,0.00293064,0.0109901,-1.3563,-0.00890118,0,0
-1.57362,-0.00293064,-0.0109901,-1.3563,0.00907572,0,0
-1.57343,0.00293064,-0.0329666,-1.3563,-0.0015708,0,0
-1.57362,0.00293064,-0.0109901,-1.3563,-0.00471239,0,0
-1.57352,-0.00293064,-0.0109901,-1.3563,-0.000349066,0,0
-1.57362,-0.00879097,-0.0109901,-1.3563,-0.002618,0,0
-1.57362,-0.00879097,0.0109901,-1.3563,-0.00575959,0,0
-1.57362,-0.00879097,-0.0109901,-1.3563,-0.00471239,0,0
-1.57362,-0.00879097,-0.0109901,-1.3563,-0.00575959,0,0
